{"level":"info","message":"✅ السيرفر يعمل على http://localhost:3000"}
{"level":"info","message":"🎵 مجلد الصوت: G:\\موقعى مضمون - Copy\\all-mine-webhook 3 - Copy\\minecraft_backend\\audio"}
{"level":"info","message":"🖼️ مجلد الصور: G:\\موقعى مضمون - Copy\\all-mine-webhook 3 - Copy\\minecraft_backend\\public\\images"}
{"level":"info","message":"📺 مجلد الشاشات: G:\\موقعى مضمون - Copy\\all-mine-webhook 3 - Copy\\minecraft_backend\\screens"}
{"level":"info","message":"🎬 مجلد الفيديو: G:\\موقعى مضمون - Copy\\all-mine-webhook 3 - Copy\\minecraft_backend\\videos"}
{"level":"info","message":"✅ متصل بـ MongoDB"}
{"level":"info","message":"ℹ️ تم إزالة حقل username من المستندات"}
{"level":"info","message":"✅ تم التأكد من وجود فهرس فريد على email"}
{"level":"info","message":"♻️ currentProfile loaded:"}
{"level":"error","message":"❌ خطأ في جلب بيانات صاحب البث:"}
{"level":"info","message":"✅ تم مزامنة 1502 ملف صوتي مع MongoDB"}
{"level":"info","message":"ℹ️ لم يتم العثور على gifts.json، سيتم إنشاء الهدايا لاحقاً عبر API"}
{"level":"error","message":"❌ خطأ في تحديث الكاش:"}
{"level":"warn","message":"⚠️ خطأ أثناء التهيئة:"}
{"level":"error","message":"❌ خطأ في جلب بيانات صاحب البث:"}
{"level":"error","message":"❌ خطأ في جلب بيانات صاحب البث:"}
{"level":"error","message":"❌ خطأ في جلب بيانات صاحب البث:"}
{"level":"error","message":"❌ خطأ في جلب بيانات صاحب البث:"}
{"level":"error","message":"❌ خطأ في جلب بيانات صاحب البث:"}
{"level":"error","message":"❌ خطأ في جلب بيانات صاحب البث:"}
{"level":"error","message":"❌ خطأ في جلب بيانات صاحب البث:"}
{"level":"error","message":"❌ خطأ في جلب بيانات صاحب البث:"}
{"level":"error","message":"❌ خطأ في جلب بيانات صاحب البث:"}
{"level":"error","message":"❌ خطأ في جلب بيانات صاحب البث:"}
{"level":"error","message":"❌ خطأ في جلب بيانات صاحب البث:"}
{"level":"error","message":"❌ خطأ في جلب بيانات صاحب البث:"}
{"level":"error","message":"❌ خطأ في جلب بيانات صاحب البث:"}
{"level":"error","message":"❌ خطأ في جلب بيانات صاحب البث:"}
{"level":"error","message":"❌ خطأ في جلب بيانات صاحب البث:"}
{"level":"error","message":"❌ خطأ في جلب بيانات صاحب البث:"}
{"level":"error","message":"❌ خطأ في جلب بيانات صاحب البث:"}
{"level":"error","message":"❌ خطأ في جلب بيانات صاحب البث:"}
{"level":"error","message":"❌ خطأ في جلب بيانات صاحب البث:"}
{"level":"error","message":"❌ خطأ في جلب بيانات صاحب البث:"}
{"level":"error","message":"❌ خطأ في جلب بيانات صاحب البث:"}
{"level":"error","message":"❌ خطأ في جلب بيانات صاحب البث:"}
{"level":"error","message":"❌ خطأ في جلب بيانات صاحب البث:"}
{"level":"error","message":"❌ خطأ في جلب بيانات صاحب البث:"}
{"level":"error","message":"❌ خطأ في جلب بيانات صاحب البث:"}
{"level":"error","message":"❌ خطأ في جلب بيانات صاحب البث:"}
{"level":"error","message":"❌ خطأ في جلب بيانات صاحب البث:"}
{"level":"error","message":"❌ خطأ في جلب بيانات صاحب البث:"}
{"level":"error","message":"❌ خطأ في جلب بيانات صاحب البث:"}
{"level":"error","message":"❌ خطأ في جلب بيانات صاحب البث:"}
{"level":"error","message":"❌ خطأ في جلب بيانات صاحب البث:"}
{"level":"error","message":"❌ خطأ في جلب بيانات صاحب البث:"}
{"level":"error","message":"❌ خطأ في جلب بيانات صاحب البث:"}
{"level":"error","message":"❌ خطأ في جلب بيانات صاحب البث:"}
{"level":"error","message":"❌ خطأ في جلب بيانات صاحب البث:"}
{"level":"error","message":"❌ خطأ في جلب بيانات صاحب البث:"}
{"level":"error","message":"❌ خطأ في جلب بيانات صاحب البث:"}
{"level":"error","message":"❌ خطأ في جلب بيانات صاحب البث:"}
{"level":"error","message":"❌ خطأ في جلب بيانات صاحب البث:"}
{"level":"error","message":"❌ خطأ في جلب بيانات صاحب البث:"}
{"level":"error","message":"❌ خطأ في جلب بيانات صاحب البث:"}
{"level":"error","message":"❌ خطأ في جلب بيانات صاحب البث:"}
{"level":"error","message":"❌ خطأ في جلب بيانات صاحب البث:"}
{"level":"error","message":"❌ خطأ في جلب بيانات صاحب البث:"}
{"level":"error","message":"❌ خطأ في جلب بيانات صاحب البث:"}
{"level":"error","message":"❌ خطأ في جلب بيانات صاحب البث:"}
{"level":"error","message":"❌ خطأ في جلب بيانات صاحب البث:"}
{"level":"error","message":"❌ خطأ في جلب بيانات صاحب البث:"}
{"level":"error","message":"❌ خطأ في جلب بيانات صاحب البث:"}
{"level":"error","message":"❌ خطأ في جلب بيانات صاحب البث:"}
{"level":"error","message":"❌ خطأ في جلب بيانات صاحب البث:"}
{"level":"error","message":"❌ خطأ في جلب بيانات صاحب البث:"}
{"level":"error","message":"❌ خطأ في جلب بيانات صاحب البث:"}
{"level":"error","message":"❌ خطأ في جلب بيانات صاحب البث:"}
{"level":"error","message":"❌ خطأ في جلب بيانات صاحب البث:"}
{"level":"error","message":"❌ خطأ في جلب بيانات صاحب البث:"}
{"level":"error","message":"❌ خطأ في جلب بيانات صاحب البث:"}
{"level":"error","message":"❌ خطأ في جلب بيانات صاحب البث:"}
{"level":"error","message":"❌ خطأ في جلب بيانات صاحب البث:"}
{"level":"error","message":"❌ خطأ في جلب بيانات صاحب البث:"}
{"level":"error","message":"❌ خطأ في جلب بيانات صاحب البث:"}
{"level":"error","message":"❌ خطأ في جلب بيانات صاحب البث:"}
{"level":"error","message":"❌ خطأ في جلب بيانات صاحب البث:"}
{"level":"error","message":"❌ خطأ في جلب بيانات صاحب البث:"}
{"level":"error","message":"❌ خطأ في جلب بيانات صاحب البث:"}
{"level":"error","message":"❌ خطأ في جلب بيانات صاحب البث:"}
{"level":"error","message":"❌ خطأ في جلب بيانات صاحب البث:"}
{"level":"error","message":"❌ خطأ في جلب بيانات صاحب البث:"}
{"level":"error","message":"❌ خطأ في جلب بيانات صاحب البث:"}
{"level":"error","message":"❌ خطأ في جلب بيانات صاحب البث:"}
{"level":"error","message":"❌ خطأ في جلب بيانات صاحب البث:"}
{"level":"error","message":"❌ خطأ في جلب بيانات صاحب البث:"}
{"level":"error","message":"❌ خطأ في جلب بيانات صاحب البث:"}
{"level":"error","message":"❌ خطأ في جلب بيانات صاحب البث:"}
{"level":"error","message":"❌ خطأ في جلب بيانات صاحب البث:"}
{"level":"error","message":"❌ خطأ في جلب بيانات صاحب البث:"}
{"level":"error","message":"❌ خطأ في جلب بيانات صاحب البث:"}
{"level":"error","message":"❌ خطأ في جلب بيانات صاحب البث:"}
{"level":"error","message":"❌ خطأ في جلب بيانات صاحب البث:"}
{"level":"error","message":"❌ خطأ في جلب بيانات صاحب البث:"}
{"level":"error","message":"❌ خطأ في جلب بيانات صاحب البث:"}
{"level":"error","message":"❌ خطأ في جلب بيانات صاحب البث:"}
{"level":"error","message":"❌ خطأ في جلب بيانات صاحب البث:"}
{"level":"error","message":"❌ خطأ في جلب بيانات صاحب البث:"}
{"level":"error","message":"❌ خطأ في جلب بيانات صاحب البث:"}
{"level":"error","message":"❌ خطأ في جلب بيانات صاحب البث:"}
{"level":"error","message":"❌ خطأ في جلب بيانات صاحب البث:"}
{"level":"error","message":"❌ خطأ في جلب بيانات صاحب البث:"}
{"level":"error","message":"❌ خطأ في جلب بيانات صاحب البث:"}
{"level":"error","message":"❌ خطأ في جلب بيانات صاحب البث:"}
{"level":"error","message":"❌ خطأ في جلب بيانات صاحب البث:"}
{"level":"error","message":"❌ خطأ في جلب بيانات صاحب البث:"}
{"level":"error","message":"❌ خطأ في جلب بيانات صاحب البث:"}
{"level":"error","message":"❌ خطأ في جلب بيانات صاحب البث:"}
{"level":"error","message":"❌ خطأ في جلب بيانات صاحب البث:"}
{"level":"error","message":"❌ خطأ في جلب بيانات صاحب البث:"}
{"level":"error","message":"❌ خطأ في جلب بيانات صاحب البث:"}
{"level":"error","message":"❌ خطأ في جلب بيانات صاحب البث:"}
{"level":"error","message":"❌ خطأ في جلب بيانات صاحب البث:"}
{"level":"error","message":"❌ خطأ في جلب بيانات صاحب البث:"}
{"level":"error","message":"❌ خطأ في جلب بيانات صاحب البث:"}
{"level":"error","message":"❌ خطأ في جلب بيانات صاحب البث:"}
{"level":"error","message":"❌ خطأ في جلب بيانات صاحب البث:"}
{"level":"error","message":"❌ خطأ في جلب بيانات صاحب البث:"}
{"level":"error","message":"❌ خطأ في جلب بيانات صاحب البث:"}
{"level":"error","message":"❌ خطأ في جلب بيانات صاحب البث:"}
{"level":"error","message":"❌ خطأ في جلب بيانات صاحب البث:"}
{"level":"error","message":"❌ خطأ في جلب بيانات صاحب البث:"}
{"level":"error","message":"❌ خطأ في جلب بيانات صاحب البث:"}
{"level":"error","message":"❌ خطأ في جلب بيانات صاحب البث:"}
{"level":"error","message":"❌ خطأ في جلب بيانات صاحب البث:"}
{"level":"error","message":"❌ خطأ في جلب بيانات صاحب البث:"}
{"level":"error","message":"❌ خطأ في جلب بيانات صاحب البث:"}
{"level":"error","message":"❌ خطأ في جلب بيانات صاحب البث:"}
{"level":"error","message":"❌ خطأ في جلب بيانات صاحب البث:"}
{"level":"error","message":"❌ خطأ في جلب بيانات صاحب البث:"}
{"level":"error","message":"❌ خطأ في جلب بيانات صاحب البث:"}
{"level":"error","message":"❌ خطأ في جلب بيانات صاحب البث:"}
{"level":"error","message":"❌ خطأ في جلب بيانات صاحب البث:"}
{"level":"error","message":"❌ خطأ في جلب بيانات صاحب البث:"}
{"level":"error","message":"❌ خطأ في جلب بيانات صاحب البث:"}
{"level":"error","message":"❌ خطأ في جلب بيانات صاحب البث:"}
{"level":"error","message":"❌ خطأ في جلب بيانات صاحب البث:"}
{"level":"error","message":"❌ خطأ في جلب بيانات صاحب البث:"}
{"level":"error","message":"❌ خطأ في جلب بيانات صاحب البث:"}
{"level":"error","message":"❌ خطأ في جلب بيانات صاحب البث:"}
{"level":"error","message":"❌ خطأ في جلب بيانات صاحب البث:"}
{"level":"error","message":"❌ خطأ في جلب بيانات صاحب البث:"}
{"level":"error","message":"❌ خطأ في جلب بيانات صاحب البث:"}
{"level":"error","message":"❌ خطأ في جلب بيانات صاحب البث:"}
{"level":"error","message":"❌ خطأ في جلب بيانات صاحب البث:"}
{"level":"error","message":"❌ خطأ في جلب بيانات صاحب البث:"}
{"level":"error","message":"❌ خطأ في جلب بيانات صاحب البث:"}
{"level":"error","message":"❌ خطأ في جلب بيانات صاحب البث:"}
{"level":"error","message":"❌ خطأ في جلب بيانات صاحب البث:"}
{"level":"error","message":"❌ خطأ في جلب بيانات صاحب البث:"}
{"level":"error","message":"❌ خطأ في جلب بيانات صاحب البث:"}
{"level":"error","message":"❌ خطأ في جلب بيانات صاحب البث:"}
{"level":"error","message":"❌ خطأ في جلب بيانات صاحب البث:"}
{"level":"error","message":"❌ خطأ في جلب بيانات صاحب البث:"}
{"level":"error","message":"❌ خطأ في جلب بيانات صاحب البث:"}
{"level":"error","message":"❌ خطأ في جلب بيانات صاحب البث:"}
{"level":"error","message":"❌ خطأ في جلب بيانات صاحب البث:"}
{"level":"error","message":"❌ خطأ في جلب بيانات صاحب البث:"}
{"level":"error","message":"❌ خطأ في جلب بيانات صاحب البث:"}
{"level":"error","message":"❌ خطأ في جلب بيانات صاحب البث:"}
{"level":"error","message":"❌ خطأ في جلب بيانات صاحب البث:"}
{"level":"error","message":"❌ خطأ في جلب بيانات صاحب البث:"}
{"level":"error","message":"❌ خطأ في جلب بيانات صاحب البث:"}
{"level":"error","message":"❌ خطأ في جلب بيانات صاحب البث:"}
{"level":"error","message":"❌ خطأ في جلب بيانات صاحب البث:"}
{"level":"error","message":"❌ خطأ في جلب بيانات صاحب البث:"}
{"level":"error","message":"❌ خطأ في جلب بيانات صاحب البث:"}
{"level":"error","message":"❌ خطأ في جلب بيانات صاحب البث:"}
{"level":"error","message":"❌ خطأ في جلب بيانات صاحب البث:"}
{"level":"error","message":"❌ خطأ في جلب بيانات صاحب البث:"}
{"level":"error","message":"❌ خطأ في جلب بيانات صاحب البث:"}
{"level":"error","message":"❌ خطأ في جلب بيانات صاحب البث:"}
{"level":"error","message":"❌ خطأ في جلب بيانات صاحب البث:"}
{"level":"error","message":"❌ خطأ في جلب بيانات صاحب البث:"}
{"level":"error","message":"❌ خطأ في جلب بيانات صاحب البث:"}
{"level":"error","message":"❌ خطأ في جلب بيانات صاحب البث:"}
{"level":"error","message":"❌ خطأ في جلب بيانات صاحب البث:"}
{"level":"error","message":"❌ خطأ في جلب بيانات صاحب البث:"}
{"level":"error","message":"❌ خطأ في جلب بيانات صاحب البث:"}
{"level":"error","message":"❌ خطأ في جلب بيانات صاحب البث:"}
{"level":"error","message":"❌ خطأ في جلب بيانات صاحب البث:"}
{"level":"error","message":"❌ خطأ في جلب بيانات صاحب البث:"}
{"level":"error","message":"❌ خطأ في جلب بيانات صاحب البث:"}
{"level":"error","message":"❌ خطأ في جلب بيانات صاحب البث:"}
{"level":"error","message":"❌ خطأ في جلب بيانات صاحب البث:"}
{"level":"error","message":"❌ خطأ في جلب بيانات صاحب البث:"}
{"level":"error","message":"❌ خطأ في جلب بيانات صاحب البث:"}
{"level":"error","message":"❌ خطأ في جلب بيانات صاحب البث:"}
{"level":"error","message":"❌ خطأ في جلب بيانات صاحب البث:"}
{"level":"error","message":"❌ خطأ في جلب بيانات صاحب البث:"}
{"level":"error","message":"❌ خطأ في جلب بيانات صاحب البث:"}
{"level":"error","message":"❌ خطأ في جلب بيانات صاحب البث:"}
{"level":"error","message":"❌ خطأ في جلب بيانات صاحب البث:"}
{"level":"error","message":"❌ خطأ في جلب بيانات صاحب البث:"}
{"level":"error","message":"❌ خطأ في جلب بيانات صاحب البث:"}
{"level":"error","message":"❌ خطأ في جلب بيانات صاحب البث:"}
{"level":"error","message":"❌ خطأ في جلب بيانات صاحب البث:"}
{"level":"error","message":"❌ خطأ في جلب بيانات صاحب البث:"}
{"level":"error","message":"❌ خطأ في جلب بيانات صاحب البث:"}
{"level":"error","message":"❌ خطأ في جلب بيانات صاحب البث:"}
{"level":"error","message":"❌ خطأ في جلب بيانات صاحب البث:"}
{"level":"error","message":"❌ خطأ في جلب بيانات صاحب البث:"}
{"level":"error","message":"❌ خطأ في جلب بيانات صاحب البث:"}
{"level":"error","message":"❌ خطأ في جلب بيانات صاحب البث:"}
{"level":"error","message":"❌ خطأ في جلب بيانات صاحب البث:"}
{"level":"error","message":"❌ خطأ في جلب بيانات صاحب البث:"}
{"level":"error","message":"❌ خطأ في جلب بيانات صاحب البث:"}
{"level":"error","message":"❌ خطأ في جلب بيانات صاحب البث:"}
{"level":"error","message":"❌ خطأ في جلب بيانات صاحب البث:"}
{"level":"error","message":"❌ خطأ في جلب بيانات صاحب البث:"}
{"level":"error","message":"❌ خطأ في جلب بيانات صاحب البث:"}
{"level":"error","message":"❌ خطأ في جلب بيانات صاحب البث:"}
{"level":"error","message":"❌ خطأ في جلب بيانات صاحب البث:"}
{"level":"error","message":"❌ خطأ في جلب بيانات صاحب البث:"}
{"level":"error","message":"❌ خطأ في جلب بيانات صاحب البث:"}
{"level":"error","message":"❌ خطأ في جلب بيانات صاحب البث:"}
{"level":"error","message":"❌ خطأ في جلب بيانات صاحب البث:"}
{"level":"error","message":"❌ خطأ في جلب بيانات صاحب البث:"}
{"level":"error","message":"❌ خطأ في جلب بيانات صاحب البث:"}
{"level":"error","message":"❌ خطأ في جلب بيانات صاحب البث:"}
{"level":"error","message":"❌ خطأ في جلب بيانات صاحب البث:"}
{"level":"error","message":"❌ خطأ في جلب بيانات صاحب البث:"}
{"level":"error","message":"❌ خطأ في جلب بيانات صاحب البث:"}
{"level":"error","message":"❌ خطأ في جلب بيانات صاحب البث:"}
{"level":"error","message":"❌ خطأ في جلب بيانات صاحب البث:"}
{"level":"error","message":"❌ خطأ في جلب بيانات صاحب البث:"}
{"level":"error","message":"❌ خطأ في جلب بيانات صاحب البث:"}
{"level":"error","message":"❌ خطأ في جلب بيانات صاحب البث:"}
{"level":"error","message":"❌ خطأ في جلب بيانات صاحب البث:"}
{"level":"error","message":"❌ خطأ في جلب بيانات صاحب البث:"}
{"level":"error","message":"❌ خطأ في جلب بيانات صاحب البث:"}
{"level":"error","message":"❌ خطأ في جلب بيانات صاحب البث:"}
{"level":"error","message":"❌ خطأ في جلب بيانات صاحب البث:"}
{"level":"error","message":"❌ خطأ في جلب بيانات صاحب البث:"}
{"level":"error","message":"❌ خطأ في جلب بيانات صاحب البث:"}
{"level":"error","message":"❌ خطأ في جلب بيانات صاحب البث:"}
{"level":"error","message":"❌ خطأ في جلب بيانات صاحب البث:"}
{"level":"error","message":"❌ خطأ في جلب بيانات صاحب البث:"}
{"level":"error","message":"❌ خطأ في جلب بيانات صاحب البث:"}
{"level":"error","message":"❌ خطأ في جلب بيانات صاحب البث:"}
{"level":"error","message":"❌ خطأ في جلب بيانات صاحب البث:"}
{"level":"error","message":"❌ خطأ في جلب بيانات صاحب البث:"}
{"level":"error","message":"❌ خطأ في جلب بيانات صاحب البث:"}
{"level":"error","message":"❌ خطأ في جلب بيانات صاحب البث:"}
{"level":"error","message":"❌ خطأ في جلب بيانات صاحب البث:"}
{"level":"error","message":"❌ خطأ في جلب بيانات صاحب البث:"}
{"level":"error","message":"❌ خطأ في جلب بيانات صاحب البث:"}
{"level":"error","message":"❌ خطأ في جلب بيانات صاحب البث:"}
{"level":"error","message":"❌ خطأ في جلب بيانات صاحب البث:"}
{"level":"error","message":"❌ خطأ في جلب بيانات صاحب البث:"}
{"level":"error","message":"❌ خطأ في جلب بيانات صاحب البث:"}
{"level":"error","message":"❌ خطأ في جلب بيانات صاحب البث:"}
{"level":"info","message":"✅ السيرفر يعمل على http://localhost:3000"}
{"level":"info","message":"🎵 مجلد الصوت: G:\\موقعى مضمون - Copy\\all-mine-webhook 3 - Copy\\minecraft_backend\\audio"}
{"level":"info","message":"🖼️ مجلد الصور: G:\\موقعى مضمون - Copy\\all-mine-webhook 3 - Copy\\minecraft_backend\\public\\images"}
{"level":"info","message":"📺 مجلد الشاشات: G:\\موقعى مضمون - Copy\\all-mine-webhook 3 - Copy\\minecraft_backend\\screens"}
{"level":"info","message":"🎬 مجلد الفيديو: G:\\موقعى مضمون - Copy\\all-mine-webhook 3 - Copy\\minecraft_backend\\videos"}
{"level":"info","message":"✅ متصل بـ MongoDB"}
{"level":"info","message":"ℹ️ تم إزالة حقل username من المستندات"}
{"level":"info","message":"✅ تم التأكد من وجود فهرس فريد على email"}
{"level":"info","message":"♻️ currentProfile loaded:"}
{"level":"info","message":"✅ تم مزامنة 1502 ملف صوتي مع MongoDB"}
{"level":"info","message":"ℹ️ لم يتم العثور على gifts.json، سيتم إنشاء الهدايا لاحقاً عبر API"}
{"level":"error","message":"❌ خطأ في تحديث الكاش:"}
{"level":"warn","message":"⚠️ خطأ أثناء التهيئة:"}
{"level":"info","message":"✅ السيرفر يعمل على http://localhost:3000"}
{"level":"info","message":"🎵 مجلد الصوت: G:\\موقعى مضمون - Copy\\all-mine-webhook 3 - Copy\\minecraft_backend\\audio"}
{"level":"info","message":"🖼️ مجلد الصور: G:\\موقعى مضمون - Copy\\all-mine-webhook 3 - Copy\\minecraft_backend\\public\\images"}
{"level":"info","message":"📺 مجلد الشاشات: G:\\موقعى مضمون - Copy\\all-mine-webhook 3 - Copy\\minecraft_backend\\screens"}
{"level":"info","message":"🎬 مجلد الفيديو: G:\\موقعى مضمون - Copy\\all-mine-webhook 3 - Copy\\minecraft_backend\\videos"}
{"level":"info","message":"✅ متصل بـ MongoDB"}
{"level":"info","message":"ℹ️ تم إزالة حقل username من المستندات"}
{"level":"info","message":"✅ تم التأكد من وجود فهرس فريد على email"}
{"level":"info","message":"♻️ currentProfile loaded:"}
{"level":"error","message":"❌ خطأ في جلب بيانات صاحب البث:"}
{"level":"error","message":"❌ خطأ في جلب بيانات صاحب البث:"}
{"level":"info","message":"✅ تم مزامنة 1502 ملف صوتي مع MongoDB"}
{"level":"info","message":"ℹ️ لم يتم العثور على gifts.json، سيتم إنشاء الهدايا لاحقاً عبر API"}
{"level":"error","message":"❌ خطأ في تحديث الكاش:"}
{"level":"warn","message":"⚠️ خطأ أثناء التهيئة:"}
{"level":"error","message":"❌ خطأ في جلب بيانات صاحب البث:"}
{"level":"error","message":"❌ خطأ في جلب بيانات صاحب البث:"}
{"level":"error","message":"❌ خطأ في جلب بيانات صاحب البث:"}
{"level":"error","message":"❌ خطأ في جلب بيانات صاحب البث:"}
{"level":"error","message":"❌ خطأ في جلب بيانات صاحب البث:"}
{"level":"error","message":"❌ خطأ في جلب بيانات صاحب البث:"}
{"level":"error","message":"❌ خطأ في جلب بيانات صاحب البث:"}
{"level":"error","message":"❌ خطأ في جلب بيانات صاحب البث:"}
{"level":"error","message":"❌ خطأ في جلب بيانات صاحب البث:"}
{"level":"error","message":"❌ خطأ في جلب بيانات صاحب البث:"}
{"level":"error","message":"❌ خطأ في جلب بيانات صاحب البث:"}
{"level":"error","message":"❌ خطأ في جلب بيانات صاحب البث:"}
{"level":"error","message":"❌ خطأ في جلب بيانات صاحب البث:"}
{"level":"error","message":"❌ خطأ في جلب بيانات صاحب البث:"}
{"level":"error","message":"❌ خطأ في جلب بيانات صاحب البث:"}
{"level":"error","message":"❌ خطأ في جلب بيانات صاحب البث:"}
{"level":"error","message":"❌ خطأ في جلب بيانات صاحب البث:"}
{"level":"error","message":"❌ خطأ في جلب بيانات صاحب البث:"}
{"level":"error","message":"❌ خطأ في جلب بيانات صاحب البث:"}
{"level":"error","message":"❌ خطأ في جلب بيانات صاحب البث:"}
{"level":"error","message":"❌ خطأ في جلب بيانات صاحب البث:"}
{"level":"error","message":"❌ خطأ في جلب بيانات صاحب البث:"}
{"level":"error","message":"❌ خطأ في جلب بيانات صاحب البث:"}
{"level":"error","message":"❌ خطأ في جلب بيانات صاحب البث:"}
{"level":"error","message":"❌ خطأ في جلب بيانات صاحب البث:"}
{"level":"error","message":"❌ خطأ في جلب بيانات صاحب البث:"}
{"level":"error","message":"❌ خطأ في جلب بيانات صاحب البث:"}
{"level":"error","message":"❌ خطأ في جلب بيانات صاحب البث:"}
{"level":"error","message":"❌ خطأ في جلب بيانات صاحب البث:"}
{"level":"error","message":"❌ خطأ في جلب بيانات صاحب البث:"}
{"level":"error","message":"❌ خطأ في جلب بيانات صاحب البث:"}
{"level":"error","message":"❌ خطأ في جلب بيانات صاحب البث:"}
{"level":"error","message":"❌ خطأ في جلب بيانات صاحب البث:"}
{"level":"error","message":"❌ خطأ في جلب بيانات صاحب البث:"}
{"level":"error","message":"❌ خطأ في جلب بيانات صاحب البث:"}
{"level":"error","message":"❌ خطأ في جلب بيانات صاحب البث:"}
{"level":"error","message":"❌ خطأ في جلب بيانات صاحب البث:"}
{"level":"error","message":"❌ خطأ في جلب بيانات صاحب البث:"}
{"level":"error","message":"❌ خطأ في جلب بيانات صاحب البث:"}
{"level":"error","message":"❌ خطأ في جلب بيانات صاحب البث:"}
{"level":"error","message":"❌ خطأ في جلب بيانات صاحب البث:"}
{"level":"error","message":"❌ خطأ في جلب المستخدمين:"}
{"level":"error","message":"❌ خطأ في جلب الإحصائيات:"}
{"level":"error","message":"❌ خطأ في جلب المستخدمين:"}
{"level":"error","message":"❌ خطأ في جلب بيانات صاحب البث:"}
{"level":"error","message":"❌ خطأ في جلب المستخدمين:"}
{"level":"error","message":"❌ خطأ في جلب الإحصائيات:"}
{"level":"error","message":"❌ خطأ في جلب المستخدمين:"}
{"level":"error","message":"❌ خطأ في جلب بيانات صاحب البث:"}
{"level":"error","message":"❌ خطأ في جلب بيانات صاحب البث:"}
{"level":"error","message":"❌ خطأ في جلب بيانات صاحب البث:"}
{"level":"error","message":"❌ خطأ في جلب بيانات صاحب البث:"}
{"level":"error","message":"❌ خطأ في جلب بيانات صاحب البث:"}
{"level":"error","message":"❌ خطأ في جلب بيانات صاحب البث:"}
{"level":"error","message":"❌ خطأ في جلب بيانات صاحب البث:"}
{"level":"error","message":"❌ خطأ في جلب بيانات صاحب البث:"}
{"level":"error","message":"❌ خطأ في جلب بيانات صاحب البث:"}
{"level":"error","message":"❌ خطأ في جلب بيانات صاحب البث:"}
{"level":"error","message":"❌ خطأ في جلب بيانات صاحب البث:"}
{"level":"error","message":"❌ خطأ في جلب بيانات صاحب البث:"}
{"level":"error","message":"❌ خطأ في جلب بيانات صاحب البث:"}
{"level":"error","message":"❌ خطأ في جلب بيانات صاحب البث:"}
{"level":"error","message":"❌ خطأ في جلب بيانات صاحب البث:"}
{"level":"error","message":"❌ خطأ في جلب بيانات صاحب البث:"}
{"level":"error","message":"❌ خطأ في جلب بيانات صاحب البث:"}
{"level":"error","message":"❌ خطأ في جلب بيانات صاحب البث:"}
{"level":"error","message":"❌ خطأ في جلب بيانات صاحب البث:"}
{"level":"error","message":"❌ خطأ في جلب بيانات صاحب البث:"}
{"level":"error","message":"❌ خطأ في جلب بيانات صاحب البث:"}
{"level":"error","message":"❌ خطأ في جلب بيانات صاحب البث:"}
{"level":"error","message":"❌ خطأ في جلب بيانات صاحب البث:"}
{"level":"error","message":"❌ خطأ في جلب المستخدمين:"}
{"level":"error","message":"❌ خطأ في جلب الإحصائيات:"}
{"level":"error","message":"❌ خطأ في جلب بيانات صاحب البث:"}
{"level":"error","message":"❌ خطأ في جلب بيانات صاحب البث:"}
{"level":"error","message":"❌ خطأ في جلب بيانات صاحب البث:"}
{"level":"error","message":"❌ خطأ في جلب بيانات صاحب البث:"}
{"level":"error","message":"❌ خطأ في جلب بيانات صاحب البث:"}
{"level":"error","message":"❌ خطأ في جلب بيانات صاحب البث:"}
{"level":"error","message":"❌ خطأ في جلب بيانات صاحب البث:"}
{"level":"error","message":"❌ خطأ في جلب بيانات صاحب البث:"}
{"level":"error","message":"❌ خطأ في جلب بيانات صاحب البث:"}
{"level":"error","message":"❌ خطأ في جلب بيانات صاحب البث:"}
{"level":"error","message":"❌ خطأ في جلب بيانات صاحب البث:"}
{"level":"error","message":"❌ خطأ في جلب بيانات صاحب البث:"}
{"level":"error","message":"❌ خطأ في جلب بيانات صاحب البث:"}
{"level":"error","message":"❌ خطأ في جلب بيانات صاحب البث:"}
{"level":"error","message":"❌ خطأ في جلب بيانات صاحب البث:"}
{"level":"error","message":"❌ خطأ في جلب بيانات صاحب البث:"}
{"level":"error","message":"❌ خطأ في جلب بيانات صاحب البث:"}
{"level":"error","message":"❌ خطأ في جلب بيانات صاحب البث:"}
{"level":"error","message":"❌ خطأ في جلب بيانات صاحب البث:"}
{"level":"error","message":"❌ خطأ في جلب بيانات صاحب البث:"}
{"level":"error","message":"❌ خطأ في جلب بيانات صاحب البث:"}
{"level":"error","message":"❌ خطأ في جلب بيانات صاحب البث:"}
{"level":"error","message":"❌ خطأ في جلب بيانات صاحب البث:"}
{"level":"error","message":"❌ خطأ في جلب بيانات صاحب البث:"}
{"level":"error","message":"❌ خطأ في جلب بيانات صاحب البث:"}
{"level":"error","message":"❌ خطأ في جلب بيانات صاحب البث:"}
{"level":"error","message":"❌ خطأ في جلب بيانات صاحب البث:"}
{"level":"error","message":"❌ خطأ في جلب بيانات صاحب البث:"}
{"level":"error","message":"❌ خطأ في جلب بيانات صاحب البث:"}
{"level":"error","message":"❌ خطأ في جلب بيانات صاحب البث:"}
{"level":"error","message":"❌ خطأ في جلب المستخدمين:"}
{"level":"error","message":"❌ خطأ في جلب الإحصائيات:"}
{"level":"error","message":"❌ خطأ في جلب المستخدمين:"}
{"level":"error","message":"❌ خطأ في جلب المستخدمين:"}
{"level":"error","message":"❌ خطأ في جلب الإحصائيات:"}
{"level":"error","message":"❌ خطأ في جلب بيانات صاحب البث:"}
{"level":"error","message":"❌ خطأ في جلب بيانات صاحب البث:"}
{"level":"error","message":"❌ خطأ في جلب بيانات صاحب البث:"}
{"level":"error","message":"❌ خطأ في جلب بيانات صاحب البث:"}
{"level":"error","message":"❌ خطأ في جلب بيانات صاحب البث:"}
{"level":"error","message":"❌ خطأ في جلب بيانات صاحب البث:"}
{"level":"error","message":"❌ خطأ في جلب بيانات صاحب البث:"}
{"level":"error","message":"❌ خطأ في جلب بيانات صاحب البث:"}
{"level":"error","message":"❌ خطأ في جلب بيانات صاحب البث:"}
{"level":"error","message":"❌ خطأ في جلب بيانات صاحب البث:"}
{"level":"error","message":"❌ خطأ في جلب بيانات صاحب البث:"}
{"level":"error","message":"❌ خطأ في جلب بيانات صاحب البث:"}
{"level":"error","message":"❌ خطأ في جلب بيانات صاحب البث:"}
{"level":"error","message":"❌ خطأ في جلب بيانات صاحب البث:"}
{"level":"error","message":"❌ خطأ في جلب بيانات صاحب البث:"}
{"level":"error","message":"❌ خطأ في جلب بيانات صاحب البث:"}
{"level":"error","message":"❌ خطأ في جلب بيانات صاحب البث:"}
{"level":"error","message":"❌ خطأ في جلب بيانات صاحب البث:"}
{"level":"error","message":"❌ خطأ في جلب المستخدمين:"}
{"level":"error","message":"❌ خطأ في جلب الإحصائيات:"}
{"level":"error","message":"❌ خطأ في جلب المستخدمين:"}
{"level":"error","message":"❌ خطأ في جلب الإحصائيات:"}
{"level":"error","message":"❌ خطأ في جلب بيانات صاحب البث:"}
{"level":"error","message":"❌ خطأ في جلب بيانات صاحب البث:"}
{"level":"error","message":"❌ خطأ في جلب بيانات صاحب البث:"}
{"level":"error","message":"❌ خطأ في جلب بيانات صاحب البث:"}
{"level":"error","message":"❌ خطأ في جلب بيانات صاحب البث:"}
{"level":"error","message":"❌ خطأ في جلب بيانات صاحب البث:"}
{"level":"error","message":"❌ خطأ في جلب بيانات صاحب البث:"}
{"level":"error","message":"❌ خطأ في جلب بيانات صاحب البث:"}
{"level":"error","message":"❌ خطأ في جلب بيانات صاحب البث:"}
{"level":"error","message":"❌ خطأ في جلب بيانات صاحب البث:"}
{"level":"error","message":"❌ خطأ في جلب بيانات صاحب البث:"}
{"level":"error","message":"❌ خطأ في جلب بيانات صاحب البث:"}
{"level":"error","message":"❌ خطأ في تحديث الكاش:"}
{"level":"error","message":"❌ خطأ في جلب بيانات صاحب البث:"}
{"level":"error","message":"❌ خطأ في جلب بيانات صاحب البث:"}
{"level":"error","message":"❌ خطأ في جلب بيانات صاحب البث:"}
{"level":"error","message":"❌ خطأ في تحديث الكاش:"}
{"level":"error","message":"❌ خطأ في جلب بيانات صاحب البث:"}
{"level":"error","message":"❌ خطأ في جلب بيانات صاحب البث:"}
{"level":"error","message":"❌ خطأ في جلب بيانات صاحب البث:"}
{"level":"error","message":"❌ خطأ في جلب بيانات صاحب البث:"}
{"level":"error","message":"❌ خطأ في جلب بيانات صاحب البث:"}
{"level":"error","message":"❌ خطأ في جلب بيانات صاحب البث:"}
{"level":"error","message":"❌ خطأ في جلب المستخدمين:"}
{"level":"error","message":"❌ خطأ في جلب الإحصائيات:"}
{"level":"error","message":"❌ خطأ في جلب بيانات صاحب البث:"}
{"level":"error","message":"❌ خطأ في جلب المستخدمين:"}
{"level":"error","message":"❌ خطأ في جلب الإحصائيات:"}
{"level":"error","message":"❌ خطأ في جلب بيانات صاحب البث:"}
{"level":"error","message":"❌ خطأ في جلب بيانات صاحب البث:"}
{"level":"error","message":"❌ خطأ في جلب بيانات صاحب البث:"}
{"level":"error","message":"❌ خطأ في جلب بيانات صاحب البث:"}
{"level":"error","message":"❌ خطأ في جلب بيانات صاحب البث:"}
{"level":"error","message":"❌ خطأ في جلب بيانات صاحب البث:"}
{"level":"error","message":"❌ خطأ في جلب بيانات صاحب البث:"}
{"level":"error","message":"❌ خطأ في جلب بيانات صاحب البث:"}
{"level":"error","message":"❌ خطأ في جلب بيانات صاحب البث:"}
{"level":"error","message":"❌ خطأ في جلب بيانات صاحب البث:"}
{"level":"error","message":"❌ خطأ في جلب بيانات صاحب البث:"}
{"level":"error","message":"❌ خطأ في جلب بيانات صاحب البث:"}
{"level":"error","message":"❌ خطأ في جلب بيانات صاحب البث:"}
{"level":"error","message":"❌ خطأ في جلب بيانات صاحب البث:"}
{"level":"error","message":"❌ خطأ في جلب بيانات صاحب البث:"}
{"level":"error","message":"❌ خطأ في جلب بيانات صاحب البث:"}
{"level":"error","message":"❌ خطأ في جلب بيانات صاحب البث:"}
{"level":"error","message":"❌ خطأ في جلب بيانات صاحب البث:"}
{"level":"error","message":"❌ خطأ في جلب بيانات صاحب البث:"}
{"level":"error","message":"❌ خطأ في جلب بيانات صاحب البث:"}
{"level":"error","message":"❌ خطأ في جلب بيانات صاحب البث:"}
{"level":"error","message":"❌ خطأ في جلب بيانات صاحب البث:"}
{"level":"error","message":"❌ خطأ في جلب بيانات صاحب البث:"}
{"level":"error","message":"❌ خطأ في جلب بيانات صاحب البث:"}
{"level":"error","message":"❌ خطأ في جلب بيانات صاحب البث:"}
{"level":"error","message":"❌ خطأ في جلب بيانات صاحب البث:"}
{"level":"error","message":"❌ خطأ في جلب بيانات صاحب البث:"}
{"level":"error","message":"❌ خطأ في جلب بيانات صاحب البث:"}
{"level":"error","message":"❌ خطأ في جلب المستخدمين:"}
{"level":"error","message":"❌ خطأ في جلب الإحصائيات:"}
{"level":"error","message":"❌ خطأ في جلب بيانات صاحب البث:"}
{"level":"error","message":"❌ خطأ في جلب المستخدمين:"}
{"level":"error","message":"❌ خطأ في جلب الإحصائيات:"}
{"level":"error","message":"❌ خطأ في جلب بيانات صاحب البث:"}
{"level":"error","message":"❌ خطأ في جلب بيانات صاحب البث:"}
{"level":"error","message":"❌ خطأ في جلب بيانات صاحب البث:"}
{"level":"error","message":"❌ خطأ في جلب بيانات صاحب البث:"}
{"level":"error","message":"❌ خطأ في جلب بيانات صاحب البث:"}
{"level":"error","message":"❌ خطأ في جلب بيانات صاحب البث:"}
{"level":"error","message":"❌ خطأ في جلب بيانات صاحب البث:"}
{"level":"error","message":"❌ خطأ في جلب بيانات صاحب البث:"}
{"level":"error","message":"❌ خطأ في جلب بيانات صاحب البث:"}
{"level":"error","message":"❌ خطأ في جلب بيانات صاحب البث:"}
{"level":"error","message":"❌ خطأ في جلب بيانات صاحب البث:"}
{"level":"error","message":"❌ خطأ في جلب بيانات صاحب البث:"}
{"level":"error","message":"❌ خطأ في جلب بيانات صاحب البث:"}
{"level":"error","message":"❌ خطأ في جلب بيانات صاحب البث:"}
{"level":"error","message":"❌ خطأ في جلب بيانات صاحب البث:"}
{"level":"error","message":"❌ خطأ في جلب بيانات صاحب البث:"}
{"level":"error","message":"❌ خطأ في جلب بيانات صاحب البث:"}
{"level":"error","message":"❌ خطأ في جلب بيانات صاحب البث:"}
{"level":"error","message":"❌ خطأ في جلب بيانات صاحب البث:"}
{"level":"error","message":"❌ خطأ في جلب بيانات صاحب البث:"}
{"level":"error","message":"❌ خطأ في جلب بيانات صاحب البث:"}
{"level":"error","message":"❌ خطأ في جلب بيانات صاحب البث:"}
{"level":"error","message":"❌ خطأ في جلب بيانات صاحب البث:"}
{"level":"error","message":"❌ خطأ في جلب بيانات صاحب البث:"}
{"level":"error","message":"❌ خطأ في جلب بيانات صاحب البث:"}
{"level":"error","message":"❌ خطأ في جلب بيانات صاحب البث:"}
{"level":"error","message":"❌ خطأ في جلب بيانات صاحب البث:"}
{"level":"error","message":"❌ خطأ في جلب بيانات صاحب البث:"}
{"level":"error","message":"❌ خطأ في جلب بيانات صاحب البث:"}
{"level":"error","message":"❌ خطأ في جلب المستخدمين:"}
{"level":"error","message":"❌ خطأ في جلب الإحصائيات:"}
{"level":"error","message":"❌ خطأ في جلب بيانات صاحب البث:"}
{"level":"error","message":"❌ خطأ في جلب المستخدمين:"}
{"level":"error","message":"❌ خطأ في جلب الإحصائيات:"}
{"level":"error","message":"❌ خطأ في جلب بيانات صاحب البث:"}
{"level":"error","message":"❌ خطأ في جلب بيانات صاحب البث:"}
{"level":"error","message":"❌ خطأ في جلب بيانات صاحب البث:"}
{"level":"error","message":"❌ خطأ في جلب بيانات صاحب البث:"}
{"level":"error","message":"❌ خطأ في جلب بيانات صاحب البث:"}
{"level":"error","message":"❌ خطأ في جلب بيانات صاحب البث:"}
{"level":"error","message":"❌ خطأ في جلب بيانات صاحب البث:"}
{"level":"error","message":"❌ خطأ في جلب بيانات صاحب البث:"}
{"level":"error","message":"❌ خطأ في جلب بيانات صاحب البث:"}
{"level":"error","message":"❌ خطأ في جلب بيانات صاحب البث:"}
{"level":"error","message":"❌ خطأ في جلب بيانات صاحب البث:"}
{"level":"error","message":"❌ خطأ في جلب بيانات صاحب البث:"}
{"level":"error","message":"❌ خطأ في جلب بيانات صاحب البث:"}
{"level":"error","message":"❌ خطأ في جلب بيانات صاحب البث:"}
{"level":"error","message":"❌ خطأ في جلب بيانات صاحب البث:"}
{"level":"error","message":"❌ خطأ في جلب بيانات صاحب البث:"}
{"level":"error","message":"❌ خطأ في جلب بيانات صاحب البث:"}
{"level":"error","message":"❌ خطأ في جلب بيانات صاحب البث:"}
{"level":"error","message":"❌ خطأ في جلب بيانات صاحب البث:"}
{"level":"error","message":"❌ خطأ في جلب بيانات صاحب البث:"}
{"level":"error","message":"❌ خطأ في جلب بيانات صاحب البث:"}
{"level":"error","message":"❌ خطأ في جلب بيانات صاحب البث:"}
{"level":"error","message":"❌ خطأ في جلب بيانات صاحب البث:"}
{"level":"error","message":"❌ خطأ في جلب بيانات صاحب البث:"}
{"level":"error","message":"❌ خطأ في جلب بيانات صاحب البث:"}
{"level":"error","message":"❌ خطأ في جلب بيانات صاحب البث:"}
{"level":"error","message":"❌ خطأ في جلب بيانات صاحب البث:"}
{"level":"error","message":"❌ خطأ في جلب بيانات صاحب البث:"}
{"level":"error","message":"❌ خطأ في جلب بيانات صاحب البث:"}
{"level":"error","message":"❌ خطأ في جلب بيانات صاحب البث:"}
{"level":"error","message":"❌ خطأ في جلب المستخدمين:"}
{"level":"error","message":"❌ خطأ في جلب الإحصائيات:"}
{"level":"error","message":"❌ خطأ في جلب بيانات صاحب البث:"}
{"level":"error","message":"❌ خطأ في جلب بيانات صاحب البث:"}
{"level":"error","message":"❌ خطأ في جلب بيانات صاحب البث:"}
{"level":"error","message":"❌ خطأ في جلب بيانات صاحب البث:"}
{"level":"error","message":"❌ خطأ في جلب بيانات صاحب البث:"}
{"level":"error","message":"❌ خطأ في جلب بيانات صاحب البث:"}
{"level":"error","message":"❌ خطأ في جلب بيانات صاحب البث:"}
{"level":"error","message":"❌ خطأ في جلب بيانات صاحب البث:"}
{"level":"error","message":"❌ خطأ في جلب بيانات صاحب البث:"}
{"level":"error","message":"❌ خطأ في جلب بيانات صاحب البث:"}
{"level":"error","message":"❌ خطأ في جلب بيانات صاحب البث:"}
{"level":"error","message":"❌ خطأ في جلب بيانات صاحب البث:"}
{"level":"error","message":"❌ خطأ في جلب بيانات صاحب البث:"}
{"level":"error","message":"❌ خطأ في جلب بيانات صاحب البث:"}
{"level":"error","message":"❌ خطأ في جلب بيانات صاحب البث:"}
{"level":"error","message":"❌ خطأ في جلب بيانات صاحب البث:"}
{"level":"error","message":"❌ خطأ في جلب بيانات صاحب البث:"}
{"level":"error","message":"❌ خطأ في جلب بيانات صاحب البث:"}
{"level":"error","message":"❌ خطأ في جلب بيانات صاحب البث:"}
{"level":"error","message":"❌ خطأ في جلب بيانات صاحب البث:"}
{"level":"error","message":"❌ خطأ في جلب بيانات صاحب البث:"}
{"level":"error","message":"❌ خطأ في جلب بيانات صاحب البث:"}
{"level":"error","message":"❌ خطأ في جلب بيانات صاحب البث:"}
{"level":"error","message":"❌ خطأ في جلب بيانات صاحب البث:"}
{"level":"error","message":"❌ خطأ في جلب بيانات صاحب البث:"}
{"level":"error","message":"❌ خطأ في جلب بيانات صاحب البث:"}
{"level":"error","message":"❌ خطأ في جلب بيانات صاحب البث:"}
{"level":"error","message":"❌ خطأ في جلب بيانات صاحب البث:"}
{"level":"error","message":"❌ خطأ في جلب المستخدمين:"}
{"level":"error","message":"❌ خطأ في جلب الإحصائيات:"}
{"level":"error","message":"❌ خطأ في جلب بيانات صاحب البث:"}
{"level":"error","message":"❌ خطأ في جلب بيانات صاحب البث:"}
{"level":"error","message":"❌ خطأ في جلب بيانات صاحب البث:"}
{"level":"error","message":"❌ خطأ في جلب بيانات صاحب البث:"}
{"level":"error","message":"❌ خطأ في جلب بيانات صاحب البث:"}
{"level":"error","message":"❌ خطأ في جلب بيانات صاحب البث:"}
{"level":"error","message":"❌ خطأ في جلب بيانات صاحب البث:"}
{"level":"error","message":"❌ خطأ في جلب بيانات صاحب البث:"}
{"level":"error","message":"❌ خطأ في جلب بيانات صاحب البث:"}
{"level":"error","message":"❌ خطأ في جلب بيانات صاحب البث:"}
{"level":"error","message":"❌ خطأ في جلب بيانات صاحب البث:"}
{"level":"error","message":"❌ خطأ في جلب بيانات صاحب البث:"}
{"level":"error","message":"❌ خطأ في جلب بيانات صاحب البث:"}
{"level":"error","message":"❌ خطأ في جلب المستخدمين:"}
{"level":"error","message":"❌ خطأ في جلب الإحصائيات:"}
{"level":"error","message":"❌ خطأ في جلب بيانات صاحب البث:"}
{"level":"error","message":"❌ خطأ في جلب بيانات صاحب البث:"}
{"level":"error","message":"❌ خطأ في جلب بيانات صاحب البث:"}
{"level":"error","message":"❌ خطأ في جلب بيانات صاحب البث:"}
{"level":"error","message":"❌ خطأ في جلب بيانات صاحب البث:"}
{"level":"error","message":"❌ خطأ في جلب بيانات صاحب البث:"}
{"level":"error","message":"❌ خطأ في جلب بيانات صاحب البث:"}
{"level":"error","message":"❌ خطأ في جلب بيانات صاحب البث:"}
{"level":"error","message":"❌ خطأ في جلب بيانات صاحب البث:"}
{"level":"error","message":"❌ خطأ في جلب بيانات صاحب البث:"}
{"level":"error","message":"❌ خطأ في جلب المستخدمين:"}
{"level":"error","message":"❌ خطأ في جلب الإحصائيات:"}
{"level":"error","message":"❌ خطأ في جلب بيانات صاحب البث:"}
{"level":"error","message":"❌ خطأ في جلب بيانات صاحب البث:"}
{"level":"error","message":"❌ خطأ في جلب بيانات صاحب البث:"}
{"level":"error","message":"❌ خطأ في جلب بيانات صاحب البث:"}
{"level":"error","message":"❌ خطأ في جلب بيانات صاحب البث:"}
{"level":"error","message":"❌ خطأ في جلب بيانات صاحب البث:"}
{"level":"error","message":"❌ خطأ في جلب بيانات صاحب البث:"}
{"level":"error","message":"❌ خطأ في جلب بيانات صاحب البث:"}
{"level":"error","message":"❌ خطأ في جلب بيانات صاحب البث:"}
{"level":"error","message":"❌ خطأ في جلب بيانات صاحب البث:"}
{"level":"error","message":"❌ خطأ في جلب بيانات صاحب البث:"}
{"level":"error","message":"❌ خطأ في جلب بيانات صاحب البث:"}
{"level":"error","message":"❌ خطأ في جلب بيانات صاحب البث:"}
{"level":"error","message":"❌ خطأ في جلب بيانات صاحب البث:"}
{"level":"error","message":"❌ خطأ في جلب بيانات صاحب البث:"}
{"level":"error","message":"❌ خطأ في جلب بيانات صاحب البث:"}
{"level":"error","message":"❌ خطأ في جلب بيانات صاحب البث:"}
{"level":"error","message":"❌ خطأ في جلب بيانات صاحب البث:"}
{"level":"error","message":"❌ خطأ في جلب بيانات صاحب البث:"}
{"level":"error","message":"❌ خطأ في جلب بيانات صاحب البث:"}
{"level":"error","message":"❌ خطأ في جلب بيانات صاحب البث:"}
{"level":"error","message":"❌ خطأ في جلب بيانات صاحب البث:"}
{"level":"error","message":"❌ خطأ في جلب بيانات صاحب البث:"}
{"level":"error","message":"❌ خطأ في جلب بيانات صاحب البث:"}
{"level":"error","message":"❌ خطأ في جلب بيانات صاحب البث:"}
{"level":"error","message":"❌ خطأ في جلب بيانات صاحب البث:"}
{"level":"error","message":"❌ خطأ في جلب بيانات صاحب البث:"}
{"level":"error","message":"❌ خطأ في جلب بيانات صاحب البث:"}
{"level":"error","message":"❌ خطأ في جلب المستخدمين:"}
{"level":"error","message":"❌ خطأ في جلب الإحصائيات:"}
{"level":"error","message":"❌ خطأ في جلب المستخدمين:"}
{"level":"error","message":"❌ خطأ في جلب الإحصائيات:"}
{"level":"error","message":"❌ خطأ في جلب بيانات صاحب البث:"}
{"level":"error","message":"❌ خطأ في جلب بيانات صاحب البث:"}
{"level":"error","message":"❌ خطأ في جلب بيانات صاحب البث:"}
{"level":"error","message":"❌ خطأ في جلب بيانات صاحب البث:"}
{"level":"error","message":"❌ خطأ في جلب بيانات صاحب البث:"}
{"level":"error","message":"❌ خطأ في جلب بيانات صاحب البث:"}
{"level":"error","message":"❌ خطأ في جلب بيانات صاحب البث:"}
{"level":"error","message":"❌ خطأ في جلب بيانات صاحب البث:"}
{"level":"error","message":"❌ خطأ في جلب بيانات صاحب البث:"}
{"level":"error","message":"❌ خطأ في جلب بيانات صاحب البث:"}
{"level":"error","message":"❌ خطأ في جلب بيانات صاحب البث:"}
{"level":"error","message":"❌ خطأ في جلب بيانات صاحب البث:"}
{"level":"error","message":"❌ خطأ في جلب بيانات صاحب البث:"}
{"level":"error","message":"❌ خطأ في جلب بيانات صاحب البث:"}
{"level":"error","message":"❌ خطأ في جلب بيانات صاحب البث:"}
{"level":"error","message":"❌ خطأ في جلب بيانات صاحب البث:"}
{"level":"error","message":"❌ خطأ في جلب بيانات صاحب البث:"}
{"level":"error","message":"❌ خطأ في جلب بيانات صاحب البث:"}
{"level":"error","message":"❌ خطأ في جلب بيانات صاحب البث:"}
{"level":"error","message":"❌ خطأ في جلب بيانات صاحب البث:"}
{"level":"error","message":"❌ خطأ في جلب بيانات صاحب البث:"}
{"level":"error","message":"❌ خطأ في جلب بيانات صاحب البث:"}
{"level":"error","message":"❌ خطأ في جلب بيانات صاحب البث:"}
{"level":"error","message":"❌ خطأ في جلب بيانات صاحب البث:"}
{"level":"error","message":"❌ خطأ في جلب بيانات صاحب البث:"}
{"level":"error","message":"❌ خطأ في جلب بيانات صاحب البث:"}
{"level":"error","message":"❌ خطأ في جلب بيانات صاحب البث:"}
{"level":"error","message":"❌ خطأ في جلب بيانات صاحب البث:"}
{"level":"error","message":"❌ خطأ في جلب بيانات صاحب البث:"}
{"level":"error","message":"❌ خطأ في جلب بيانات صاحب البث:"}
{"level":"error","message":"❌ خطأ في جلب بيانات صاحب البث:"}
{"level":"error","message":"❌ خطأ في جلب المستخدمين:"}
{"level":"error","message":"❌ خطأ في جلب الإحصائيات:"}
{"level":"error","message":"❌ خطأ في جلب المستخدمين:"}
{"level":"error","message":"❌ خطأ في جلب الإحصائيات:"}
{"level":"error","message":"❌ خطأ في جلب بيانات صاحب البث:"}
{"level":"error","message":"❌ خطأ في جلب بيانات صاحب البث:"}
{"level":"error","message":"❌ خطأ في جلب بيانات صاحب البث:"}
{"level":"error","message":"❌ خطأ في جلب بيانات صاحب البث:"}
{"level":"error","message":"❌ خطأ في جلب بيانات صاحب البث:"}
{"level":"error","message":"❌ خطأ في جلب بيانات صاحب البث:"}
{"level":"error","message":"❌ خطأ في جلب بيانات صاحب البث:"}
{"level":"error","message":"❌ خطأ في جلب بيانات صاحب البث:"}
{"level":"error","message":"❌ خطأ في جلب بيانات صاحب البث:"}
{"level":"error","message":"❌ خطأ في جلب بيانات صاحب البث:"}
{"level":"error","message":"❌ خطأ في جلب بيانات صاحب البث:"}
{"level":"error","message":"❌ خطأ في جلب بيانات صاحب البث:"}
{"level":"error","message":"❌ خطأ في جلب بيانات صاحب البث:"}
{"level":"error","message":"❌ خطأ في جلب بيانات صاحب البث:"}
{"level":"error","message":"❌ خطأ في جلب بيانات صاحب البث:"}
{"level":"error","message":"❌ خطأ في جلب بيانات صاحب البث:"}
{"level":"error","message":"❌ خطأ في جلب بيانات صاحب البث:"}
{"level":"error","message":"❌ خطأ في جلب بيانات صاحب البث:"}
{"level":"error","message":"❌ خطأ في جلب بيانات صاحب البث:"}
{"level":"error","message":"❌ خطأ في جلب بيانات صاحب البث:"}
{"level":"error","message":"❌ خطأ في جلب بيانات صاحب البث:"}
{"level":"error","message":"❌ خطأ في جلب بيانات صاحب البث:"}
{"level":"error","message":"❌ خطأ في جلب بيانات صاحب البث:"}
{"level":"error","message":"❌ خطأ في جلب بيانات صاحب البث:"}
{"level":"error","message":"❌ خطأ في جلب بيانات صاحب البث:"}
{"level":"error","message":"❌ خطأ في جلب بيانات صاحب البث:"}
{"level":"error","message":"❌ خطأ في جلب بيانات صاحب البث:"}
{"level":"error","message":"❌ خطأ في جلب بيانات صاحب البث:"}
{"level":"error","message":"❌ خطأ في جلب بيانات صاحب البث:"}
{"level":"error","message":"❌ خطأ في جلب بيانات صاحب البث:"}
{"level":"error","message":"❌ خطأ في جلب بيانات صاحب البث:"}
{"level":"error","message":"❌ خطأ في جلب بيانات صاحب البث:"}
{"level":"error","message":"❌ خطأ في جلب المستخدمين:"}
{"level":"error","message":"❌ خطأ في جلب الإحصائيات:"}
{"level":"error","message":"❌ خطأ في جلب المستخدمين:"}
{"level":"error","message":"❌ خطأ في جلب الإحصائيات:"}
{"level":"error","message":"❌ خطأ في جلب بيانات صاحب البث:"}
{"level":"error","message":"❌ خطأ في جلب بيانات صاحب البث:"}
{"level":"error","message":"❌ خطأ في جلب بيانات صاحب البث:"}
{"level":"error","message":"❌ خطأ في جلب المستخدمين:"}
{"level":"error","message":"❌ خطأ في جلب الإحصائيات:"}
{"level":"error","message":"❌ خطأ في جلب المستخدمين:"}
{"level":"error","message":"❌ خطأ في جلب بيانات صاحب البث:"}
{"level":"error","message":"❌ خطأ في جلب بيانات صاحب البث:"}
{"level":"error","message":"❌ خطأ في جلب بيانات صاحب البث:"}
{"level":"error","message":"❌ خطأ في جلب بيانات صاحب البث:"}
{"level":"error","message":"❌ خطأ في جلب بيانات صاحب البث:"}
{"level":"error","message":"❌ خطأ في جلب بيانات صاحب البث:"}
{"level":"error","message":"❌ خطأ في جلب بيانات صاحب البث:"}
{"level":"error","message":"❌ خطأ في جلب بيانات صاحب البث:"}
{"level":"error","message":"❌ خطأ في جلب بيانات صاحب البث:"}
{"level":"error","message":"❌ خطأ في جلب بيانات صاحب البث:"}
{"level":"error","message":"❌ خطأ في جلب بيانات صاحب البث:"}
{"level":"error","message":"❌ خطأ في جلب بيانات صاحب البث:"}
{"level":"error","message":"❌ خطأ في جلب بيانات صاحب البث:"}
{"level":"error","message":"❌ خطأ في جلب بيانات صاحب البث:"}
{"level":"error","message":"❌ خطأ في جلب بيانات صاحب البث:"}
{"level":"error","message":"❌ خطأ في جلب بيانات صاحب البث:"}
{"level":"error","message":"❌ خطأ في جلب بيانات صاحب البث:"}
{"level":"error","message":"❌ خطأ في جلب بيانات صاحب البث:"}
{"level":"error","message":"❌ خطأ في جلب بيانات صاحب البث:"}
{"level":"error","message":"❌ خطأ في جلب بيانات صاحب البث:"}
{"level":"error","message":"❌ خطأ في جلب بيانات صاحب البث:"}
{"level":"error","message":"❌ خطأ في جلب بيانات صاحب البث:"}
{"level":"error","message":"❌ خطأ في جلب بيانات صاحب البث:"}
{"level":"error","message":"❌ خطأ في جلب بيانات صاحب البث:"}
{"level":"error","message":"❌ خطأ في جلب بيانات صاحب البث:"}
{"level":"error","message":"❌ خطأ في جلب بيانات صاحب البث:"}
{"level":"error","message":"❌ خطأ في جلب بيانات صاحب البث:"}
{"level":"error","message":"❌ خطأ في جلب بيانات صاحب البث:"}
{"level":"error","message":"❌ خطأ في جلب بيانات صاحب البث:"}
{"level":"error","message":"❌ خطأ في جلب المستخدمين:"}
{"level":"error","message":"❌ خطأ في جلب الإحصائيات:"}
{"level":"error","message":"❌ خطأ في جلب بيانات صاحب البث:"}
{"level":"error","message":"❌ خطأ في جلب بيانات صاحب البث:"}
{"level":"error","message":"❌ خطأ في جلب بيانات صاحب البث:"}
{"level":"error","message":"❌ خطأ في جلب بيانات صاحب البث:"}
{"level":"error","message":"❌ خطأ في جلب بيانات صاحب البث:"}
{"level":"error","message":"❌ خطأ في جلب بيانات صاحب البث:"}
{"level":"error","message":"❌ خطأ في جلب بيانات صاحب البث:"}
{"level":"error","message":"❌ خطأ في جلب بيانات صاحب البث:"}
{"level":"error","message":"❌ خطأ في جلب بيانات صاحب البث:"}
{"level":"error","message":"❌ خطأ في جلب بيانات صاحب البث:"}
{"level":"error","message":"❌ خطأ في جلب بيانات صاحب البث:"}
{"level":"error","message":"❌ خطأ في جلب بيانات صاحب البث:"}
{"level":"error","message":"❌ خطأ في جلب بيانات صاحب البث:"}
{"level":"error","message":"❌ خطأ في جلب بيانات صاحب البث:"}
{"level":"error","message":"❌ خطأ في جلب بيانات صاحب البث:"}
{"level":"error","message":"❌ خطأ في جلب بيانات صاحب البث:"}
{"level":"error","message":"❌ خطأ في جلب بيانات صاحب البث:"}
{"level":"error","message":"❌ خطأ في جلب بيانات صاحب البث:"}
{"level":"error","message":"❌ خطأ في جلب بيانات صاحب البث:"}
{"level":"error","message":"❌ خطأ في جلب بيانات صاحب البث:"}
{"level":"error","message":"❌ خطأ في جلب بيانات صاحب البث:"}
{"level":"error","message":"❌ خطأ في جلب بيانات صاحب البث:"}
{"level":"error","message":"❌ خطأ في جلب بيانات صاحب البث:"}
{"level":"error","message":"❌ خطأ في جلب بيانات صاحب البث:"}
{"level":"error","message":"❌ خطأ في جلب بيانات صاحب البث:"}
{"level":"error","message":"❌ خطأ في جلب بيانات صاحب البث:"}
{"level":"error","message":"❌ خطأ في جلب المستخدمين:"}
{"level":"error","message":"❌ خطأ في جلب الإحصائيات:"}
{"level":"error","message":"❌ خطأ في جلب المستخدمين:"}
{"level":"error","message":"❌ خطأ في جلب الإحصائيات:"}
{"level":"error","message":"❌ خطأ في جلب بيانات صاحب البث:"}
{"level":"error","message":"❌ خطأ في جلب بيانات صاحب البث:"}
{"level":"error","message":"❌ خطأ في جلب بيانات صاحب البث:"}
{"level":"error","message":"❌ خطأ في جلب المستخدمين:"}
{"level":"error","message":"❌ خطأ في جلب الإحصائيات:"}
{"level":"error","message":"❌ خطأ في جلب بيانات صاحب البث:"}
{"level":"error","message":"❌ خطأ في جلب بيانات صاحب البث:"}
{"level":"error","message":"❌ خطأ في جلب بيانات صاحب البث:"}
{"level":"error","message":"❌ خطأ في جلب بيانات صاحب البث:"}
{"level":"error","message":"❌ خطأ في جلب بيانات صاحب البث:"}
{"level":"error","message":"❌ خطأ في جلب بيانات صاحب البث:"}
{"level":"error","message":"❌ خطأ في جلب بيانات صاحب البث:"}
{"level":"error","message":"❌ خطأ في جلب بيانات صاحب البث:"}
{"level":"error","message":"❌ خطأ في جلب بيانات صاحب البث:"}
{"level":"error","message":"❌ خطأ في جلب بيانات صاحب البث:"}
{"level":"error","message":"❌ خطأ في جلب بيانات صاحب البث:"}
{"level":"error","message":"❌ خطأ في جلب بيانات صاحب البث:"}
{"level":"error","message":"❌ خطأ في جلب بيانات صاحب البث:"}
{"level":"error","message":"❌ خطأ في جلب بيانات صاحب البث:"}
{"level":"error","message":"❌ خطأ في جلب بيانات صاحب البث:"}
{"level":"error","message":"❌ خطأ في جلب بيانات صاحب البث:"}
{"level":"error","message":"❌ خطأ في جلب بيانات صاحب البث:"}
{"level":"error","message":"❌ خطأ في جلب بيانات صاحب البث:"}
{"level":"error","message":"❌ خطأ في جلب بيانات صاحب البث:"}
{"level":"error","message":"❌ خطأ في جلب بيانات صاحب البث:"}
{"level":"error","message":"❌ خطأ في جلب بيانات صاحب البث:"}
{"level":"error","message":"❌ خطأ في جلب بيانات صاحب البث:"}
{"level":"error","message":"❌ خطأ في جلب بيانات صاحب البث:"}
{"level":"error","message":"❌ خطأ في جلب بيانات صاحب البث:"}
{"level":"error","message":"❌ خطأ في جلب بيانات صاحب البث:"}
{"level":"error","message":"❌ خطأ في جلب بيانات صاحب البث:"}
{"level":"error","message":"❌ خطأ في جلب بيانات صاحب البث:"}
{"level":"error","message":"❌ خطأ في جلب بيانات صاحب البث:"}
{"level":"error","message":"❌ خطأ في جلب بيانات صاحب البث:"}
{"level":"error","message":"❌ خطأ في جلب بيانات صاحب البث:"}
{"level":"error","message":"❌ خطأ في جلب المستخدمين:"}
{"level":"error","message":"❌ خطأ في جلب الإحصائيات:"}
{"level":"error","message":"❌ خطأ في جلب بيانات صاحب البث:"}
{"level":"error","message":"❌ خطأ في جلب بيانات صاحب البث:"}
{"level":"error","message":"❌ خطأ في جلب بيانات صاحب البث:"}
{"level":"error","message":"❌ خطأ في جلب بيانات صاحب البث:"}
{"level":"error","message":"❌ خطأ في جلب بيانات صاحب البث:"}
{"level":"error","message":"❌ خطأ في جلب بيانات صاحب البث:"}
{"level":"error","message":"❌ خطأ في جلب بيانات صاحب البث:"}
{"level":"error","message":"❌ خطأ في جلب بيانات صاحب البث:"}
{"level":"error","message":"❌ خطأ في جلب بيانات صاحب البث:"}
{"level":"error","message":"❌ خطأ في جلب بيانات صاحب البث:"}
{"level":"error","message":"❌ خطأ في جلب بيانات صاحب البث:"}
{"level":"error","message":"❌ خطأ في جلب بيانات صاحب البث:"}
{"level":"error","message":"❌ خطأ في جلب بيانات صاحب البث:"}
{"level":"error","message":"❌ خطأ في جلب بيانات صاحب البث:"}
{"level":"error","message":"❌ خطأ في جلب المستخدمين:"}
{"level":"error","message":"❌ خطأ في جلب الإحصائيات:"}
{"level":"error","message":"❌ خطأ في جلب المستخدمين:"}
{"level":"error","message":"❌ خطأ في جلب الإحصائيات:"}
{"level":"error","message":"❌ خطأ في جلب بيانات صاحب البث:"}
{"level":"error","message":"❌ خطأ في جلب بيانات صاحب البث:"}
{"level":"error","message":"❌ خطأ في جلب المستخدمين:"}
{"level":"error","message":"❌ خطأ في جلب الإحصائيات:"}
{"level":"error","message":"❌ خطأ في جلب بيانات صاحب البث:"}
{"level":"error","message":"❌ خطأ في جلب بيانات صاحب البث:"}
{"level":"error","message":"❌ خطأ في جلب بيانات صاحب البث:"}
{"level":"error","message":"❌ خطأ في جلب بيانات صاحب البث:"}
{"level":"error","message":"❌ خطأ في جلب بيانات صاحب البث:"}
{"level":"error","message":"❌ خطأ في جلب بيانات صاحب البث:"}
{"level":"error","message":"❌ خطأ في جلب بيانات صاحب البث:"}
{"level":"error","message":"❌ خطأ في جلب بيانات صاحب البث:"}
{"level":"error","message":"❌ خطأ في جلب بيانات صاحب البث:"}
{"level":"error","message":"❌ خطأ في جلب بيانات صاحب البث:"}
{"level":"error","message":"❌ خطأ في جلب بيانات صاحب البث:"}
{"level":"error","message":"❌ خطأ في جلب بيانات صاحب البث:"}
{"level":"error","message":"❌ خطأ في جلب بيانات صاحب البث:"}
{"level":"error","message":"❌ خطأ في جلب بيانات صاحب البث:"}
{"level":"error","message":"❌ خطأ في جلب بيانات صاحب البث:"}
{"level":"error","message":"❌ خطأ في جلب المستخدمين:"}
{"level":"error","message":"❌ خطأ في جلب الإحصائيات:"}
{"level":"error","message":"❌ خطأ في جلب بيانات صاحب البث:"}
{"level":"error","message":"❌ خطأ في جلب بيانات صاحب البث:"}
{"level":"error","message":"❌ خطأ في جلب بيانات صاحب البث:"}
{"level":"error","message":"❌ خطأ في جلب بيانات صاحب البث:"}
{"level":"error","message":"❌ خطأ في جلب بيانات صاحب البث:"}
{"level":"error","message":"❌ خطأ في جلب بيانات صاحب البث:"}
{"level":"error","message":"❌ خطأ في جلب بيانات صاحب البث:"}
{"level":"error","message":"❌ خطأ في جلب بيانات صاحب البث:"}
{"level":"error","message":"❌ خطأ في جلب بيانات صاحب البث:"}
{"level":"error","message":"❌ خطأ في جلب بيانات صاحب البث:"}
{"level":"error","message":"❌ خطأ في جلب بيانات صاحب البث:"}
{"level":"error","message":"❌ خطأ في جلب بيانات صاحب البث:"}
{"level":"error","message":"❌ خطأ في جلب بيانات صاحب البث:"}
{"level":"error","message":"❌ خطأ في جلب بيانات صاحب البث:"}
{"level":"error","message":"❌ خطأ في جلب بيانات صاحب البث:"}
{"level":"error","message":"❌ خطأ في جلب بيانات صاحب البث:"}
{"level":"error","message":"❌ خطأ في جلب المستخدمين:"}
{"level":"error","message":"❌ خطأ في جلب الإحصائيات:"}
{"level":"error","message":"❌ خطأ في جلب المستخدمين:"}
{"level":"error","message":"❌ خطأ في جلب الإحصائيات:"}
{"level":"error","message":"❌ خطأ في جلب بيانات صاحب البث:"}
{"level":"error","message":"❌ خطأ في جلب بيانات صاحب البث:"}
{"level":"error","message":"❌ خطأ في جلب بيانات صاحب البث:"}
{"level":"error","message":"❌ خطأ في جلب بيانات صاحب البث:"}
{"level":"error","message":"❌ خطأ في جلب المستخدمين:"}
{"level":"error","message":"❌ خطأ في جلب الإحصائيات:"}
{"level":"error","message":"❌ خطأ في جلب بيانات صاحب البث:"}
{"level":"error","message":"❌ خطأ في جلب بيانات صاحب البث:"}
{"level":"error","message":"❌ خطأ في جلب بيانات صاحب البث:"}
{"level":"error","message":"❌ خطأ في جلب بيانات صاحب البث:"}
{"level":"error","message":"❌ خطأ في جلب بيانات صاحب البث:"}
{"level":"error","message":"❌ خطأ في جلب بيانات صاحب البث:"}
{"level":"error","message":"❌ خطأ في جلب بيانات صاحب البث:"}
{"level":"error","message":"❌ خطأ في جلب بيانات صاحب البث:"}
{"level":"error","message":"❌ خطأ في جلب بيانات صاحب البث:"}
{"level":"error","message":"❌ خطأ في جلب بيانات صاحب البث:"}
{"level":"error","message":"❌ خطأ في جلب بيانات صاحب البث:"}
{"level":"error","message":"❌ خطأ في جلب بيانات صاحب البث:"}
{"level":"error","message":"❌ خطأ في جلب بيانات صاحب البث:"}
{"level":"error","message":"❌ خطأ في جلب بيانات صاحب البث:"}
{"level":"error","message":"❌ خطأ في جلب بيانات صاحب البث:"}
{"level":"error","message":"❌ خطأ في جلب بيانات صاحب البث:"}
{"level":"error","message":"❌ خطأ في جلب بيانات صاحب البث:"}
{"level":"error","message":"❌ خطأ في جلب بيانات صاحب البث:"}
{"level":"error","message":"❌ خطأ في جلب بيانات صاحب البث:"}
{"level":"error","message":"❌ خطأ في جلب بيانات صاحب البث:"}
{"level":"error","message":"❌ خطأ في جلب بيانات صاحب البث:"}
{"level":"error","message":"❌ خطأ في جلب بيانات صاحب البث:"}
{"level":"error","message":"❌ خطأ في جلب بيانات صاحب البث:"}
{"level":"error","message":"❌ خطأ في جلب بيانات صاحب البث:"}
{"level":"error","message":"❌ خطأ في جلب بيانات صاحب البث:"}
{"level":"error","message":"❌ خطأ في جلب بيانات صاحب البث:"}
{"level":"error","message":"❌ خطأ في جلب بيانات صاحب البث:"}
{"level":"error","message":"❌ خطأ في جلب بيانات صاحب البث:"}
{"level":"error","message":"❌ خطأ في جلب بيانات صاحب البث:"}
{"level":"error","message":"❌ خطأ في جلب بيانات صاحب البث:"}
{"level":"error","message":"❌ خطأ في جلب بيانات صاحب البث:"}
{"level":"error","message":"❌ خطأ في جلب بيانات صاحب البث:"}
{"level":"error","message":"❌ خطأ في جلب بيانات صاحب البث:"}
{"level":"error","message":"❌ خطأ في جلب بيانات صاحب البث:"}
{"level":"error","message":"❌ خطأ في جلب المستخدمين:"}
{"level":"error","message":"❌ خطأ في جلب الإحصائيات:"}
{"level":"error","message":"❌ خطأ في جلب المستخدمين:"}
{"level":"error","message":"❌ خطأ في جلب الإحصائيات:"}
{"level":"error","message":"❌ خطأ في جلب المستخدمين:"}
{"level":"error","message":"❌ خطأ في جلب الإحصائيات:"}
{"level":"error","message":"❌ خطأ في جلب بيانات صاحب البث:"}
{"level":"error","message":"❌ خطأ في جلب بيانات صاحب البث:"}
{"level":"error","message":"❌ خطأ في جلب بيانات صاحب البث:"}
{"level":"error","message":"❌ خطأ في جلب بيانات صاحب البث:"}
{"level":"error","message":"❌ خطأ في جلب بيانات صاحب البث:"}
{"level":"error","message":"❌ خطأ في جلب بيانات صاحب البث:"}
{"level":"error","message":"❌ خطأ في جلب بيانات صاحب البث:"}
{"level":"error","message":"❌ خطأ في جلب بيانات صاحب البث:"}
{"level":"error","message":"❌ خطأ في جلب بيانات صاحب البث:"}
{"level":"error","message":"❌ خطأ في جلب بيانات صاحب البث:"}
{"level":"error","message":"❌ خطأ في جلب بيانات صاحب البث:"}
{"level":"error","message":"❌ خطأ في جلب بيانات صاحب البث:"}
{"level":"error","message":"❌ خطأ في جلب بيانات صاحب البث:"}
{"level":"error","message":"❌ خطأ في جلب بيانات صاحب البث:"}
{"level":"error","message":"❌ خطأ في جلب بيانات صاحب البث:"}
{"level":"error","message":"❌ خطأ في جلب بيانات صاحب البث:"}
{"level":"error","message":"❌ خطأ في جلب بيانات صاحب البث:"}
{"level":"error","message":"❌ خطأ في جلب بيانات صاحب البث:"}
{"level":"error","message":"❌ خطأ في جلب بيانات صاحب البث:"}
{"level":"error","message":"❌ خطأ في جلب بيانات صاحب البث:"}
{"level":"error","message":"❌ خطأ في جلب بيانات صاحب البث:"}
{"level":"error","message":"❌ خطأ في جلب بيانات صاحب البث:"}
{"level":"error","message":"❌ خطأ في جلب بيانات صاحب البث:"}
{"level":"error","message":"❌ خطأ في جلب بيانات صاحب البث:"}
{"level":"error","message":"❌ خطأ في جلب بيانات صاحب البث:"}
{"level":"error","message":"❌ خطأ في جلب بيانات صاحب البث:"}
{"level":"error","message":"❌ خطأ في جلب بيانات صاحب البث:"}
{"level":"error","message":"❌ خطأ في جلب بيانات صاحب البث:"}
{"level":"error","message":"❌ خطأ في جلب بيانات صاحب البث:"}
{"level":"error","message":"❌ خطأ في جلب بيانات صاحب البث:"}
{"level":"error","message":"❌ خطأ في جلب المستخدمين:"}
{"level":"error","message":"❌ خطأ في جلب الإحصائيات:"}
{"level":"error","message":"❌ خطأ في جلب المستخدمين:"}
{"level":"error","message":"❌ خطأ في جلب الإحصائيات:"}
{"level":"error","message":"❌ خطأ في جلب المستخدمين:"}
{"level":"error","message":"❌ خطأ في جلب الإحصائيات:"}
{"level":"error","message":"❌ خطأ في جلب بيانات صاحب البث:"}
{"level":"error","message":"❌ خطأ في جلب بيانات صاحب البث:"}
{"level":"error","message":"❌ خطأ في جلب بيانات صاحب البث:"}
{"level":"error","message":"❌ خطأ في جلب بيانات صاحب البث:"}
{"level":"error","message":"❌ خطأ في جلب بيانات صاحب البث:"}
{"level":"error","message":"❌ خطأ في جلب بيانات صاحب البث:"}
{"level":"error","message":"❌ خطأ في جلب بيانات صاحب البث:"}
{"level":"error","message":"❌ خطأ في جلب بيانات صاحب البث:"}
{"level":"error","message":"❌ خطأ في جلب بيانات صاحب البث:"}
{"level":"error","message":"❌ خطأ في جلب بيانات صاحب البث:"}
{"level":"error","message":"❌ خطأ في جلب بيانات صاحب البث:"}
{"level":"error","message":"❌ خطأ في جلب بيانات صاحب البث:"}
{"level":"error","message":"❌ خطأ في جلب بيانات صاحب البث:"}
{"level":"error","message":"❌ خطأ في جلب بيانات صاحب البث:"}
{"level":"error","message":"❌ خطأ في جلب بيانات صاحب البث:"}
{"level":"error","message":"❌ خطأ في جلب بيانات صاحب البث:"}
{"level":"error","message":"❌ خطأ في جلب بيانات صاحب البث:"}
{"level":"error","message":"❌ خطأ في جلب بيانات صاحب البث:"}
{"level":"error","message":"❌ خطأ في جلب بيانات صاحب البث:"}
{"level":"error","message":"❌ خطأ في جلب بيانات صاحب البث:"}
{"level":"error","message":"❌ خطأ في جلب بيانات صاحب البث:"}
{"level":"error","message":"❌ خطأ في جلب بيانات صاحب البث:"}
{"level":"error","message":"❌ خطأ في جلب بيانات صاحب البث:"}
{"level":"error","message":"❌ خطأ في جلب بيانات صاحب البث:"}
{"level":"error","message":"❌ خطأ في جلب بيانات صاحب البث:"}
{"level":"error","message":"❌ خطأ في جلب بيانات صاحب البث:"}
{"level":"error","message":"❌ خطأ في جلب بيانات صاحب البث:"}
{"level":"error","message":"❌ خطأ في جلب بيانات صاحب البث:"}
{"level":"error","message":"❌ خطأ في جلب بيانات صاحب البث:"}
{"level":"error","message":"❌ خطأ في جلب بيانات صاحب البث:"}
{"level":"error","message":"❌ خطأ في جلب المستخدمين:"}
{"level":"error","message":"❌ خطأ في جلب الإحصائيات:"}
{"level":"error","message":"❌ خطأ في جلب المستخدمين:"}
{"level":"error","message":"❌ خطأ في جلب الإحصائيات:"}
{"level":"error","message":"❌ خطأ في جلب المستخدمين:"}
{"level":"error","message":"❌ خطأ في جلب الإحصائيات:"}
{"level":"error","message":"❌ خطأ في جلب بيانات صاحب البث:"}
{"level":"error","message":"❌ خطأ في جلب بيانات صاحب البث:"}
{"level":"error","message":"❌ خطأ في جلب بيانات صاحب البث:"}
{"level":"error","message":"❌ خطأ في جلب بيانات صاحب البث:"}
{"level":"error","message":"❌ خطأ في جلب بيانات صاحب البث:"}
{"level":"error","message":"❌ خطأ في جلب بيانات صاحب البث:"}
{"level":"error","message":"❌ خطأ في جلب بيانات صاحب البث:"}
{"level":"error","message":"❌ خطأ في جلب بيانات صاحب البث:"}
{"level":"error","message":"❌ خطأ في جلب بيانات صاحب البث:"}
{"level":"error","message":"❌ خطأ في جلب بيانات صاحب البث:"}
{"level":"error","message":"❌ خطأ في جلب بيانات صاحب البث:"}
{"level":"error","message":"❌ خطأ في جلب بيانات صاحب البث:"}
{"level":"error","message":"❌ خطأ في جلب بيانات صاحب البث:"}
{"level":"error","message":"❌ خطأ في جلب بيانات صاحب البث:"}
{"level":"error","message":"❌ خطأ في جلب بيانات صاحب البث:"}
{"level":"error","message":"❌ خطأ في جلب بيانات صاحب البث:"}
{"level":"error","message":"❌ خطأ في جلب بيانات صاحب البث:"}
{"level":"error","message":"❌ خطأ في جلب بيانات صاحب البث:"}
{"level":"error","message":"❌ خطأ في جلب بيانات صاحب البث:"}
{"level":"error","message":"❌ خطأ في جلب بيانات صاحب البث:"}
{"level":"error","message":"❌ خطأ في جلب بيانات صاحب البث:"}
{"level":"error","message":"❌ خطأ في جلب بيانات صاحب البث:"}
{"level":"error","message":"❌ خطأ في جلب بيانات صاحب البث:"}
{"level":"error","message":"❌ خطأ في جلب بيانات صاحب البث:"}
{"level":"error","message":"❌ خطأ في جلب بيانات صاحب البث:"}
{"level":"error","message":"❌ خطأ في جلب بيانات صاحب البث:"}
{"level":"error","message":"❌ خطأ في جلب بيانات صاحب البث:"}
{"level":"error","message":"❌ خطأ في جلب بيانات صاحب البث:"}
{"level":"error","message":"❌ خطأ في جلب بيانات صاحب البث:"}
{"level":"error","message":"❌ خطأ في جلب بيانات صاحب البث:"}
{"level":"error","message":"❌ خطأ في جلب المستخدمين:"}
{"level":"error","message":"❌ خطأ في جلب الإحصائيات:"}
{"level":"error","message":"❌ خطأ في جلب المستخدمين:"}
{"level":"error","message":"❌ خطأ في جلب الإحصائيات:"}
{"level":"error","message":"❌ خطأ في جلب المستخدمين:"}
{"level":"error","message":"❌ خطأ في جلب الإحصائيات:"}
{"level":"error","message":"❌ خطأ في جلب بيانات صاحب البث:"}
{"level":"error","message":"❌ خطأ في جلب بيانات صاحب البث:"}
{"level":"error","message":"❌ خطأ في جلب بيانات صاحب البث:"}
{"level":"error","message":"❌ خطأ في جلب بيانات صاحب البث:"}
{"level":"error","message":"❌ خطأ في جلب بيانات صاحب البث:"}
{"level":"error","message":"❌ خطأ في جلب بيانات صاحب البث:"}
{"level":"error","message":"❌ خطأ في جلب بيانات صاحب البث:"}
{"level":"error","message":"❌ خطأ في جلب بيانات صاحب البث:"}
{"level":"error","message":"❌ خطأ في جلب بيانات صاحب البث:"}
{"level":"error","message":"❌ خطأ في جلب بيانات صاحب البث:"}
{"level":"error","message":"❌ خطأ في جلب المستخدمين:"}
{"level":"error","message":"❌ خطأ في جلب الإحصائيات:"}
{"level":"error","message":"❌ خطأ في جلب بيانات صاحب البث:"}
{"level":"error","message":"❌ خطأ في جلب بيانات صاحب البث:"}
{"level":"error","message":"❌ خطأ في جلب بيانات صاحب البث:"}
{"level":"error","message":"❌ خطأ في جلب بيانات صاحب البث:"}
{"level":"error","message":"❌ خطأ في جلب بيانات صاحب البث:"}
{"level":"error","message":"❌ خطأ في جلب بيانات صاحب البث:"}
{"level":"error","message":"❌ خطأ في جلب بيانات صاحب البث:"}
{"level":"error","message":"❌ خطأ في جلب المستخدمين:"}
{"level":"error","message":"❌ خطأ في جلب الإحصائيات:"}
{"level":"error","message":"❌ خطأ في جلب بيانات صاحب البث:"}
{"level":"error","message":"❌ خطأ في جلب بيانات صاحب البث:"}
{"level":"error","message":"❌ خطأ في جلب بيانات صاحب البث:"}
{"level":"error","message":"❌ خطأ في جلب بيانات صاحب البث:"}
{"level":"error","message":"❌ خطأ في جلب بيانات صاحب البث:"}
{"level":"error","message":"❌ خطأ في جلب بيانات صاحب البث:"}
{"level":"error","message":"❌ خطأ في جلب بيانات صاحب البث:"}
{"level":"error","message":"❌ خطأ في جلب بيانات صاحب البث:"}
{"level":"error","message":"❌ خطأ في جلب بيانات صاحب البث:"}
{"level":"error","message":"❌ خطأ في جلب بيانات صاحب البث:"}
{"level":"error","message":"❌ خطأ في جلب بيانات صاحب البث:"}
{"level":"error","message":"❌ خطأ في جلب بيانات صاحب البث:"}
{"level":"error","message":"❌ خطأ في جلب بيانات صاحب البث:"}
{"level":"error","message":"❌ خطأ في جلب المستخدمين:"}
{"level":"error","message":"❌ خطأ في جلب الإحصائيات:"}
{"level":"error","message":"❌ خطأ في جلب المستخدمين:"}
{"level":"error","message":"❌ خطأ في جلب الإحصائيات:"}
{"level":"error","message":"❌ خطأ في جلب بيانات صاحب البث:"}
{"level":"error","message":"❌ خطأ في جلب بيانات صاحب البث:"}
{"level":"error","message":"❌ خطأ في جلب المستخدمين:"}
{"level":"error","message":"❌ خطأ في جلب الإحصائيات:"}
{"level":"error","message":"❌ خطأ في جلب بيانات صاحب البث:"}
{"level":"error","message":"❌ خطأ في جلب بيانات صاحب البث:"}
{"level":"error","message":"❌ خطأ في جلب بيانات صاحب البث:"}
{"level":"error","message":"❌ خطأ في جلب بيانات صاحب البث:"}
{"level":"error","message":"❌ خطأ في جلب بيانات صاحب البث:"}
{"level":"error","message":"❌ خطأ في جلب بيانات صاحب البث:"}
{"level":"error","message":"❌ خطأ في جلب بيانات صاحب البث:"}
{"level":"error","message":"❌ خطأ في جلب بيانات صاحب البث:"}
{"level":"error","message":"❌ خطأ في جلب بيانات صاحب البث:"}
{"level":"error","message":"❌ خطأ في جلب بيانات صاحب البث:"}
{"level":"error","message":"❌ خطأ في جلب بيانات صاحب البث:"}
{"level":"error","message":"❌ خطأ في جلب بيانات صاحب البث:"}
{"level":"error","message":"❌ خطأ في جلب بيانات صاحب البث:"}
{"level":"error","message":"❌ خطأ في جلب بيانات صاحب البث:"}
{"level":"error","message":"❌ خطأ في جلب بيانات صاحب البث:"}
{"level":"error","message":"❌ خطأ في جلب بيانات صاحب البث:"}
{"level":"error","message":"❌ خطأ في جلب بيانات صاحب البث:"}
{"level":"error","message":"❌ خطأ في جلب بيانات صاحب البث:"}
{"level":"error","message":"❌ خطأ في جلب بيانات صاحب البث:"}
{"level":"error","message":"❌ خطأ في جلب بيانات صاحب البث:"}
{"level":"error","message":"❌ خطأ في جلب بيانات صاحب البث:"}
{"level":"error","message":"❌ خطأ في جلب بيانات صاحب البث:"}
{"level":"error","message":"❌ خطأ في جلب بيانات صاحب البث:"}
{"level":"error","message":"❌ خطأ في جلب بيانات صاحب البث:"}
{"level":"error","message":"❌ خطأ في جلب بيانات صاحب البث:"}
{"level":"error","message":"❌ خطأ في جلب بيانات صاحب البث:"}
{"level":"error","message":"❌ خطأ في جلب بيانات صاحب البث:"}
{"level":"error","message":"❌ خطأ في جلب بيانات صاحب البث:"}
{"level":"error","message":"❌ خطأ في جلب الإحصائيات:"}
{"level":"error","message":"❌ خطأ في جلب المستخدمين:"}
{"level":"error","message":"❌ خطأ في جلب المستخدمين:"}
{"level":"error","message":"❌ خطأ في جلب الإحصائيات:"}
{"level":"error","message":"❌ خطأ في جلب المستخدمين:"}
{"level":"error","message":"❌ خطأ في جلب الإحصائيات:"}
{"level":"error","message":"❌ خطأ في جلب بيانات صاحب البث:"}
{"level":"error","message":"❌ خطأ في جلب بيانات صاحب البث:"}
{"level":"error","message":"❌ خطأ في جلب بيانات صاحب البث:"}
{"level":"error","message":"❌ خطأ في جلب بيانات صاحب البث:"}
{"level":"error","message":"❌ خطأ في جلب بيانات صاحب البث:"}
{"level":"error","message":"❌ خطأ في جلب بيانات صاحب البث:"}
{"level":"error","message":"❌ خطأ في جلب بيانات صاحب البث:"}
{"level":"error","message":"❌ خطأ في جلب بيانات صاحب البث:"}
{"level":"error","message":"❌ خطأ في جلب بيانات صاحب البث:"}
{"level":"error","message":"❌ خطأ في جلب بيانات صاحب البث:"}
{"level":"error","message":"❌ خطأ في جلب بيانات صاحب البث:"}
{"level":"info","message":"✅ السيرفر يعمل على http://localhost:3000"}
{"level":"info","message":"🎵 مجلد الصوت: G:\\موقعى مضمون - Copy\\all-mine-webhook 3 - Copy\\minecraft_backend\\audio"}
{"level":"info","message":"🖼️ مجلد الصور: G:\\موقعى مضمون - Copy\\all-mine-webhook 3 - Copy\\minecraft_backend\\public\\images"}
{"level":"info","message":"📺 مجلد الشاشات: G:\\موقعى مضمون - Copy\\all-mine-webhook 3 - Copy\\minecraft_backend\\screens"}
{"level":"info","message":"🎬 مجلد الفيديو: G:\\موقعى مضمون - Copy\\all-mine-webhook 3 - Copy\\minecraft_backend\\videos"}
{"level":"info","message":"✅ متصل بـ MongoDB"}
{"level":"info","message":"ℹ️ تم إزالة حقل username من المستندات"}
{"level":"info","message":"✅ تم التأكد من وجود فهرس فريد على email"}
{"level":"info","message":"♻️ currentProfile loaded:"}
{"level":"error","message":"❌ خطأ في جلب بيانات صاحب البث:"}
{"level":"info","message":"✅ تم مزامنة 1502 ملف صوتي مع MongoDB"}
{"level":"info","message":"ℹ️ لم يتم العثور على gifts.json، سيتم إنشاء الهدايا لاحقاً عبر API"}
{"level":"error","message":"❌ خطأ في تحديث الكاش:"}
{"level":"warn","message":"⚠️ خطأ أثناء التهيئة:"}
{"level":"error","message":"❌ خطأ في جلب بيانات صاحب البث:"}
{"level":"info","message":"✅ السيرفر يعمل على http://localhost:3000"}
{"level":"info","message":"🎵 مجلد الصوت: G:\\موقعى مضمون - Copy\\all-mine-webhook 3 - Copy\\minecraft_backend\\audio"}
{"level":"info","message":"🖼️ مجلد الصور: G:\\موقعى مضمون - Copy\\all-mine-webhook 3 - Copy\\minecraft_backend\\public\\images"}
{"level":"info","message":"📺 مجلد الشاشات: G:\\موقعى مضمون - Copy\\all-mine-webhook 3 - Copy\\minecraft_backend\\screens"}
{"level":"info","message":"🎬 مجلد الفيديو: G:\\موقعى مضمون - Copy\\all-mine-webhook 3 - Copy\\minecraft_backend\\videos"}
{"level":"info","message":"✅ متصل بـ MongoDB"}
{"level":"error","message":"❌ خطأ في جلب بيانات صاحب البث:"}
{"level":"info","message":"ℹ️ تم إزالة حقل username من المستندات"}
{"level":"info","message":"✅ تم التأكد من وجود فهرس فريد على email"}
{"level":"info","message":"♻️ currentProfile loaded:"}
{"level":"error","message":"❌ خطأ في جلب بيانات صاحب البث:"}
{"level":"info","message":"✅ تم مزامنة 1502 ملف صوتي مع MongoDB"}
{"level":"info","message":"ℹ️ لم يتم العثور على gifts.json، سيتم إنشاء الهدايا لاحقاً عبر API"}
{"level":"error","message":"❌ خطأ في تحديث الكاش:"}
{"level":"warn","message":"⚠️ خطأ أثناء التهيئة:"}
{"level":"error","message":"❌ خطأ في جلب بيانات صاحب البث:"}
{"level":"error","message":"❌ خطأ في جلب بيانات صاحب البث:"}
{"level":"error","message":"❌ خطأ في جلب بيانات صاحب البث:"}
{"level":"error","message":"❌ خطأ في جلب بيانات صاحب البث:"}
{"level":"error","message":"❌ خطأ في جلب بيانات صاحب البث:"}
{"level":"info","message":"✅ السيرفر يعمل على http://localhost:3000"}
{"level":"info","message":"🎵 مجلد الصوت: G:\\موقعى مضمون - Copy\\all-mine-webhook 3 - Copy\\minecraft_backend\\audio"}
{"level":"info","message":"🖼️ مجلد الصور: G:\\موقعى مضمون - Copy\\all-mine-webhook 3 - Copy\\minecraft_backend\\public\\images"}
{"level":"info","message":"📺 مجلد الشاشات: G:\\موقعى مضمون - Copy\\all-mine-webhook 3 - Copy\\minecraft_backend\\screens"}
{"level":"info","message":"🎬 مجلد الفيديو: G:\\موقعى مضمون - Copy\\all-mine-webhook 3 - Copy\\minecraft_backend\\videos"}
{"level":"info","message":"✅ متصل بـ MongoDB"}
{"level":"info","message":"ℹ️ تم إزالة حقل username من المستندات"}
{"level":"info","message":"✅ تم التأكد من وجود فهرس فريد على email"}
{"level":"info","message":"♻️ currentProfile loaded:"}
{"level":"error","message":"❌ خطأ في جلب بيانات صاحب البث:"}
{"level":"info","message":"✅ تم مزامنة 1502 ملف صوتي مع MongoDB"}
{"level":"info","message":"ℹ️ لم يتم العثور على gifts.json، سيتم إنشاء الهدايا لاحقاً عبر API"}
{"level":"error","message":"❌ خطأ في تحديث الكاش:"}
{"level":"warn","message":"⚠️ خطأ أثناء التهيئة:"}
{"level":"error","message":"❌ خطأ في جلب بيانات صاحب البث:"}
{"level":"error","message":"❌ خطأ في جلب بيانات صاحب البث:"}
{"level":"info","message":"✅ السيرفر يعمل على http://localhost:3000"}
{"level":"info","message":"🎵 مجلد الصوت: G:\\موقعى مضمون - Copy\\all-mine-webhook 3 - Copy\\minecraft_backend\\audio"}
{"level":"info","message":"🖼️ مجلد الصور: G:\\موقعى مضمون - Copy\\all-mine-webhook 3 - Copy\\minecraft_backend\\public\\images"}
{"level":"info","message":"📺 مجلد الشاشات: G:\\موقعى مضمون - Copy\\all-mine-webhook 3 - Copy\\minecraft_backend\\screens"}
{"level":"info","message":"🎬 مجلد الفيديو: G:\\موقعى مضمون - Copy\\all-mine-webhook 3 - Copy\\minecraft_backend\\videos"}
{"level":"info","message":"✅ متصل بـ MongoDB"}
{"level":"info","message":"ℹ️ تم إزالة حقل username من المستندات"}
{"level":"info","message":"✅ تم التأكد من وجود فهرس فريد على email"}
{"level":"info","message":"♻️ currentProfile loaded:"}
{"level":"error","message":"❌ خطأ في جلب بيانات صاحب البث:"}
{"level":"info","message":"✅ تم مزامنة 1502 ملف صوتي مع MongoDB"}
{"level":"info","message":"ℹ️ لم يتم العثور على gifts.json، سيتم إنشاء الهدايا لاحقاً عبر API"}
{"level":"error","message":"❌ خطأ في تحديث الكاش:"}
{"level":"warn","message":"⚠️ خطأ أثناء التهيئة:"}
{"level":"error","message":"❌ خطأ في جلب بيانات صاحب البث:"}
{"level":"error","message":"❌ خطأ في جلب بيانات صاحب البث:"}
{"level":"error","message":"❌ خطأ في جلب بيانات صاحب البث:"}
{"level":"error","message":"❌ خطأ في جلب بيانات صاحب البث:"}
{"level":"error","message":"❌ خطأ في جلب بيانات صاحب البث:"}
{"level":"error","message":"❌ خطأ في جلب بيانات صاحب البث:"}
{"level":"error","message":"❌ خطأ في جلب بيانات صاحب البث:"}
{"level":"error","message":"❌ خطأ في جلب بيانات صاحب البث:"}
{"level":"error","message":"❌ خطأ في جلب بيانات صاحب البث:"}
{"level":"error","message":"❌ خطأ في جلب بيانات صاحب البث:"}
{"level":"error","message":"❌ خطأ في جلب بيانات صاحب البث:"}
{"level":"error","message":"❌ خطأ في جلب بيانات صاحب البث:"}
{"level":"error","message":"❌ خطأ في جلب بيانات صاحب البث:"}
{"level":"error","message":"❌ خطأ في جلب بيانات صاحب البث:"}
{"level":"error","message":"❌ خطأ في جلب بيانات صاحب البث:"}
{"level":"error","message":"❌ خطأ في جلب بيانات صاحب البث:"}
{"level":"error","message":"❌ خطأ في جلب بيانات صاحب البث:"}
{"level":"error","message":"❌ خطأ في جلب بيانات صاحب البث:"}
{"level":"error","message":"❌ خطأ في جلب بيانات صاحب البث:"}
{"level":"error","message":"❌ خطأ في جلب بيانات صاحب البث:"}
{"level":"error","message":"❌ خطأ في جلب بيانات صاحب البث:"}
{"level":"error","message":"❌ خطأ في جلب بيانات صاحب البث:"}
{"level":"error","message":"❌ خطأ في جلب بيانات صاحب البث:"}
{"level":"error","message":"❌ خطأ في جلب بيانات صاحب البث:"}
{"level":"error","message":"❌ خطأ في جلب بيانات صاحب البث:"}
{"level":"error","message":"❌ خطأ في جلب بيانات صاحب البث:"}
{"level":"error","message":"❌ خطأ في جلب بيانات صاحب البث:"}
{"level":"error","message":"❌ خطأ في جلب بيانات صاحب البث:"}
{"level":"error","message":"❌ خطأ في جلب بيانات صاحب البث:"}
{"level":"error","message":"❌ خطأ في جلب بيانات صاحب البث:"}
{"level":"error","message":"❌ خطأ في جلب بيانات صاحب البث:"}
{"level":"error","message":"❌ خطأ في جلب بيانات صاحب البث:"}
{"level":"error","message":"❌ خطأ في جلب بيانات صاحب البث:"}
{"level":"error","message":"❌ خطأ في جلب بيانات صاحب البث:"}
{"level":"error","message":"❌ خطأ في جلب بيانات صاحب البث:"}
{"level":"error","message":"❌ خطأ في جلب بيانات صاحب البث:"}
{"level":"error","message":"❌ خطأ في جلب بيانات صاحب البث:"}
{"level":"error","message":"❌ خطأ في جلب بيانات صاحب البث:"}
{"level":"error","message":"❌ خطأ في جلب بيانات صاحب البث:"}
{"level":"error","message":"❌ خطأ في جلب بيانات صاحب البث:"}
{"level":"error","message":"❌ خطأ في جلب بيانات صاحب البث:"}
{"level":"error","message":"❌ خطأ في جلب بيانات صاحب البث:"}
{"level":"error","message":"❌ خطأ في جلب بيانات صاحب البث:"}
{"level":"error","message":"❌ خطأ في جلب بيانات صاحب البث:"}
{"level":"error","message":"❌ خطأ في جلب بيانات صاحب البث:"}
{"level":"error","message":"❌ خطأ في جلب بيانات صاحب البث:"}
{"level":"error","message":"❌ خطأ في جلب بيانات صاحب البث:"}
{"level":"error","message":"❌ خطأ في جلب بيانات صاحب البث:"}
{"level":"error","message":"❌ خطأ في جلب بيانات صاحب البث:"}
{"level":"error","message":"❌ خطأ في جلب بيانات صاحب البث:"}
{"level":"error","message":"❌ خطأ في جلب بيانات صاحب البث:"}
{"level":"error","message":"❌ خطأ في جلب بيانات صاحب البث:"}
{"level":"error","message":"❌ خطأ في جلب بيانات صاحب البث:"}
{"level":"error","message":"❌ خطأ في جلب بيانات صاحب البث:"}
{"level":"error","message":"❌ خطأ في جلب بيانات صاحب البث:"}
{"level":"error","message":"❌ خطأ في جلب بيانات صاحب البث:"}
{"level":"error","message":"❌ خطأ في جلب بيانات صاحب البث:"}
{"level":"error","message":"❌ خطأ في جلب بيانات صاحب البث:"}
{"level":"error","message":"❌ خطأ في جلب بيانات صاحب البث:"}
{"level":"error","message":"❌ خطأ في جلب بيانات صاحب البث:"}
{"level":"error","message":"❌ خطأ في جلب بيانات صاحب البث:"}
{"level":"error","message":"❌ خطأ في جلب بيانات صاحب البث:"}
{"level":"error","message":"❌ خطأ في جلب بيانات صاحب البث:"}
{"level":"error","message":"❌ خطأ في جلب بيانات صاحب البث:"}
{"level":"error","message":"❌ خطأ في جلب بيانات صاحب البث:"}
{"level":"error","message":"❌ خطأ في جلب بيانات صاحب البث:"}
{"level":"error","message":"❌ خطأ في جلب بيانات صاحب البث:"}
{"level":"error","message":"❌ خطأ في جلب بيانات صاحب البث:"}
{"level":"error","message":"❌ خطأ في جلب بيانات صاحب البث:"}
{"level":"error","message":"❌ خطأ في جلب بيانات صاحب البث:"}
{"level":"error","message":"❌ خطأ في جلب بيانات صاحب البث:"}
{"level":"error","message":"❌ خطأ في جلب بيانات صاحب البث:"}
{"level":"error","message":"❌ خطأ في جلب بيانات صاحب البث:"}
{"level":"error","message":"❌ خطأ في جلب بيانات صاحب البث:"}
{"level":"error","message":"❌ خطأ في جلب بيانات صاحب البث:"}
{"level":"error","message":"❌ خطأ في جلب بيانات صاحب البث:"}
{"level":"error","message":"❌ خطأ في جلب بيانات صاحب البث:"}
{"level":"error","message":"❌ خطأ في جلب بيانات صاحب البث:"}
{"level":"error","message":"❌ خطأ في جلب بيانات صاحب البث:"}
{"level":"error","message":"❌ خطأ في جلب بيانات صاحب البث:"}
{"level":"error","message":"❌ خطأ في جلب بيانات صاحب البث:"}
{"level":"error","message":"❌ خطأ في جلب بيانات صاحب البث:"}
{"level":"error","message":"❌ خطأ في جلب بيانات صاحب البث:"}
{"level":"error","message":"❌ خطأ في جلب بيانات صاحب البث:"}
{"level":"error","message":"❌ خطأ في جلب بيانات صاحب البث:"}
{"level":"error","message":"❌ خطأ في جلب بيانات صاحب البث:"}
{"level":"error","message":"❌ خطأ في جلب بيانات صاحب البث:"}
{"level":"error","message":"❌ خطأ في جلب بيانات صاحب البث:"}
{"level":"error","message":"❌ خطأ في جلب بيانات صاحب البث:"}
{"level":"error","message":"❌ خطأ في جلب بيانات صاحب البث:"}
{"level":"error","message":"❌ خطأ في جلب بيانات صاحب البث:"}
{"level":"error","message":"❌ خطأ في جلب بيانات صاحب البث:"}
{"level":"info","message":"✅ السيرفر يعمل على http://localhost:3000"}
{"level":"info","message":"🎵 مجلد الصوت: G:\\موقعى مضمون - Copy\\all-mine-webhook 3 - Copy\\minecraft_backend\\audio"}
{"level":"info","message":"🖼️ مجلد الصور: G:\\موقعى مضمون - Copy\\all-mine-webhook 3 - Copy\\minecraft_backend\\public\\images"}
{"level":"info","message":"📺 مجلد الشاشات: G:\\موقعى مضمون - Copy\\all-mine-webhook 3 - Copy\\minecraft_backend\\screens"}
{"level":"info","message":"🎬 مجلد الفيديو: G:\\موقعى مضمون - Copy\\all-mine-webhook 3 - Copy\\minecraft_backend\\videos"}
{"level":"info","message":"✅ متصل بـ MongoDB"}
{"level":"info","message":"ℹ️ تم إزالة حقل username من المستندات"}
{"level":"info","message":"✅ تم التأكد من وجود فهرس فريد على email"}
{"level":"info","message":"♻️ currentProfile loaded:"}
{"level":"error","message":"❌ خطأ في جلب بيانات صاحب البث:"}
{"level":"info","message":"✅ تم مزامنة 1502 ملف صوتي مع MongoDB"}
{"level":"info","message":"ℹ️ لم يتم العثور على gifts.json، سيتم إنشاء الهدايا لاحقاً عبر API"}
{"level":"error","message":"❌ خطأ في تحديث الكاش:"}
{"level":"warn","message":"⚠️ خطأ أثناء التهيئة:"}
{"level":"error","message":"❌ خطأ في جلب بيانات صاحب البث:"}
{"level":"info","message":"✅ السيرفر يعمل على http://localhost:3000"}
{"level":"info","message":"🎵 مجلد الصوت: G:\\موقعى مضمون - Copy\\all-mine-webhook 4\\minecraft_backend\\audio"}
{"level":"info","message":"🖼️ مجلد الصور: G:\\موقعى مضمون - Copy\\all-mine-webhook 4\\minecraft_backend\\public\\images"}
{"level":"info","message":"📺 مجلد الشاشات: G:\\موقعى مضمون - Copy\\all-mine-webhook 4\\minecraft_backend\\screens"}
{"level":"info","message":"🎬 مجلد الفيديو: G:\\موقعى مضمون - Copy\\all-mine-webhook 4\\minecraft_backend\\videos"}
{"level":"info","message":"✅ متصل بـ MongoDB"}
{"level":"info","message":"ℹ️ تم إزالة حقل username من المستندات"}
{"level":"info","message":"✅ تم حذف الفهرس القديم screenToken_1"}
{"level":"info","message":"✅ تم التأكد من وجود فهرس فريد على email"}
{"level":"info","message":"♻️ currentProfile loaded:"}
{"level":"error","message":"❌ خطأ في جلب بيانات صاحب البث:"}
{"level":"info","message":"✅ تم مزامنة 1502 ملف صوتي مع MongoDB"}
{"level":"info","message":"ℹ️ لم يتم العثور على gifts.json، سيتم إنشاء الهدايا لاحقاً عبر API"}
{"level":"error","message":"❌ خطأ في تحديث الكاش:"}
{"level":"warn","message":"⚠️ خطأ أثناء التهيئة:"}
{"level":"error","message":"❌ خطأ في جلب بيانات صاحب البث:"}
{"level":"error","message":"❌ خطأ في جلب بيانات صاحب البث:"}
{"level":"error","message":"❌ خطأ في جلب بيانات صاحب البث:"}
{"level":"error","message":"❌ خطأ في جلب بيانات صاحب البث:"}
{"level":"error","message":"❌ خطأ في جلب بيانات صاحب البث:"}
{"level":"error","message":"❌ خطأ في جلب بيانات صاحب البث:"}
{"level":"error","message":"❌ خطأ في جلب بيانات صاحب البث:"}
{"level":"error","message":"❌ خطأ في جلب بيانات صاحب البث:"}
{"level":"error","message":"❌ خطأ في جلب بيانات صاحب البث:"}
{"level":"error","message":"❌ خطأ في جلب بيانات صاحب البث:"}
{"level":"error","message":"❌ خطأ في جلب بيانات صاحب البث:"}
{"level":"error","message":"❌ خطأ في جلب بيانات صاحب البث:"}
{"level":"error","message":"❌ خطأ في جلب بيانات صاحب البث:"}
{"level":"error","message":"❌ خطأ في جلب بيانات صاحب البث:"}
{"level":"error","message":"❌ خطأ في جلب بيانات صاحب البث:"}
{"level":"error","message":"❌ خطأ في جلب بيانات صاحب البث:"}
{"level":"error","message":"❌ خطأ في جلب بيانات صاحب البث:"}
{"level":"error","message":"❌ خطأ في جلب بيانات صاحب البث:"}
{"level":"error","message":"❌ خطأ في جلب بيانات صاحب البث:"}
{"level":"error","message":"❌ خطأ في جلب بيانات صاحب البث:"}
{"level":"error","message":"❌ خطأ في جلب بيانات صاحب البث:"}
{"level":"error","message":"❌ خطأ في جلب بيانات صاحب البث:"}
{"level":"error","message":"❌ خطأ في جلب بيانات صاحب البث:"}
{"level":"error","message":"❌ خطأ في جلب بيانات صاحب البث:"}
{"level":"error","message":"❌ خطأ في جلب بيانات صاحب البث:"}
{"level":"error","message":"❌ خطأ في جلب بيانات صاحب البث:"}
{"level":"error","message":"❌ خطأ في جلب بيانات صاحب البث:"}
{"level":"error","message":"❌ خطأ في جلب بيانات صاحب البث:"}
{"level":"error","message":"❌ خطأ في جلب بيانات صاحب البث:"}
{"level":"info","message":"📌 تم تعيين اسم مستخدم TikTok:"}
{"level":"error","message":"❌ خطأ في جلب بيانات صاحب البث:"}
{"level":"error","message":"❌ خطأ في جلب بيانات صاحب البث:"}
{"level":"error","message":"❌ خطأ في جلب بيانات صاحب البث:"}
{"level":"error","message":"❌ خطأ في جلب بيانات صاحب البث:"}
{"level":"error","message":"❌ خطأ في جلب بيانات صاحب البث:"}
{"level":"error","message":"❌ خطأ في جلب بيانات صاحب البث:"}
{"level":"error","message":"❌ خطأ في جلب بيانات صاحب البث:"}
{"level":"error","message":"❌ خطأ في جلب بيانات صاحب البث:"}
{"level":"error","message":"❌ خطأ في جلب بيانات صاحب البث:"}
{"level":"error","message":"❌ خطأ في جلب بيانات صاحب البث:"}
{"level":"error","message":"❌ خطأ في جلب بيانات صاحب البث:"}
{"level":"error","message":"❌ خطأ في جلب بيانات صاحب البث:"}
{"level":"error","message":"❌ خطأ في جلب بيانات صاحب البث:"}
{"level":"error","message":"❌ خطأ في جلب بيانات صاحب البث:"}
{"level":"error","message":"❌ خطأ في جلب بيانات صاحب البث:"}
{"level":"error","message":"❌ خطأ في جلب بيانات صاحب البث:"}
{"level":"error","message":"❌ خطأ في جلب بيانات صاحب البث:"}
{"level":"error","message":"❌ خطأ في جلب بيانات صاحب البث:"}
{"level":"error","message":"❌ خطأ في جلب بيانات صاحب البث:"}
{"level":"error","message":"❌ خطأ في جلب بيانات صاحب البث:"}
{"level":"error","message":"❌ خطأ في جلب بيانات صاحب البث:"}
{"level":"error","message":"❌ خطأ في جلب بيانات صاحب البث:"}
{"level":"error","message":"❌ خطأ في جلب بيانات صاحب البث:"}
{"level":"error","message":"❌ خطأ في جلب بيانات صاحب البث:"}
{"level":"error","message":"❌ خطأ في جلب بيانات صاحب البث:"}
{"level":"error","message":"❌ خطأ في جلب بيانات صاحب البث:"}
{"level":"error","message":"❌ خطأ في جلب بيانات صاحب البث:"}
{"level":"error","message":"❌ خطأ في جلب بيانات صاحب البث:"}
{"level":"error","message":"❌ خطأ في جلب بيانات صاحب البث:"}
{"level":"error","message":"❌ خطأ في جلب بيانات صاحب البث:"}
{"level":"error","message":"❌ خطأ في جلب بيانات صاحب البث:"}
{"level":"error","message":"❌ خطأ في جلب بيانات صاحب البث:"}
{"level":"error","message":"❌ خطأ في جلب بيانات صاحب البث:"}
{"level":"error","message":"❌ خطأ في جلب بيانات صاحب البث:"}
{"level":"error","message":"❌ خطأ في جلب بيانات صاحب البث:"}
{"level":"error","message":"❌ خطأ في جلب بيانات صاحب البث:"}
{"level":"error","message":"❌ خطأ في جلب بيانات صاحب البث:"}
{"level":"error","message":"❌ خطأ في جلب بيانات صاحب البث:"}
{"level":"error","message":"❌ خطأ في جلب بيانات صاحب البث:"}
{"level":"error","message":"❌ خطأ في جلب بيانات صاحب البث:"}
{"level":"error","message":"❌ خطأ في جلب بيانات صاحب البث:"}
{"level":"error","message":"❌ خطأ في جلب بيانات صاحب البث:"}
{"level":"error","message":"❌ خطأ في جلب بيانات صاحب البث:"}
{"level":"error","message":"❌ خطأ في جلب بيانات صاحب البث:"}
{"level":"error","message":"❌ خطأ في جلب بيانات صاحب البث:"}
{"level":"error","message":"❌ خطأ في جلب بيانات صاحب البث:"}
{"level":"error","message":"❌ خطأ في جلب بيانات صاحب البث:"}
{"level":"error","message":"❌ خطأ في جلب بيانات صاحب البث:"}
{"level":"error","message":"❌ خطأ في جلب بيانات صاحب البث:"}
{"level":"error","message":"❌ خطأ في جلب بيانات صاحب البث:"}
{"level":"error","message":"❌ خطأ في جلب بيانات صاحب البث:"}
{"level":"error","message":"❌ خطأ في جلب بيانات صاحب البث:"}
{"level":"error","message":"❌ خطأ في جلب بيانات صاحب البث:"}
{"level":"error","message":"❌ خطأ في جلب بيانات صاحب البث:"}
{"level":"error","message":"❌ خطأ في جلب بيانات صاحب البث:"}
{"level":"error","message":"❌ خطأ في جلب بيانات صاحب البث:"}
{"level":"error","message":"❌ خطأ في جلب بيانات صاحب البث:"}
{"level":"error","message":"❌ خطأ في جلب بيانات صاحب البث:"}
{"level":"error","message":"❌ خطأ في جلب بيانات صاحب البث:"}
{"level":"error","message":"❌ خطأ في جلب بيانات صاحب البث:"}
{"level":"error","message":"❌ خطأ في جلب بيانات صاحب البث:"}
{"level":"error","message":"❌ خطأ في جلب بيانات صاحب البث:"}
{"level":"error","message":"❌ خطأ في جلب بيانات صاحب البث:"}
{"level":"error","message":"❌ خطأ في جلب بيانات صاحب البث:"}
{"level":"error","message":"❌ خطأ في جلب بيانات صاحب البث:"}
{"level":"error","message":"❌ خطأ في جلب بيانات صاحب البث:"}
{"level":"error","message":"❌ خطأ في جلب بيانات صاحب البث:"}
{"level":"error","message":"❌ خطأ في جلب بيانات صاحب البث:"}
{"level":"error","message":"❌ خطأ في جلب بيانات صاحب البث:"}
{"level":"error","message":"❌ خطأ في جلب بيانات صاحب البث:"}
{"level":"error","message":"❌ خطأ في جلب بيانات صاحب البث:"}
{"level":"error","message":"❌ خطأ في جلب بيانات صاحب البث:"}
{"level":"error","message":"❌ خطأ في جلب بيانات صاحب البث:"}
{"level":"error","message":"❌ خطأ في جلب بيانات صاحب البث:"}
{"level":"error","message":"❌ خطأ في جلب بيانات صاحب البث:"}
{"level":"error","message":"❌ خطأ في جلب بيانات صاحب البث:"}
{"level":"error","message":"❌ خطأ في جلب بيانات صاحب البث:"}
{"level":"error","message":"❌ خطأ في جلب بيانات صاحب البث:"}
{"level":"info","message":"✅ السيرفر يعمل على http://localhost:3000"}
{"level":"info","message":"🎵 مجلد الصوت: G:\\موقعى مضمون - Copy\\all-mine-webhook 4\\minecraft_backend\\audio"}
{"level":"info","message":"🖼️ مجلد الصور: G:\\موقعى مضمون - Copy\\all-mine-webhook 4\\minecraft_backend\\public\\images"}
{"level":"info","message":"📺 مجلد الشاشات: G:\\موقعى مضمون - Copy\\all-mine-webhook 4\\minecraft_backend\\screens"}
{"level":"info","message":"🎬 مجلد الفيديو: G:\\موقعى مضمون - Copy\\all-mine-webhook 4\\minecraft_backend\\videos"}
{"level":"info","message":"✅ متصل بـ MongoDB"}
{"level":"info","message":"ℹ️ تم إزالة حقل username من المستندات"}
{"level":"info","message":"✅ تم التأكد من وجود فهرس فريد على email"}
{"level":"info","message":"♻️ currentProfile loaded:"}
{"level":"error","message":"❌ خطأ في جلب بيانات صاحب البث:"}
{"level":"error","message":"❌ خطأ في جلب بيانات صاحب البث:"}
{"level":"info","message":"✅ تم مزامنة 1502 ملف صوتي مع MongoDB"}
{"level":"info","message":"ℹ️ لم يتم العثور على gifts.json، سيتم إنشاء الهدايا لاحقاً عبر API"}
{"level":"error","message":"❌ خطأ في تحديث الكاش:"}
{"level":"warn","message":"⚠️ خطأ أثناء التهيئة:"}
{"level":"error","message":"❌ خطأ في جلب بيانات صاحب البث:"}
{"level":"info","message":"✅ السيرفر يعمل على http://localhost:3000"}
{"level":"info","message":"🎵 مجلد الصوت: G:\\موقعى مضمون - Copy\\all-mine-webhook 4\\minecraft_backend\\audio"}
{"level":"info","message":"🖼️ مجلد الصور: G:\\موقعى مضمون - Copy\\all-mine-webhook 4\\minecraft_backend\\public\\images"}
{"level":"info","message":"📺 مجلد الشاشات: G:\\موقعى مضمون - Copy\\all-mine-webhook 4\\minecraft_backend\\screens"}
{"level":"info","message":"🎬 مجلد الفيديو: G:\\موقعى مضمون - Copy\\all-mine-webhook 4\\minecraft_backend\\videos"}
{"level":"info","message":"✅ متصل بـ MongoDB"}
{"level":"info","message":"ℹ️ تم إزالة حقل username من المستندات"}
{"level":"info","message":"✅ تم التأكد من وجود فهرس فريد على email"}
{"level":"info","message":"♻️ currentProfile loaded:"}
{"level":"info","message":"✅ تم مزامنة 1502 ملف صوتي مع MongoDB"}
{"level":"info","message":"ℹ️ لم يتم العثور على gifts.json، سيتم إنشاء الهدايا لاحقاً عبر API"}
{"level":"info","message":"♻️ تم تحديث الكاش - البروفايلات: 15,1"}
{"level":"error","message":"❌ خطأ RCON:"}
{"level":"info","message":"⚠️ الحساب @ashura_1q ليس لايف حالياً"}
{"level":"info","message":"✅ السيرفر يعمل على http://localhost:3000"}
{"level":"info","message":"🎵 مجلد الصوت: G:\\موقعى مضمون - Copy\\all-mine-webhook 4\\minecraft_backend\\audio"}
{"level":"info","message":"🖼️ مجلد الصور: G:\\موقعى مضمون - Copy\\all-mine-webhook 4\\minecraft_backend\\public\\images"}
{"level":"info","message":"📺 مجلد الشاشات: G:\\موقعى مضمون - Copy\\all-mine-webhook 4\\minecraft_backend\\screens"}
{"level":"info","message":"🎬 مجلد الفيديو: G:\\موقعى مضمون - Copy\\all-mine-webhook 4\\minecraft_backend\\videos"}
{"level":"info","message":"✅ متصل بـ MongoDB"}
{"level":"info","message":"ℹ️ تم إزالة حقل username من المستندات"}
{"level":"info","message":"✅ تم التأكد من وجود فهرس فريد على email"}
{"level":"info","message":"♻️ currentProfile loaded:"}
{"level":"info","message":"✅ السيرفر يعمل على http://localhost:3000"}
{"level":"info","message":"🎵 مجلد الصوت: G:\\موقعى مضمون - Copy\\all-mine-webhook 4\\minecraft_backend\\audio"}
{"level":"info","message":"🖼️ مجلد الصور: G:\\موقعى مضمون - Copy\\all-mine-webhook 4\\minecraft_backend\\public\\images"}
{"level":"info","message":"📺 مجلد الشاشات: G:\\موقعى مضمون - Copy\\all-mine-webhook 4\\minecraft_backend\\screens"}
{"level":"info","message":"🎬 مجلد الفيديو: G:\\موقعى مضمون - Copy\\all-mine-webhook 4\\minecraft_backend\\videos"}
{"level":"info","message":"✅ متصل بـ MongoDB"}
{"level":"info","message":"ℹ️ تم إزالة حقل username من المستندات"}
{"level":"info","message":"✅ تم التأكد من وجود فهرس فريد على email"}
{"level":"info","message":"♻️ currentProfile loaded:"}
{"level":"info","message":"✅ السيرفر يعمل على http://localhost:3000"}
{"level":"info","message":"🎵 مجلد الصوت: G:\\موقعى مضمون - Copy\\all-mine-webhook 4\\minecraft_backend\\audio"}
{"level":"info","message":"🖼️ مجلد الصور: G:\\موقعى مضمون - Copy\\all-mine-webhook 4\\minecraft_backend\\public\\images"}
{"level":"info","message":"📺 مجلد الشاشات: G:\\موقعى مضمون - Copy\\all-mine-webhook 4\\minecraft_backend\\screens"}
{"level":"info","message":"🎬 مجلد الفيديو: G:\\موقعى مضمون - Copy\\all-mine-webhook 4\\minecraft_backend\\videos"}
{"level":"info","message":"✅ متصل بـ MongoDB"}
{"level":"info","message":"ℹ️ تم إزالة حقل username من المستندات"}
{"level":"info","message":"✅ تم التأكد من وجود فهرس فريد على email"}
{"level":"info","message":"♻️ currentProfile loaded:"}
{"level":"info","message":"✅ تم مزامنة 1502 ملف صوتي مع MongoDB"}
{"level":"info","message":"ℹ️ لم يتم العثور على gifts.json، سيتم إنشاء الهدايا لاحقاً عبر API"}
{"level":"info","message":"♻️ تم تحديث الكاش - البروفايلات: 15,1"}
{"level":"error","message":"❌ خطأ RCON:"}
{"level":"info","message":"⚠️ الحساب @ashura_1q ليس لايف حالياً"}
{"level":"info","message":"✅ السيرفر يعمل على http://localhost:3000"}
{"level":"info","message":"🎵 مجلد الصوت: G:\\موقعى مضمون - Copy\\all-mine-webhook 4\\minecraft_backend\\audio"}
{"level":"info","message":"🖼️ مجلد الصور: G:\\موقعى مضمون - Copy\\all-mine-webhook 4\\minecraft_backend\\public\\images"}
{"level":"info","message":"📺 مجلد الشاشات: G:\\موقعى مضمون - Copy\\all-mine-webhook 4\\minecraft_backend\\screens"}
{"level":"info","message":"🎬 مجلد الفيديو: G:\\موقعى مضمون - Copy\\all-mine-webhook 4\\minecraft_backend\\videos"}
{"level":"info","message":"✅ متصل بـ MongoDB"}
{"level":"info","message":"ℹ️ تم إزالة حقل username من المستندات"}
{"level":"error","message":"❌ خطأ في جلب بيانات صاحب البث:"}
{"level":"info","message":"✅ تم التأكد من وجود فهرس فريد على email"}
{"level":"info","message":"♻️ currentProfile loaded:"}
{"level":"error","message":"❌ خطأ في جلب بيانات صاحب البث:"}
{"level":"info","message":"✅ تم مزامنة 1502 ملف صوتي مع MongoDB"}
{"level":"info","message":"ℹ️ لم يتم العثور على gifts.json، سيتم إنشاء الهدايا لاحقاً عبر API"}
{"level":"error","message":"❌ خطأ في تحديث الكاش:"}
{"level":"warn","message":"⚠️ خطأ أثناء التهيئة:"}
{"level":"error","message":"❌ خطأ في جلب بيانات صاحب البث:"}
{"level":"error","message":"❌ خطأ في جلب بيانات صاحب البث:"}
{"level":"info","message":"✅ السيرفر يعمل على http://localhost:3000"}
{"level":"info","message":"🎵 مجلد الصوت: G:\\موقعى مضمون - Copy\\all-mine-webhook 4\\minecraft_backend\\audio"}
{"level":"info","message":"🖼️ مجلد الصور: G:\\موقعى مضمون - Copy\\all-mine-webhook 4\\minecraft_backend\\public\\images"}
{"level":"info","message":"📺 مجلد الشاشات: G:\\موقعى مضمون - Copy\\all-mine-webhook 4\\minecraft_backend\\screens"}
{"level":"info","message":"🎬 مجلد الفيديو: G:\\موقعى مضمون - Copy\\all-mine-webhook 4\\minecraft_backend\\videos"}
{"level":"info","message":"✅ متصل بـ MongoDB"}
{"level":"info","message":"ℹ️ تم إزالة حقل username من المستندات"}
{"level":"info","message":"✅ تم التأكد من وجود فهرس فريد على email"}
{"level":"info","message":"♻️ currentProfile loaded:"}
{"level":"error","message":"❌ خطأ في جلب بيانات صاحب البث:"}
{"level":"info","message":"✅ تم مزامنة 1502 ملف صوتي مع MongoDB"}
{"level":"info","message":"ℹ️ لم يتم العثور على gifts.json، سيتم إنشاء الهدايا لاحقاً عبر API"}
{"level":"error","message":"❌ خطأ في تحديث الكاش:"}
{"level":"warn","message":"⚠️ خطأ أثناء التهيئة:"}
{"level":"error","message":"❌ خطأ في جلب بيانات صاحب البث:"}
{"level":"error","message":"❌ خطأ في جلب بيانات صاحب البث:"}
{"level":"error","message":"❌ خطأ في جلب بيانات صاحب البث:"}
{"level":"error","message":"❌ خطأ في جلب بيانات صاحب البث:"}
{"level":"error","message":"❌ خطأ في جلب بيانات صاحب البث:"}
{"level":"error","message":"❌ خطأ في جلب بيانات صاحب البث:"}
{"level":"error","message":"❌ خطأ في جلب بيانات صاحب البث:"}
{"level":"error","message":"❌ خطأ في جلب بيانات صاحب البث:"}
{"level":"info","message":"✅ السيرفر يعمل على http://localhost:3000"}
{"level":"info","message":"🎵 مجلد الصوت: G:\\موقعى مضمون - Copy\\all-mine-webhook 4\\minecraft_backend\\audio"}
{"level":"info","message":"🖼️ مجلد الصور: G:\\موقعى مضمون - Copy\\all-mine-webhook 4\\minecraft_backend\\public\\images"}
{"level":"info","message":"📺 مجلد الشاشات: G:\\موقعى مضمون - Copy\\all-mine-webhook 4\\minecraft_backend\\screens"}
{"level":"info","message":"🎬 مجلد الفيديو: G:\\موقعى مضمون - Copy\\all-mine-webhook 4\\minecraft_backend\\videos"}
{"level":"info","message":"✅ متصل بـ MongoDB"}
{"level":"info","message":"ℹ️ تم إزالة حقل username من المستندات"}
{"level":"info","message":"✅ تم التأكد من وجود فهرس فريد على email"}
{"level":"info","message":"♻️ currentProfile loaded:"}
{"level":"info","message":"✅ تم مزامنة 1502 ملف صوتي مع MongoDB"}
{"level":"info","message":"ℹ️ لم يتم العثور على gifts.json، سيتم إنشاء الهدايا لاحقاً عبر API"}
{"level":"info","message":"♻️ تم تحديث الكاش - البروفايلات: 15,1"}
{"level":"error","message":"❌ خطأ RCON:"}
{"level":"info","message":"⚠️ الحساب @ashura_1q ليس لايف حالياً"}
{"level":"info","message":"✅ السيرفر يعمل على http://localhost:3000"}
{"level":"info","message":"🎵 مجلد الصوت: G:\\موقعى مضمون - Copy\\all-mine-webhook 4\\minecraft_backend\\audio"}
{"level":"info","message":"🖼️ مجلد الصور: G:\\موقعى مضمون - Copy\\all-mine-webhook 4\\minecraft_backend\\public\\images"}
{"level":"info","message":"📺 مجلد الشاشات: G:\\موقعى مضمون - Copy\\all-mine-webhook 4\\minecraft_backend\\screens"}
{"level":"info","message":"🎬 مجلد الفيديو: G:\\موقعى مضمون - Copy\\all-mine-webhook 4\\minecraft_backend\\videos"}
{"level":"info","message":"✅ متصل بـ MongoDB"}
{"level":"info","message":"ℹ️ تم إزالة حقل username من المستندات"}
{"level":"info","message":"✅ تم التأكد من وجود فهرس فريد على email"}
{"level":"info","message":"♻️ currentProfile loaded:"}
{"level":"info","message":"✅ تم مزامنة 1502 ملف صوتي مع MongoDB"}
{"level":"info","message":"ℹ️ لم يتم العثور على gifts.json، سيتم إنشاء الهدايا لاحقاً عبر API"}
{"level":"info","message":"♻️ تم تحديث الكاش - البروفايلات: 15,1"}
{"level":"error","message":"❌ خطأ RCON:"}
{"level":"info","message":"⚠️ الحساب @ashura_1q ليس لايف حالياً"}
{"level":"info","message":"📌 تم قطع الاتصال فقط (بدون حذف الاسم)"}
{"level":"info","message":"✅ السيرفر يعمل على http://localhost:3000"}
{"level":"info","message":"🎵 مجلد الصوت: G:\\موقعى مضمون - Copy\\all-mine-webhook 4\\minecraft_backend\\audio"}
{"level":"info","message":"🖼️ مجلد الصور: G:\\موقعى مضمون - Copy\\all-mine-webhook 4\\minecraft_backend\\public\\images"}
{"level":"info","message":"🎬 مجلد الفيديو: G:\\موقعى مضمون - Copy\\all-mine-webhook 4\\minecraft_backend\\videos"}
{"level":"info","message":"✅ متصل بـ MongoDB"}
{"level":"info","message":"ℹ️ تم إزالة حقل username من المستندات"}
{"level":"info","message":"✅ تم حذف الفهرس القديم screenToken_1"}
{"level":"info","message":"✅ تم التأكد من وجود فهرس فريد على email"}
{"level":"info","message":"✅ تم إنشاء فهرس فريد لـ screenToken"}
{"level":"info","message":"♻️ currentProfile loaded:"}
{"level":"info","message":"✅ تم مزامنة 1502 ملف صوتي مع MongoDB"}
{"level":"info","message":"ℹ️ لم يتم العثور على gifts.json، سيتم إنشاء الهدايا لاحقاً عبر API"}
{"level":"info","message":"♻️ تم تحديث الكاش - البروفايلات: 15,1"}
{"level":"error","message":"❌ خطأ RCON:"}
{"level":"info","message":"⚠️ الحساب @ashura_1q ليس لايف حالياً"}
{"level":"info","message":"📱 شاشة متصلة للمستخدم captenblank1@gmail.com، انضم إلى غرفة user-69c005f40ba21d66dc4c74b1"}
{"level":"info","message":"♻️ تم تحديث الكاش - البروفايلات: 15,1"}
{"level":"info","message":"♻️ تم تحديث الكاش - البروفايلات: 15,1"}
{"level":"info","message":"✅ السيرفر يعمل على http://localhost:3000"}
{"level":"info","message":"🎵 مجلد الصوت: G:\\موقعى مضمون - Copy\\all-mine-webhook 4\\minecraft_backend\\audio"}
{"level":"info","message":"🖼️ مجلد الصور: G:\\موقعى مضمون - Copy\\all-mine-webhook 4\\minecraft_backend\\public\\images"}
{"level":"info","message":"📺 مجلد الشاشات: G:\\موقعى مضمون - Copy\\all-mine-webhook 4\\minecraft_backend\\screens"}
{"level":"info","message":"🎬 مجلد الفيديو: G:\\موقعى مضمون - Copy\\all-mine-webhook 4\\minecraft_backend\\videos"}
{"level":"info","message":"✅ متصل بـ MongoDB"}
{"level":"info","message":"ℹ️ تم إزالة حقل username من المستندات"}
{"level":"info","message":"✅ تم حذف الفهرس القديم screenToken_1"}
{"level":"info","message":"✅ تم التأكد من وجود فهرس فريد على email"}
{"level":"info","message":"♻️ currentProfile loaded:"}
{"level":"info","message":"📱 عميل Socket.IO متصل:"}
{"level":"info","message":"✅ تم مزامنة 1502 ملف صوتي مع MongoDB"}
{"level":"info","message":"ℹ️ لم يتم العثور على gifts.json، سيتم إنشاء الهدايا لاحقاً عبر API"}
{"level":"info","message":"♻️ تم تحديث الكاش - البروفايلات: 15,1"}
{"level":"error","message":"❌ خطأ RCON:"}
{"level":"info","message":"⚠️ الحساب @ashura_1q ليس لايف حالياً"}
{"level":"info","message":"📱 عميل Socket.IO قطع الاتصال:"}
{"level":"info","message":"📱 عميل Socket.IO متصل:"}
{"level":"info","message":"♻️ تم تحديث الكاش - البروفايلات: 15,1"}
{"level":"info","message":"📱 عميل Socket.IO قطع الاتصال:"}
{"level":"info","message":"✅ السيرفر يعمل على http://localhost:3000"}
{"level":"info","message":"🎵 مجلد الصوت: G:\\موقعى مضمون - Copy\\all-mine-webhook 4\\minecraft_backend\\audio"}
{"level":"info","message":"🖼️ مجلد الصور: G:\\موقعى مضمون - Copy\\all-mine-webhook 4\\minecraft_backend\\public\\images"}
{"level":"info","message":"📺 مجلد الشاشات الثابتة: G:\\موقعى مضمون - Copy\\all-mine-webhook 4\\minecraft_backend\\screens"}
{"level":"info","message":"🎬 مجلد الفيديو: G:\\موقعى مضمون - Copy\\all-mine-webhook 4\\minecraft_backend\\videos"}
{"level":"info","message":"✅ متصل بـ MongoDB"}
{"level":"info","message":"ℹ️ تم إزالة حقل username من المستندات"}
{"level":"info","message":"✅ تم حذف الفهرس القديم screenToken_1"}
{"level":"info","message":"✅ تم التأكد من وجود فهرس فريد على email"}
{"level":"info","message":"✅ تم إنشاء فهرس فريد لـ screenToken"}
{"level":"info","message":"♻️ currentProfile loaded:"}
{"level":"info","message":"✅ تم مزامنة 1502 ملف صوتي مع MongoDB"}
{"level":"info","message":"ℹ️ لم يتم العثور على gifts.json، سيتم إنشاء الهدايا لاحقاً عبر API"}
{"level":"info","message":"♻️ تم تحديث الكاش - البروفايلات: 15,1"}
{"level":"error","message":"❌ خطأ RCON:"}
{"level":"info","message":"⚠️ الحساب @ashura_1q ليس لايف حالياً"}
{"level":"info","message":"✅ السيرفر يعمل على http://localhost:3000"}
{"level":"info","message":"🎵 مجلد الصوت: G:\\موقعى مضمون - Copy\\all-mine-webhook 4\\minecraft_backend\\audio"}
{"level":"info","message":"🖼️ مجلد الصور: G:\\موقعى مضمون - Copy\\all-mine-webhook 4\\minecraft_backend\\public\\images"}
{"level":"info","message":"📺 مجلد الشاشات الثابتة: G:\\موقعى مضمون - Copy\\all-mine-webhook 4\\minecraft_backend\\screens"}
{"level":"info","message":"🎬 مجلد الفيديو: G:\\موقعى مضمون - Copy\\all-mine-webhook 4\\minecraft_backend\\videos"}
{"level":"info","message":"✅ متصل بـ MongoDB"}
{"level":"info","message":"ℹ️ تم إزالة حقل username من المستندات"}
{"level":"info","message":"✅ تم حذف الفهرس القديم screenToken_1"}
{"level":"info","message":"✅ تم التأكد من وجود فهرس فريد على email"}
{"level":"info","message":"✅ تم إنشاء فهرس فريد لـ screenToken"}
{"level":"info","message":"♻️ currentProfile loaded:"}
{"level":"info","message":"✅ تم مزامنة 1502 ملف صوتي مع MongoDB"}
{"level":"info","message":"ℹ️ لم يتم العثور على gifts.json، سيتم إنشاء الهدايا لاحقاً عبر API"}
{"level":"info","message":"♻️ تم تحديث الكاش - البروفايلات: 15,1"}
{"level":"error","message":"❌ خطأ RCON:"}
{"level":"info","message":"⚠️ الحساب @ashura_1q ليس لايف حالياً"}
{"level":"info","message":"✅ السيرفر يعمل على http://localhost:3000"}
{"level":"info","message":"🎵 مجلد الصوت: G:\\موقعى مضمون - Copy\\all-mine-webhook 4\\minecraft_backend\\audio"}
{"level":"info","message":"🖼️ مجلد الصور: G:\\موقعى مضمون - Copy\\all-mine-webhook 4\\minecraft_backend\\public\\images"}
{"level":"info","message":"📺 مجلد الشاشات: G:\\موقعى مضمون - Copy\\all-mine-webhook 4\\minecraft_backend\\screens"}
{"level":"info","message":"🎬 مجلد الفيديو: G:\\موقعى مضمون - Copy\\all-mine-webhook 4\\minecraft_backend\\videos"}
{"level":"info","message":"✅ متصل بـ MongoDB"}
{"level":"info","message":"ℹ️ تم إزالة حقل username من المستندات"}
{"level":"info","message":"✅ تم حذف الفهرس القديم screenToken_1"}
{"level":"info","message":"✅ تم التأكد من وجود فهرس فريد على email"}
{"level":"info","message":"♻️ currentProfile loaded:"}
{"level":"info","message":"✅ تم مزامنة 1502 ملف صوتي مع MongoDB"}
{"level":"info","message":"ℹ️ لم يتم العثور على gifts.json، سيتم إنشاء الهدايا لاحقاً عبر API"}
{"level":"info","message":"♻️ تم تحديث الكاش - البروفايلات: 15,1"}
{"level":"error","message":"❌ خطأ RCON:"}
{"level":"info","message":"⚠️ الحساب @ashura_1q ليس لايف حالياً"}
{"level":"info","message":"✅ السيرفر يعمل على http://localhost:3000"}
{"level":"info","message":"🎵 مجلد الصوت: G:\\موقعى مضمون - Copy\\all-mine-webhook 4\\minecraft_backend\\audio"}
{"level":"info","message":"🖼️ مجلد الصور: G:\\موقعى مضمون - Copy\\all-mine-webhook 4\\minecraft_backend\\public\\images"}
{"level":"info","message":"🎬 مجلد الفيديو: G:\\موقعى مضمون - Copy\\all-mine-webhook 4\\minecraft_backend\\videos"}
{"level":"info","message":"🔑 روابط الشاشات لكل مستخدم: http://localhost:3000/my-screens"}
{"level":"info","message":"✅ متصل بـ MongoDB"}
{"level":"info","message":"ℹ️ تم إزالة حقل username من المستندات"}
{"level":"info","message":"✅ تم حذف الفهرس القديم screenToken_1"}
{"level":"info","message":"✅ تم التأكد من وجود فهرس فريد على email"}
{"level":"info","message":"✅ تم إنشاء فهرس فريد لـ screenToken"}
{"level":"info","message":"♻️ currentProfile loaded:"}
{"level":"info","message":"✅ تم مزامنة 1502 ملف صوتي مع MongoDB"}
{"level":"info","message":"ℹ️ لم يتم العثور على gifts.json، سيتم إنشاء الهدايا لاحقاً عبر API"}
{"level":"info","message":"♻️ تم تحديث الكاش - البروفايلات: 15,1"}
{"level":"error","message":"❌ خطأ RCON:"}
{"level":"info","message":"⚠️ الحساب @ashura_1q ليس لايف حالياً"}
{"level":"info","message":"✅ السيرفر يعمل على http://localhost:3000"}
{"level":"info","message":"🎵 مجلد الصوت: G:\\موقعى مضمون - Copy\\all-mine-webhook 4\\minecraft_backend\\audio"}
{"level":"info","message":"🖼️ مجلد الصور: G:\\موقعى مضمون - Copy\\all-mine-webhook 4\\minecraft_backend\\public\\images"}
{"level":"info","message":"🎬 مجلد الفيديو: G:\\موقعى مضمون - Copy\\all-mine-webhook 4\\minecraft_backend\\videos"}
{"level":"info","message":"🔑 روابط الشاشات لكل مستخدم: http://localhost:3000/my-screens"}
{"level":"info","message":"✅ متصل بـ MongoDB"}
{"level":"info","message":"ℹ️ تم إزالة حقل username من المستندات"}
{"level":"info","message":"✅ تم حذف الفهرس القديم screenToken_1"}
{"level":"info","message":"✅ تم التأكد من وجود فهرس فريد على email"}
{"level":"info","message":"✅ تم إنشاء فهرس فريد لـ screenToken"}
{"level":"info","message":"♻️ currentProfile loaded:"}
{"level":"info","message":"✅ تم مزامنة 1502 ملف صوتي مع MongoDB"}
{"level":"info","message":"ℹ️ لم يتم العثور على gifts.json، سيتم إنشاء الهدايا لاحقاً عبر API"}
{"level":"info","message":"♻️ تم تحديث الكاش - البروفايلات: 15,1"}
{"level":"error","message":"❌ خطأ RCON:"}
{"level":"info","message":"✅ السيرفر يعمل على http://localhost:3000"}
{"level":"info","message":"🎵 مجلد الصوت: G:\\موقعى مضمون - Copy\\all-mine-webhook 4\\minecraft_backend\\audio"}
{"level":"info","message":"🖼️ مجلد الصور: G:\\موقعى مضمون - Copy\\all-mine-webhook 4\\minecraft_backend\\public\\images"}
{"level":"info","message":"📺 مجلد الشاشات: G:\\موقعى مضمون - Copy\\all-mine-webhook 4\\minecraft_backend\\screens"}
{"level":"info","message":"🎬 مجلد الفيديو: G:\\موقعى مضمون - Copy\\all-mine-webhook 4\\minecraft_backend\\videos"}
{"level":"info","message":"✅ متصل بـ MongoDB"}
{"level":"info","message":"ℹ️ تم إزالة حقل username من المستندات"}
{"level":"info","message":"✅ تم حذف الفهرس القديم screenToken_1"}
{"level":"info","message":"✅ تم التأكد من وجود فهرس فريد على email"}
{"level":"info","message":"♻️ currentProfile loaded:"}
{"level":"info","message":"✅ تم مزامنة 1502 ملف صوتي مع MongoDB"}
{"level":"info","message":"ℹ️ لم يتم العثور على gifts.json، سيتم إنشاء الهدايا لاحقاً عبر API"}
{"level":"info","message":"♻️ تم تحديث الكاش - البروفايلات: 15,1"}
{"level":"error","message":"❌ خطأ RCON:"}
{"level":"info","message":"⚠️ الحساب @ashura_1q ليس لايف حالياً"}
{"level":"info","message":"✅ السيرفر يعمل على http://localhost:3000"}
{"level":"info","message":"🎵 مجلد الصوت: G:\\موقعى مضمون - Copy\\all-mine-webhook 4\\minecraft_backend\\audio"}
{"level":"info","message":"🖼️ مجلد الصور: G:\\موقعى مضمون - Copy\\all-mine-webhook 4\\minecraft_backend\\public\\images"}
{"level":"info","message":"📺 مجلد الشاشات: G:\\موقعى مضمون - Copy\\all-mine-webhook 4\\minecraft_backend\\screens"}
{"level":"info","message":"🎬 مجلد الفيديو: G:\\موقعى مضمون - Copy\\all-mine-webhook 4\\minecraft_backend\\videos"}
{"level":"info","message":"✅ متصل بـ MongoDB"}
{"level":"info","message":"ℹ️ تم إزالة حقل username من المستندات"}
{"level":"info","message":"✅ تم حذف الفهرس القديم username_1"}
{"level":"info","message":"✅ تم حذف الفهرس القديم screenToken_1"}
{"level":"info","message":"✅ تم التأكد من وجود فهرس فريد على email"}
{"level":"info","message":"♻️ currentProfile loaded:"}
{"level":"info","message":"✅ تم مزامنة 1502 ملف صوتي مع MongoDB"}
{"level":"info","message":"ℹ️ لم يتم العثور على gifts.json، سيتم إنشاء الهدايا لاحقاً عبر API"}
{"level":"info","message":"♻️ تم تحديث الكاش - البروفايلات: 15,1"}
{"level":"error","message":"❌ خطأ RCON:"}
{"level":"info","message":"⚠️ الحساب @ashura_1q ليس لايف حالياً"}
{"level":"info","message":"✅ السيرفر يعمل على http://localhost:3000"}
{"level":"info","message":"🎵 مجلد الصوت: G:\\موقعى مضمون - Copy\\all-mine-webhook 4\\minecraft_backend\\audio"}
{"level":"info","message":"🖼️ مجلد الصور: G:\\موقعى مضمون - Copy\\all-mine-webhook 4\\minecraft_backend\\public\\images"}
{"level":"info","message":"📺 مجلد الشاشات: G:\\موقعى مضمون - Copy\\all-mine-webhook 4\\minecraft_backend\\screens"}
{"level":"info","message":"🎬 مجلد الفيديو: G:\\موقعى مضمون - Copy\\all-mine-webhook 4\\minecraft_backend\\videos"}
{"level":"info","message":"✅ متصل بـ MongoDB"}
{"level":"info","message":"ℹ️ تم إزالة حقل username من المستندات"}
{"level":"info","message":"✅ تم التأكد من وجود فهرس فريد على email"}
{"level":"info","message":"♻️ currentProfile loaded:"}
{"level":"info","message":"✅ تم مزامنة 1502 ملف صوتي مع MongoDB"}
{"level":"info","message":"ℹ️ لم يتم العثور على gifts.json، سيتم إنشاء الهدايا لاحقاً عبر API"}
{"level":"info","message":"♻️ تم تحديث الكاش - البروفايلات: 15,1"}
{"level":"error","message":"❌ خطأ RCON:"}
{"level":"info","message":"⚠️ الحساب @ashura_1q ليس لايف حالياً"}
{"level":"info","message":"✅ السيرفر يعمل على http://localhost:3000"}
{"level":"info","message":"🎵 مجلد الصوت: G:\\موقعى مضمون - Copy\\all-mine-webhook 4\\minecraft_backend\\audio"}
{"level":"info","message":"🖼️ مجلد الصور: G:\\موقعى مضمون - Copy\\all-mine-webhook 4\\minecraft_backend\\public\\images"}
{"level":"info","message":"🎬 مجلد الفيديو: G:\\موقعى مضمون - Copy\\all-mine-webhook 4\\minecraft_backend\\videos"}
{"level":"info","message":"✅ متصل بـ MongoDB"}
{"level":"info","message":"ℹ️ تم إزالة حقل username من المستندات"}
{"level":"info","message":"✅ تم حذف الفهرس القديم screenToken_1"}
{"level":"info","message":"✅ تم التأكد من وجود فهرس فريد على email"}
{"level":"info","message":"✅ تم إنشاء فهرس فريد لـ screenToken"}
{"level":"info","message":"♻️ currentProfile loaded:"}
{"level":"info","message":"✅ تم مزامنة 1502 ملف صوتي مع MongoDB"}
{"level":"info","message":"ℹ️ لم يتم العثور على gifts.json، سيتم إنشاء الهدايا لاحقاً عبر API"}
{"level":"info","message":"♻️ تم تحديث الكاش - البروفايلات: 15,1"}
{"level":"error","message":"❌ خطأ RCON:"}
{"level":"info","message":"⚠️ الحساب @ashura_1q ليس لايف حالياً"}
{"level":"info","message":"✅ السيرفر يعمل على http://localhost:3000"}
{"level":"info","message":"🎵 مجلد الصوت: G:\\موقعى مضمون - Copy\\all-mine-webhook 4\\minecraft_backend\\audio"}
{"level":"info","message":"🖼️ مجلد الصور: G:\\موقعى مضمون - Copy\\all-mine-webhook 4\\minecraft_backend\\public\\images"}
{"level":"info","message":"🎬 مجلد الفيديو: G:\\موقعى مضمون - Copy\\all-mine-webhook 4\\minecraft_backend\\videos"}
{"level":"info","message":"✅ متصل بـ MongoDB"}
{"level":"info","message":"ℹ️ تم إزالة حقل username من المستندات"}
{"level":"info","message":"✅ تم حذف الفهرس القديم screenToken_1"}
{"level":"info","message":"✅ تم التأكد من وجود فهرس فريد على email"}
{"level":"info","message":"✅ تم إنشاء فهرس فريد لـ screenToken"}
{"level":"info","message":"♻️ currentProfile loaded:"}
{"level":"info","message":"✅ السيرفر يعمل على http://localhost:3000"}
{"level":"info","message":"🎵 مجلد الصوت: G:\\موقعى مضمون - Copy\\all-mine-webhook 4\\minecraft_backend\\audio"}
{"level":"info","message":"🖼️ مجلد الصور: G:\\موقعى مضمون - Copy\\all-mine-webhook 4\\minecraft_backend\\public\\images"}
{"level":"info","message":"📺 مجلد الشاشات: G:\\موقعى مضمون - Copy\\all-mine-webhook 4\\minecraft_backend\\screens"}
{"level":"info","message":"🎬 مجلد الفيديو: G:\\موقعى مضمون - Copy\\all-mine-webhook 4\\minecraft_backend\\videos"}
{"level":"info","message":"✅ متصل بـ MongoDB"}
{"level":"info","message":"ℹ️ تم إزالة حقل username من المستندات"}
{"level":"info","message":"✅ تم حذف الفهرس القديم screenToken_1"}
{"level":"info","message":"✅ تم التأكد من وجود فهرس فريد على email"}
{"level":"info","message":"♻️ currentProfile loaded:"}
{"level":"info","message":"✅ تم مزامنة 1502 ملف صوتي مع MongoDB"}
{"level":"info","message":"ℹ️ لم يتم العثور على gifts.json، سيتم إنشاء الهدايا لاحقاً عبر API"}
{"level":"info","message":"♻️ تم تحديث الكاش - البروفايلات: 15,1"}
{"level":"error","message":"❌ خطأ RCON:"}
{"level":"info","message":"⚠️ الحساب @ashura_1q ليس لايف حالياً"}
{"level":"info","message":"✅ السيرفر يعمل على http://localhost:3000"}
{"level":"info","message":"🎵 مجلد الصوت: G:\\موقعى مضمون - Copy\\all-mine-webhook 4\\minecraft_backend\\audio"}
{"level":"info","message":"🖼️ مجلد الصور: G:\\موقعى مضمون - Copy\\all-mine-webhook 4\\minecraft_backend\\public\\images"}
{"level":"info","message":"🎬 مجلد الفيديو: G:\\موقعى مضمون - Copy\\all-mine-webhook 4\\minecraft_backend\\videos"}
{"level":"info","message":"✅ متصل بـ MongoDB"}
{"level":"info","message":"ℹ️ تم إزالة حقل username من المستندات"}
{"level":"info","message":"✅ تم حذف الفهرس القديم screenToken_1"}
{"level":"info","message":"✅ تم التأكد من وجود فهرس فريد على email"}
{"level":"info","message":"✅ تم إنشاء فهرس فريد لـ screenToken"}
{"level":"info","message":"♻️ currentProfile loaded:"}
{"level":"info","message":"✅ السيرفر يعمل على http://localhost:3000"}
{"level":"info","message":"🎵 مجلد الصوت: G:\\موقعى مضمون - Copy\\all-mine-webhook 4\\minecraft_backend\\audio"}
{"level":"info","message":"🖼️ مجلد الصور: G:\\موقعى مضمون - Copy\\all-mine-webhook 4\\minecraft_backend\\public\\images"}
{"level":"info","message":"📺 مجلد الشاشات: G:\\موقعى مضمون - Copy\\all-mine-webhook 4\\minecraft_backend\\screens"}
{"level":"info","message":"🎬 مجلد الفيديو: G:\\موقعى مضمون - Copy\\all-mine-webhook 4\\minecraft_backend\\videos"}
{"level":"info","message":"✅ متصل بـ MongoDB"}
{"level":"info","message":"ℹ️ تم إزالة حقل username من المستندات"}
{"level":"info","message":"✅ تم حذف الفهرس القديم screenToken_1"}
{"level":"info","message":"✅ تم التأكد من وجود فهرس فريد على email"}
{"level":"info","message":"♻️ currentProfile loaded:"}
{"level":"info","message":"✅ تم مزامنة 1502 ملف صوتي مع MongoDB"}
{"level":"info","message":"ℹ️ لم يتم العثور على gifts.json، سيتم إنشاء الهدايا لاحقاً عبر API"}
{"level":"info","message":"♻️ تم تحديث الكاش - البروفايلات: 15,1"}
{"level":"error","message":"❌ خطأ RCON:"}
{"level":"info","message":"⚠️ الحساب @ashura_1q ليس لايف حالياً"}
{"level":"info","message":"✅ السيرفر يعمل على http://localhost:3000"}
{"level":"info","message":"🎵 مجلد الصوت: G:\\موقعى مضمون - Copy\\all-mine-webhook 4\\minecraft_backend\\audio"}
{"level":"info","message":"🖼️ مجلد الصور: G:\\موقعى مضمون - Copy\\all-mine-webhook 4\\minecraft_backend\\public\\images"}
{"level":"info","message":"🎬 مجلد الفيديو: G:\\موقعى مضمون - Copy\\all-mine-webhook 4\\minecraft_backend\\videos"}
{"level":"info","message":"✅ متصل بـ MongoDB"}
{"level":"info","message":"ℹ️ تم إزالة حقل username من المستندات"}
{"level":"info","message":"✅ تم حذف الفهرس القديم screenToken_1"}
{"level":"info","message":"✅ تم التأكد من وجود فهرس فريد على email"}
{"level":"info","message":"✅ تم إنشاء فهرس فريد لـ screenToken"}
{"level":"info","message":"♻️ currentProfile loaded:"}
{"level":"info","message":"✅ تم مزامنة 1502 ملف صوتي مع MongoDB"}
{"level":"info","message":"ℹ️ لم يتم العثور على gifts.json، سيتم إنشاء الهدايا لاحقاً عبر API"}
{"level":"info","message":"♻️ تم تحديث الكاش - البروفايلات: 15,1"}
{"level":"error","message":"❌ خطأ RCON:"}
{"level":"info","message":"✅ السيرفر يعمل على http://localhost:3000"}
{"level":"info","message":"🎵 مجلد الصوت: G:\\موقعى مضمون - Copy\\all-mine-webhook 4\\minecraft_backend\\audio"}
{"level":"info","message":"🖼️ مجلد الصور: G:\\موقعى مضمون - Copy\\all-mine-webhook 4\\minecraft_backend\\public\\images"}
{"level":"info","message":"🎬 مجلد الفيديو: G:\\موقعى مضمون - Copy\\all-mine-webhook 4\\minecraft_backend\\videos"}
{"level":"info","message":"✅ متصل بـ MongoDB"}
{"level":"info","message":"ℹ️ تم إزالة حقل username من المستندات"}
{"level":"info","message":"✅ تم حذف الفهرس القديم screenToken_1"}
{"level":"info","message":"✅ تم التأكد من وجود فهرس فريد على email"}
{"level":"info","message":"✅ تم إنشاء فهرس فريد لـ screenToken"}
{"level":"info","message":"♻️ currentProfile loaded:"}
{"level":"info","message":"✅ تم مزامنة 1502 ملف صوتي مع MongoDB"}
{"level":"info","message":"ℹ️ لم يتم العثور على gifts.json، سيتم إنشاء الهدايا لاحقاً عبر API"}
{"level":"info","message":"♻️ تم تحديث الكاش - البروفايلات: 15,1"}
{"level":"error","message":"❌ خطأ RCON:"}
{"level":"info","message":"⚠️ الحساب @ashura_1q ليس لايف حالياً"}
{"level":"info","message":"✅ السيرفر يعمل على http://localhost:3000"}
{"level":"info","message":"🎵 مجلد الصوت: G:\\موقعى مضمون - Copy\\all-mine-webhook 4\\minecraft_backend\\audio"}
{"level":"info","message":"🖼️ مجلد الصور: G:\\موقعى مضمون - Copy\\all-mine-webhook 4\\minecraft_backend\\public\\images"}
{"level":"info","message":"📺 مجلد الشاشات: G:\\موقعى مضمون - Copy\\all-mine-webhook 4\\minecraft_backend\\screens"}
{"level":"info","message":"🎬 مجلد الفيديو: G:\\موقعى مضمون - Copy\\all-mine-webhook 4\\minecraft_backend\\videos"}
{"level":"info","message":"✅ متصل بـ MongoDB"}
{"level":"info","message":"ℹ️ تم إزالة حقل username من المستندات"}
{"level":"info","message":"✅ تم حذف الفهرس القديم screenToken_1"}
{"level":"info","message":"✅ تم التأكد من وجود فهرس فريد على email"}
{"level":"info","message":"♻️ currentProfile loaded:"}
{"level":"info","message":"✅ تم مزامنة 1502 ملف صوتي مع MongoDB"}
{"level":"info","message":"ℹ️ لم يتم العثور على gifts.json، سيتم إنشاء الهدايا لاحقاً عبر API"}
{"level":"info","message":"♻️ تم تحديث الكاش - البروفايلات: 15,1"}
{"level":"error","message":"❌ خطأ RCON:"}
{"level":"info","message":"⚠️ الحساب @ashura_1q ليس لايف حالياً"}
{"level":"info","message":"✅ السيرفر يعمل على http://localhost:3000"}
{"level":"info","message":"🎵 مجلد الصوت: G:\\موقعى مضمون - Copy\\all-mine-webhook 4\\minecraft_backend\\audio"}
{"level":"info","message":"🖼️ مجلد الصور: G:\\موقعى مضمون - Copy\\all-mine-webhook 4\\minecraft_backend\\public\\images"}
{"level":"info","message":"🎬 مجلد الفيديو: G:\\موقعى مضمون - Copy\\all-mine-webhook 4\\minecraft_backend\\videos"}
{"level":"info","message":"✅ متصل بـ MongoDB"}
{"level":"info","message":"ℹ️ تم إزالة حقل username من المستندات"}
{"level":"info","message":"✅ تم حذف الفهرس القديم screenToken_1"}
{"level":"info","message":"✅ تم التأكد من وجود فهرس فريد على email"}
{"level":"info","message":"✅ تم إنشاء فهرس فريد لـ screenToken"}
{"level":"info","message":"♻️ currentProfile loaded:"}
{"level":"info","message":"✅ تم مزامنة 1502 ملف صوتي مع MongoDB"}
{"level":"info","message":"ℹ️ لم يتم العثور على gifts.json، سيتم إنشاء الهدايا لاحقاً عبر API"}
{"level":"info","message":"♻️ تم تحديث الكاش - البروفايلات: 15,1"}
{"level":"error","message":"❌ خطأ RCON:"}
{"level":"info","message":"⚠️ الحساب @ashura_1q ليس لايف حالياً"}
{"level":"info","message":"✅ السيرفر يعمل على http://localhost:3000"}
{"level":"info","message":"🎵 مجلد الصوت: G:\\موقعى مضمون - Copy\\all-mine-webhook 4\\minecraft_backend\\audio"}
{"level":"info","message":"🖼️ مجلد الصور: G:\\موقعى مضمون - Copy\\all-mine-webhook 4\\minecraft_backend\\public\\images"}
{"level":"info","message":"📺 مجلد الشاشات: G:\\موقعى مضمون - Copy\\all-mine-webhook 4\\minecraft_backend\\screens"}
{"level":"info","message":"🎬 مجلد الفيديو: G:\\موقعى مضمون - Copy\\all-mine-webhook 4\\minecraft_backend\\videos"}
{"level":"info","message":"✅ متصل بـ MongoDB"}
{"level":"info","message":"ℹ️ تم إزالة حقل username من المستندات"}
{"level":"info","message":"✅ تم حذف الفهرس القديم screenToken_1"}
{"level":"info","message":"✅ تم التأكد من وجود فهرس فريد على email"}
{"level":"info","message":"♻️ currentProfile loaded:"}
{"level":"info","message":"✅ تم مزامنة 1502 ملف صوتي مع MongoDB"}
{"level":"info","message":"ℹ️ لم يتم العثور على gifts.json، سيتم إنشاء الهدايا لاحقاً عبر API"}
{"level":"info","message":"♻️ تم تحديث الكاش - البروفايلات: 15,1"}
{"level":"error","message":"❌ خطأ RCON:"}
{"level":"info","message":"⚠️ الحساب @ashura_1q ليس لايف حالياً"}
{"level":"info","message":"✅ السيرفر يعمل على http://localhost:3000"}
{"level":"info","message":"🎵 مجلد الصوت: G:\\موقعى مضمون - Copy\\all-mine-webhook 4\\minecraft_backend\\audio"}
{"level":"info","message":"🖼️ مجلد الصور: G:\\موقعى مضمون - Copy\\all-mine-webhook 4\\minecraft_backend\\public\\images"}
{"level":"info","message":"🎬 مجلد الفيديو: G:\\موقعى مضمون - Copy\\all-mine-webhook 4\\minecraft_backend\\videos"}
{"level":"info","message":"✅ متصل بـ MongoDB"}
{"level":"info","message":"ℹ️ تم إزالة حقل username من المستندات"}
{"level":"info","message":"✅ تم حذف الفهرس القديم screenToken_1"}
{"level":"info","message":"✅ تم التأكد من وجود فهرس فريد على email"}
{"level":"info","message":"✅ تم إنشاء فهرس فريد لـ screenToken"}
{"level":"info","message":"♻️ currentProfile loaded:"}
{"level":"info","message":"✅ تم مزامنة 1502 ملف صوتي مع MongoDB"}
{"level":"info","message":"ℹ️ لم يتم العثور على gifts.json، سيتم إنشاء الهدايا لاحقاً عبر API"}
{"level":"info","message":"♻️ تم تحديث الكاش - البروفايلات: 15,1"}
{"level":"error","message":"❌ خطأ RCON:"}
{"level":"info","message":"⚠️ الحساب @ashura_1q ليس لايف حالياً"}
{"level":"info","message":"✅ السيرفر يعمل على http://localhost:3000"}
{"level":"info","message":"🎵 مجلد الصوت: G:\\موقعى مضمون - Copy\\all-mine-webhook 4\\minecraft_backend\\audio"}
{"level":"info","message":"🖼️ مجلد الصور: G:\\موقعى مضمون - Copy\\all-mine-webhook 4\\minecraft_backend\\public\\images"}
{"level":"info","message":"🎬 مجلد الفيديو: G:\\موقعى مضمون - Copy\\all-mine-webhook 4\\minecraft_backend\\videos"}
{"level":"info","message":"✅ متصل بـ MongoDB"}
{"level":"info","message":"ℹ️ تم إزالة حقل username من المستندات"}
{"level":"info","message":"✅ تم حذف الفهرس القديم screenToken_1"}
{"level":"info","message":"✅ تم التأكد من وجود فهرس فريد على email"}
{"level":"info","message":"✅ تم إنشاء فهرس فريد لـ screenToken"}
{"level":"info","message":"♻️ currentProfile loaded:"}
{"level":"info","message":"✅ السيرفر يعمل على http://localhost:3000"}
{"level":"info","message":"🎵 مجلد الصوت: G:\\موقعى مضمون - Copy\\all-mine-webhook 4\\minecraft_backend\\audio"}
{"level":"info","message":"🖼️ مجلد الصور: G:\\موقعى مضمون - Copy\\all-mine-webhook 4\\minecraft_backend\\public\\images"}
{"level":"info","message":"🎬 مجلد الفيديو: G:\\موقعى مضمون - Copy\\all-mine-webhook 4\\minecraft_backend\\videos"}
{"level":"info","message":"✅ متصل بـ MongoDB"}
{"level":"info","message":"ℹ️ تم إزالة حقل username من المستندات"}
{"level":"info","message":"✅ تم حذف الفهرس القديم screenToken_1"}
{"level":"info","message":"✅ تم التأكد من وجود فهرس فريد على email"}
{"level":"info","message":"✅ تم إنشاء فهرس فريد لـ screenToken"}
{"level":"info","message":"♻️ currentProfile loaded:"}
{"level":"info","message":"✅ تم مزامنة 1502 ملف صوتي مع MongoDB"}
{"level":"info","message":"ℹ️ لم يتم العثور على gifts.json، سيتم إنشاء الهدايا لاحقاً عبر API"}
{"level":"info","message":"♻️ تم تحديث الكاش - البروفايلات: 15,1"}
{"level":"error","message":"❌ خطأ RCON:"}
{"level":"info","message":"⚠️ الحساب @ashura_1q ليس لايف حالياً"}
{"level":"info","message":"✅ السيرفر يعمل على http://localhost:3000"}
{"level":"info","message":"🎵 مجلد الصوت: G:\\موقعى مضمون - Copy\\all-mine-webhook 4\\minecraft_backend\\audio"}
{"level":"info","message":"🖼️ مجلد الصور: G:\\موقعى مضمون - Copy\\all-mine-webhook 4\\minecraft_backend\\public\\images"}
{"level":"info","message":"🎬 مجلد الفيديو: G:\\موقعى مضمون - Copy\\all-mine-webhook 4\\minecraft_backend\\videos"}
{"level":"info","message":"✅ متصل بـ MongoDB"}
{"level":"info","message":"ℹ️ تم إزالة حقل username من المستندات"}
{"level":"info","message":"✅ تم حذف الفهرس القديم screenToken_1"}
{"level":"info","message":"✅ تم التأكد من وجود فهرس فريد على email"}
{"level":"info","message":"✅ تم إنشاء فهرس فريد لـ screenToken"}
{"level":"info","message":"♻️ currentProfile loaded:"}
{"level":"info","message":"✅ تم مزامنة 1502 ملف صوتي مع MongoDB"}
{"level":"info","message":"ℹ️ لم يتم العثور على gifts.json، سيتم إنشاء الهدايا لاحقاً عبر API"}
{"level":"info","message":"♻️ تم تحديث الكاش - البروفايلات: 15,1"}
{"level":"error","message":"❌ خطأ RCON:"}
{"level":"info","message":"⚠️ الحساب @ashura_1q ليس لايف حالياً"}
{"level":"info","message":"✅ السيرفر يعمل على http://localhost:3000"}
{"level":"info","message":"🎵 مجلد الصوت: G:\\موقعى مضمون - Copy\\all-mine-webhook 4\\minecraft_backend\\audio"}
{"level":"info","message":"🖼️ مجلد الصور: G:\\موقعى مضمون - Copy\\all-mine-webhook 4\\minecraft_backend\\public\\images"}
{"level":"info","message":"🎬 مجلد الفيديو: G:\\موقعى مضمون - Copy\\all-mine-webhook 4\\minecraft_backend\\videos"}
{"level":"info","message":"✅ متصل بـ MongoDB"}
{"level":"info","message":"ℹ️ تم إزالة حقل username من المستندات"}
{"level":"info","message":"✅ تم حذف الفهرس القديم screenToken_1"}
{"level":"info","message":"✅ تم التأكد من وجود فهرس فريد على email"}
{"level":"info","message":"✅ تم إنشاء فهرس فريد لـ screenToken"}
{"level":"info","message":"♻️ currentProfile loaded:"}
{"level":"info","message":"✅ السيرفر يعمل على http://localhost:3000"}
{"level":"info","message":"🎵 مجلد الصوت: G:\\موقعى مضمون - Copy\\all-mine-webhook 4\\minecraft_backend\\audio"}
{"level":"info","message":"🖼️ مجلد الصور: G:\\موقعى مضمون - Copy\\all-mine-webhook 4\\minecraft_backend\\public\\images"}
{"level":"info","message":"🎬 مجلد الفيديو: G:\\موقعى مضمون - Copy\\all-mine-webhook 4\\minecraft_backend\\videos"}
{"level":"info","message":"✅ متصل بـ MongoDB"}
{"level":"info","message":"ℹ️ تم إزالة حقل username من المستندات"}
{"level":"info","message":"✅ تم حذف الفهرس القديم screenToken_1"}
{"level":"info","message":"✅ تم التأكد من وجود فهرس فريد على email"}
{"level":"info","message":"✅ تم إنشاء فهرس فريد لـ screenToken"}
{"level":"info","message":"♻️ currentProfile loaded:"}
{"level":"info","message":"✅ تم مزامنة 1502 ملف صوتي مع MongoDB"}
{"level":"info","message":"ℹ️ لم يتم العثور على gifts.json، سيتم إنشاء الهدايا لاحقاً عبر API"}
{"level":"info","message":"♻️ تم تحديث الكاش - البروفايلات: 15,1"}
{"level":"error","message":"❌ خطأ RCON:"}
{"level":"info","message":"⚠️ الحساب @ashura_1q ليس لايف حالياً"}
{"level":"info","message":"✅ السيرفر يعمل على http://localhost:3000"}
{"level":"info","message":"🎵 مجلد الصوت: G:\\موقعى مضمون - Copy\\all-mine-webhook 4\\minecraft_backend\\audio"}
{"level":"info","message":"🖼️ مجلد الصور: G:\\موقعى مضمون - Copy\\all-mine-webhook 4\\minecraft_backend\\public\\images"}
{"level":"info","message":"🎬 مجلد الفيديو: G:\\موقعى مضمون - Copy\\all-mine-webhook 4\\minecraft_backend\\videos"}
{"level":"info","message":"✅ متصل بـ MongoDB"}
{"level":"info","message":"ℹ️ تم إزالة حقل username من المستندات"}
{"level":"info","message":"✅ تم حذف الفهرس القديم screenToken_1"}
{"level":"info","message":"✅ تم التأكد من وجود فهرس فريد على email"}
{"level":"info","message":"✅ تم إنشاء فهرس فريد لـ screenToken"}
{"level":"info","message":"♻️ currentProfile loaded:"}
{"level":"info","message":"✅ تم مزامنة 1502 ملف صوتي مع MongoDB"}
{"level":"info","message":"ℹ️ لم يتم العثور على gifts.json، سيتم إنشاء الهدايا لاحقاً عبر API"}
{"level":"info","message":"♻️ تم تحديث الكاش - البروفايلات: 15,1"}
{"level":"error","message":"❌ خطأ RCON:"}
{"level":"info","message":"⚠️ الحساب @ashura_1q ليس لايف حالياً"}
{"level":"info","message":"✅ السيرفر يعمل على http://localhost:3000"}
{"level":"info","message":"🎵 الصوت عبر Cloudinary"}
{"level":"info","message":"🎬 الفيديو عبر Cloudinary"}
{"level":"info","message":"✅ متصل بـ MongoDB"}
{"level":"info","message":"ℹ️ تم إزالة حقل username من المستندات"}
{"level":"info","message":"✅ تم حذف الفهرس القديم screenToken_1"}
{"level":"info","message":"✅ تم التأكد من وجود فهرس فريد على email"}
{"level":"info","message":"✅ تم إنشاء فهرس فريد لـ screenToken"}
{"level":"info","message":"♻️ currentProfile loaded:"}
{"level":"info","message":"✅ تم تهيئة الصوت عبر Cloudinary (لا توجد ملفات محلية)"}
{"level":"info","message":"ℹ️ لم يتم العثور على gifts.json، سيتم إنشاء الهدايا لاحقاً عبر API"}
{"level":"info","message":"♻️ تم تحديث الكاش - البروفايلات: 15,1"}
{"level":"error","message":"❌ خطأ RCON:"}
{"level":"info","message":"⚠️ الحساب @ashura_1q ليس لايف حالياً"}
{"level":"info","message":"✅ تم رفع الفيديو إلى Cloudinary: https://res.cloudinary.com/dm9ixdpzz/video/upload/v1774369442/blackmoon_videos/Toji-Fushiguro-Edit--------SMEZIR---2-----AMV-EDIT---4K----PF---Trim-1774369371591.mp4"}
{"level":"info","message":"♻️ تم تحديث الكاش - البروفايلات: 15,1"}
{"level":"info","message":"✅ تم رفع الفيديو إلى Cloudinary: https://res.cloudinary.com/dm9ixdpzz/video/upload/v1774369469/blackmoon_videos/Toji-Fushiguro-Edit--------SMEZIR---2-----AMV-EDIT---4K----PF---Trim-1774369400962.mp4"}
{"level":"info","message":"♻️ تم تحديث الكاش - البروفايلات: 15,1"}
{"level":"info","message":"♻️ تم تحديث الكاش - البروفايلات: 15,1"}
{"level":"info","message":"✅ تم رفع الفيديو إلى Cloudinary: https://res.cloudinary.com/dm9ixdpzz/video/upload/v1774369721/blackmoon_videos/Zenitsu------MONTAGEM-RUGADA--Edit-AMV----4K----Trim-1774369649717.mp4"}
{"level":"info","message":"♻️ تم تحديث الكاش - البروفايلات: 15,1"}
{"level":"info","message":"✅ السيرفر يعمل على http://localhost:3000"}
{"level":"info","message":"🎵 الصوت عبر Cloudinary"}
{"level":"info","message":"🎬 الفيديو عبر Cloudinary"}
{"level":"info","message":"✅ متصل بـ MongoDB"}
{"level":"info","message":"ℹ️ تم إزالة حقل username من المستندات"}
{"level":"info","message":"✅ تم حذف الفهرس القديم screenToken_1"}
{"level":"info","message":"✅ تم التأكد من وجود فهرس فريد على email"}
{"level":"info","message":"✅ تم إنشاء فهرس فريد لـ screenToken"}
{"level":"info","message":"♻️ currentProfile loaded:"}
{"level":"info","message":"✅ تم تهيئة الصوت عبر Cloudinary (لا توجد ملفات محلية)"}
{"level":"info","message":"ℹ️ لم يتم العثور على gifts.json، سيتم إنشاء الهدايا لاحقاً عبر API"}
{"level":"info","message":"♻️ تم تحديث الكاش - البروفايلات: 15,1"}
{"level":"error","message":"❌ خطأ RCON:"}
{"level":"info","message":"⚠️ الحساب @ashura_1q ليس لايف حالياً"}
{"level":"info","message":"✅ السيرفر يعمل على http://localhost:3000"}
{"level":"info","message":"🎵 الصوت عبر Cloudinary"}
{"level":"info","message":"🎬 الفيديو عبر Cloudinary"}
{"level":"info","message":"✅ متصل بـ MongoDB"}
{"level":"info","message":"ℹ️ تم إزالة حقل username من المستندات"}
{"level":"info","message":"✅ تم حذف الفهرس القديم screenToken_1"}
{"level":"info","message":"✅ تم التأكد من وجود فهرس فريد على email"}
{"level":"info","message":"✅ تم إنشاء فهرس فريد لـ screenToken"}
{"level":"info","message":"♻️ currentProfile loaded:"}
{"level":"info","message":"✅ تم تهيئة الصوت عبر Cloudinary (لا توجد ملفات محلية)"}
{"level":"info","message":"ℹ️ لم يتم العثور على gifts.json، سيتم إنشاء الهدايا لاحقاً عبر API"}
{"level":"info","message":"♻️ تم تحديث الكاش - البروفايلات: 15,1"}
{"level":"error","message":"❌ خطأ RCON:"}
{"level":"info","message":"⚠️ الحساب @ashura_1q ليس لايف حالياً"}
{"level":"info","message":"✅ السيرفر يعمل على http://localhost:3000"}
{"level":"info","message":"🎵 الصوت عبر Cloudinary"}
{"level":"info","message":"🎬 الفيديو عبر Cloudinary"}
{"level":"info","message":"✅ متصل بـ MongoDB"}
{"level":"info","message":"ℹ️ تم إزالة حقل username من المستندات"}
{"level":"info","message":"✅ تم حذف الفهرس القديم screenToken_1"}
{"level":"info","message":"✅ تم التأكد من وجود فهرس فريد على email"}
{"level":"info","message":"✅ تم إنشاء فهرس فريد لـ screenToken"}
{"level":"info","message":"♻️ currentProfile loaded:"}
{"level":"info","message":"✅ تم تهيئة الصوت عبر Cloudinary (لا توجد ملفات محلية)"}
{"level":"info","message":"ℹ️ لم يتم العثور على gifts.json، سيتم إنشاء الهدايا لاحقاً عبر API"}
{"level":"info","message":"♻️ تم تحديث الكاش - البروفايلات: 15,1"}
{"level":"error","message":"❌ خطأ RCON:"}
{"level":"info","message":"⚠️ الحساب @ashura_1q ليس لايف حالياً"}
{"level":"info","message":"✅ السيرفر يعمل على http://localhost:3000"}
{"level":"info","message":"🎵 الصوت عبر Cloudinary"}
{"level":"info","message":"🎬 الفيديو عبر Cloudinary"}
{"level":"info","message":"✅ متصل بـ MongoDB"}
{"level":"info","message":"ℹ️ تم إزالة حقل username من المستندات"}
{"level":"info","message":"✅ تم حذف الفهرس القديم screenToken_1"}
{"level":"info","message":"✅ تم التأكد من وجود فهرس فريد على email"}
{"level":"info","message":"✅ تم إنشاء فهرس فريد لـ screenToken"}
{"level":"info","message":"♻️ currentProfile loaded:"}
{"level":"info","message":"✅ تم تهيئة الصوت عبر Cloudinary (لا توجد ملفات محلية)"}
{"level":"info","message":"ℹ️ لم يتم العثور على gifts.json، سيتم إنشاء الهدايا لاحقاً عبر API"}
{"level":"info","message":"♻️ تم تحديث الكاش - البروفايلات: 15,1"}
{"level":"error","message":"❌ خطأ RCON:"}
{"level":"info","message":"⚠️ الحساب @ashura_1q ليس لايف حالياً"}
{"level":"info","message":"✅ السيرفر يعمل على http://localhost:3000"}
{"level":"info","message":"🎵 الصوت عبر Cloudinary"}
{"level":"info","message":"🎬 الفيديو عبر Cloudinary"}
{"level":"info","message":"✅ متصل بـ MongoDB"}
{"level":"info","message":"ℹ️ تم إزالة حقل username من المستندات"}
{"level":"info","message":"✅ تم حذف الفهرس القديم screenToken_1"}
{"level":"info","message":"✅ تم التأكد من وجود فهرس فريد على email"}
{"level":"info","message":"✅ تم إنشاء فهرس فريد لـ screenToken"}
{"level":"info","message":"♻️ currentProfile loaded:"}
{"level":"info","message":"✅ تم تهيئة الصوت عبر Cloudinary (لا توجد ملفات محلية)"}
{"level":"info","message":"ℹ️ لم يتم العثور على gifts.json، سيتم إنشاء الهدايا لاحقاً عبر API"}
{"level":"info","message":"♻️ تم تحديث الكاش - البروفايلات: 15,1"}
{"level":"error","message":"❌ خطأ RCON:"}
{"level":"info","message":"⚠️ الحساب @ashura_1q ليس لايف حالياً"}
{"level":"info","message":"✅ السيرفر يعمل على http://localhost:3000"}
{"level":"info","message":"🎵 الصوت عبر Cloudinary"}
{"level":"info","message":"🎬 الفيديو عبر Cloudinary"}
{"level":"info","message":"✅ متصل بـ MongoDB"}
{"level":"info","message":"ℹ️ تم إزالة حقل username من المستندات"}
{"level":"info","message":"✅ تم حذف الفهرس القديم screenToken_1"}
{"level":"info","message":"✅ تم التأكد من وجود فهرس فريد على email"}
{"level":"info","message":"✅ تم إنشاء فهرس فريد لـ screenToken"}
{"level":"info","message":"♻️ currentProfile loaded:"}
{"level":"info","message":"✅ تم تهيئة الصوت عبر Cloudinary (لا توجد ملفات محلية)"}
{"level":"info","message":"ℹ️ لم يتم العثور على gifts.json، سيتم إنشاء الهدايا لاحقاً عبر API"}
{"level":"info","message":"♻️ تم تحديث الكاش - البروفايلات: 15,1"}
{"level":"error","message":"❌ خطأ RCON:"}
{"level":"info","message":"⚠️ الحساب @ashura_1q ليس لايف حالياً"}
{"level":"info","message":"✅ تم رفع الفيديو إلى Cloudinary: https://res.cloudinary.com/dm9ixdpzz/video/upload/v1774370102/blackmoon_videos/Toji-Fushiguro-Edit--------SMEZIR---2-----AMV-EDIT---4K----PF---Trim-1774370032086.mp4"}
{"level":"info","message":"♻️ تم تحديث الكاش - البروفايلات: 15,1"}
{"level":"info","message":"♻️ تم تحديث الكاش - البروفايلات: 15,1"}
{"level":"info","message":"✅ تم رفع الفيديو إلى Cloudinary: https://res.cloudinary.com/dm9ixdpzz/video/upload/v1774370373/blackmoon_videos/Toji-Fushiguro-Edit--------SMEZIR---2-----AMV-EDIT---4K----PF---Trim-1774370303894.mp4"}
{"level":"info","message":"✅ تم رفع الفيديو إلى Cloudinary: https://res.cloudinary.com/dm9ixdpzz/video/upload/v1774370403/blackmoon_videos/Zenitsu------MONTAGEM-RUGADA--Edit-AMV----4K----Trim-1774370331538.mp4"}
{"level":"info","message":"♻️ تم تحديث الكاش - البروفايلات: 15,1"}
{"level":"info","message":"✅ تم رفع الفيديو إلى Cloudinary: https://res.cloudinary.com/dm9ixdpzz/video/upload/v1774370441/blackmoon_videos/Toji-Fushiguro-Edit--------SMEZIR---2-----AMV-EDIT---4K----PF---Trim-1774370372118.mp4"}
{"level":"info","message":"♻️ تم تحديث الكاش - البروفايلات: 15,1"}
{"level":"info","message":"♻️ تم تحديث الكاش - البروفايلات: 15,1"}
{"level":"info","message":"♻️ تم تحديث الكاش - البروفايلات: 15,1"}
{"level":"info","message":"✅ تم رفع الفيديو إلى Cloudinary: https://res.cloudinary.com/dm9ixdpzz/video/upload/v1774370494/blackmoon_videos/Toji-Fushiguro-Edit--------SMEZIR---2-----AMV-EDIT---4K----PF---Trim-1774370425169.mp4"}
{"level":"info","message":"♻️ تم تحديث الكاش - البروفايلات: 15,1"}
{"level":"info","message":"✅ تم رفع الفيديو إلى Cloudinary: https://res.cloudinary.com/dm9ixdpzz/video/upload/v1774370525/blackmoon_videos/Toji-Fushiguro-Edit--------SMEZIR---2-----AMV-EDIT---4K----PF---Trim-1774370454962.mp4"}
{"level":"info","message":"♻️ تم تحديث الكاش - البروفايلات: 15,1"}
{"level":"info","message":"♻️ تم تحديث الكاش - البروفايلات: 15,1"}
{"level":"info","message":"✅ تم رفع الفيديو إلى Cloudinary: https://res.cloudinary.com/dm9ixdpzz/video/upload/v1774370630/blackmoon_videos/Toji-Fushiguro-Edit--------SMEZIR---2-----AMV-EDIT---4K----PF---Trim-1774370538634.mp4"}
{"level":"info","message":"✅ تم رفع الفيديو إلى Cloudinary: https://res.cloudinary.com/dm9ixdpzz/video/upload/v1774370680/blackmoon_videos/Zenitsu------MONTAGEM-RUGADA--Edit-AMV----4K----Trim-1774370607953.mp4"}
{"level":"info","message":"✅ السيرفر يعمل على http://localhost:3000"}
{"level":"info","message":"🎵 الصوت عبر Cloudinary"}
{"level":"info","message":"🎬 الفيديو عبر Cloudinary"}
{"level":"info","message":"✅ متصل بـ MongoDB"}
{"level":"info","message":"ℹ️ تم إزالة حقل username من المستندات"}
{"level":"info","message":"✅ تم حذف الفهرس القديم screenToken_1"}
{"level":"info","message":"✅ تم التأكد من وجود فهرس فريد على email"}
{"level":"info","message":"✅ تم إنشاء فهرس فريد لـ screenToken"}
{"level":"info","message":"♻️ currentProfile loaded:"}
{"level":"info","message":"✅ تم تهيئة الصوت عبر Cloudinary (لا توجد ملفات محلية)"}
{"level":"info","message":"ℹ️ لم يتم العثور على gifts.json، سيتم إنشاء الهدايا لاحقاً عبر API"}
{"level":"info","message":"♻️ تم تحديث الكاش - البروفايلات: 15,1"}
{"level":"error","message":"❌ خطأ RCON:"}
{"level":"info","message":"⚠️ الحساب @ashura_1q ليس لايف حالياً"}
{"level":"info","message":"♻️ تم تحديث الكاش - البروفايلات: 15,1"}
{"level":"info","message":"✅ تم رفع الفيديو إلى Cloudinary: https://res.cloudinary.com/dm9ixdpzz/video/upload/v1774370836/blackmoon_videos/Toji-Fushiguro-Edit--------SMEZIR---2-----AMV-EDIT---4K----PF---Trim-1774370767144.mp4"}
{"level":"info","message":"♻️ تم تحديث الكاش - البروفايلات: 15,1"}
{"level":"info","message":"♻️ تم تحديث الكاش - البروفايلات: 15,1"}
{"level":"info","message":"✅ تم رفع الفيديو إلى Cloudinary: https://res.cloudinary.com/dm9ixdpzz/video/upload/v1774370942/blackmoon_videos/Toji-Fushiguro-Edit--------SMEZIR---2-----AMV-EDIT---4K----PF---Trim-1774370872945.mp4"}
{"level":"info","message":"♻️ تم تحديث الكاش - البروفايلات: 15,1"}
{"level":"info","message":"✅ تم رفع الفيديو إلى Cloudinary: https://res.cloudinary.com/dm9ixdpzz/video/upload/v1774371199/blackmoon_videos/Toji-Fushiguro-Edit--------SMEZIR---2-----AMV-EDIT---4K----PF---Trim-1774371130343.mp4"}
{"level":"info","message":"♻️ تم تحديث الكاش - البروفايلات: 15,1"}
{"level":"info","message":"♻️ تم تحديث الكاش - البروفايلات: 15,1"}
{"level":"info","message":"♻️ تم تحديث الكاش - البروفايلات: 15,1"}
{"level":"info","message":"♻️ تم تحديث الكاش - البروفايلات: 15,1"}
{"level":"info","message":"♻️ تم تحديث الكاش - البروفايلات: 15,1"}
{"level":"info","message":"♻️ تم تحديث الكاش - البروفايلات: 15"}
{"level":"info","message":"✅ تم رفع الفيديو إلى Cloudinary: https://res.cloudinary.com/dm9ixdpzz/video/upload/v1774371295/blackmoon_videos/Toji-Fushiguro-Edit--------SMEZIR---2-----AMV-EDIT---4K----PF---Trim-1774371186207.mp4"}
{"level":"info","message":"♻️ تم تحديث الكاش - البروفايلات: 15,1"}
{"level":"info","message":"♻️ تم تحديث الكاش - البروفايلات: 15,1"}
{"level":"info","message":"♻️ تم تحديث الكاش - البروفايلات: 15"}
{"level":"info","message":"✅ تم رفع الفيديو إلى Cloudinary: https://res.cloudinary.com/dm9ixdpzz/video/upload/v1774372205/blackmoon_videos/Zenitsu------MONTAGEM-RUGADA--Edit-AMV----4K----Trim-1774372133364.mp4"}
{"level":"info","message":"♻️ تم تحديث الكاش - البروفايلات: 15,1"}
{"level":"info","message":"♻️ تم تحديث الكاش - البروفايلات: 15,1"}
{"level":"info","message":"♻️ تم تحديث الكاش - البروفايلات: 15"}
{"level":"info","message":"✅ تم رفع الفيديو إلى Cloudinary: https://res.cloudinary.com/dm9ixdpzz/video/upload/v1774372610/blackmoon_videos/Toji-Fushiguro-Edit--------SMEZIR---2-----AMV-EDIT---4K----PF---Trim-1774372540969.mp4"}
{"level":"info","message":"✅ السيرفر يعمل على http://localhost:3000"}
{"level":"info","message":"🎵 الصوت عبر Cloudinary"}
{"level":"info","message":"🎬 الفيديو عبر Cloudinary"}
{"level":"info","message":"✅ متصل بـ MongoDB"}
{"level":"info","message":"ℹ️ تم إزالة حقل username من المستندات"}
{"level":"info","message":"✅ تم حذف الفهرس القديم screenToken_1"}
{"level":"info","message":"✅ تم التأكد من وجود فهرس فريد على email"}
{"level":"info","message":"✅ تم إنشاء فهرس فريد لـ screenToken"}
{"level":"info","message":"♻️ currentProfile loaded:"}
{"level":"info","message":"✅ تم تهيئة الصوت عبر Cloudinary (لا توجد ملفات محلية)"}
{"level":"info","message":"ℹ️ لم يتم العثور على gifts.json، سيتم إنشاء الهدايا لاحقاً عبر API"}
{"level":"info","message":"♻️ تم تحديث الكاش - البروفايلات: 15"}
{"level":"error","message":"❌ خطأ RCON:"}
{"level":"info","message":"⚠️ الحساب @ashura_1q ليس لايف حالياً"}
{"level":"info","message":"✅ السيرفر يعمل على http://localhost:3000"}
{"level":"info","message":"🎵 الصوت عبر Cloudinary"}
{"level":"info","message":"🎬 الفيديو عبر Cloudinary"}
{"level":"info","message":"✅ متصل بـ MongoDB"}
{"level":"info","message":"ℹ️ تم إزالة حقل username من المستندات"}
{"level":"info","message":"✅ تم حذف الفهرس القديم screenToken_1"}
{"level":"info","message":"✅ تم التأكد من وجود فهرس فريد على email"}
{"level":"info","message":"✅ تم إنشاء فهرس فريد لـ screenToken"}
{"level":"info","message":"♻️ currentProfile loaded:"}
{"level":"info","message":"✅ تم تهيئة الصوت عبر Cloudinary (لا توجد ملفات محلية)"}
{"level":"info","message":"ℹ️ لم يتم العثور على gifts.json، سيتم إنشاء الهدايا لاحقاً عبر API"}
{"level":"info","message":"♻️ تم تحديث الكاش - البروفايلات: 15"}
{"level":"error","message":"❌ خطأ RCON:"}
{"level":"info","message":"⚠️ الحساب @ashura_1q ليس لايف حالياً"}
{"level":"error","message":"❌ خطأ في رفع الفيديو:"}
{"level":"info","message":"✅ تم رفع الفيديو إلى Cloudinary: https://res.cloudinary.com/dm9ixdpzz/video/upload/v1774372828/blackmoon_videos/Toji-Fushiguro-Edit--------SMEZIR---2-----AMV-EDIT---4K----PF---Trim-1774372758328.mp4"}
{"level":"info","message":"♻️ تم تحديث الكاش - البروفايلات: 15,1"}
{"level":"warn","message":"⚠️ فشل حذف الفيديو من Cloudinary: Toji-Fushiguro-Edit--------SMEZIR---2-----AMV-EDIT---4K----PF---Trim-1774372758328 - not found"}
{"level":"info","message":"♻️ تم تحديث الكاش - البروفايلات: 15,1"}
{"level":"info","message":"♻️ تم تحديث الكاش - البروفايلات: 15"}
{"level":"info","message":"✅ السيرفر يعمل على http://localhost:3000"}
{"level":"info","message":"🎵 الصوت عبر Cloudinary"}
{"level":"info","message":"🎬 الفيديو عبر Cloudinary"}
{"level":"info","message":"✅ متصل بـ MongoDB"}
{"level":"info","message":"ℹ️ تم إزالة حقل username من المستندات"}
{"level":"info","message":"✅ تم حذف الفهرس القديم screenToken_1"}
{"level":"info","message":"✅ تم التأكد من وجود فهرس فريد على email"}
{"level":"info","message":"✅ تم إنشاء فهرس فريد لـ screenToken"}
{"level":"info","message":"♻️ currentProfile loaded:"}
{"level":"info","message":"✅ تم تهيئة الصوت عبر Cloudinary (لا توجد ملفات محلية)"}
{"level":"info","message":"ℹ️ لم يتم العثور على gifts.json، سيتم إنشاء الهدايا لاحقاً عبر API"}
{"level":"info","message":"♻️ تم تحديث الكاش - البروفايلات: 15"}
{"level":"error","message":"❌ خطأ RCON:"}
{"level":"info","message":"⚠️ الحساب @ashura_1q ليس لايف حالياً"}
{"level":"info","message":"✅ السيرفر يعمل على http://localhost:3000"}
{"level":"info","message":"🎵 الصوت عبر Cloudinary"}
{"level":"info","message":"🎬 الفيديو عبر Cloudinary"}
{"level":"info","message":"✅ متصل بـ MongoDB"}
{"level":"info","message":"ℹ️ تم إزالة حقل username من المستندات"}
{"level":"info","message":"✅ تم حذف الفهرس القديم screenToken_1"}
{"level":"info","message":"✅ تم التأكد من وجود فهرس فريد على email"}
{"level":"info","message":"✅ تم إنشاء فهرس فريد لـ screenToken"}
{"level":"info","message":"♻️ currentProfile loaded:"}
{"level":"info","message":"✅ تم تهيئة الصوت عبر Cloudinary (لا توجد ملفات محلية)"}
{"level":"info","message":"ℹ️ لم يتم العثور على gifts.json، سيتم إنشاء الهدايا لاحقاً عبر API"}
{"level":"info","message":"♻️ تم تحديث الكاش - البروفايلات: 15"}
{"level":"error","message":"❌ خطأ RCON:"}
{"level":"info","message":"⚠️ الحساب @ashura_1q ليس لايف حالياً"}
{"level":"info","message":"✅ السيرفر يعمل على http://localhost:3000"}
{"level":"info","message":"🎵 الصوت عبر Cloudinary"}
{"level":"info","message":"🎬 الفيديو عبر Cloudinary"}
{"level":"info","message":"✅ متصل بـ MongoDB"}
{"level":"info","message":"ℹ️ تم إزالة حقل username من المستندات"}
{"level":"info","message":"✅ تم حذف الفهرس القديم screenToken_1"}
{"level":"info","message":"✅ تم التأكد من وجود فهرس فريد على email"}
{"level":"info","message":"✅ تم إنشاء فهرس فريد لـ screenToken"}
{"level":"info","message":"♻️ currentProfile loaded:"}
{"level":"info","message":"✅ تم تهيئة الصوت عبر Cloudinary (لا توجد ملفات محلية)"}
{"level":"info","message":"ℹ️ لم يتم العثور على gifts.json، سيتم إنشاء الهدايا لاحقاً عبر API"}
{"level":"info","message":"♻️ تم تحديث الكاش - البروفايلات: 15"}
{"level":"error","message":"❌ خطأ RCON:"}
{"level":"info","message":"⚠️ الحساب @ashura_1q ليس لايف حالياً"}
{"level":"error","message":"❌ خطأ في رفع الفيديو:"}
{"level":"info","message":"♻️ تم تحديث الكاش - البروفايلات: 15,1"}
{"level":"error","message":"❌ خطأ في رفع الفيديو:"}
{"level":"info","message":"✅ السيرفر يعمل على http://localhost:3000"}
{"level":"info","message":"🎵 الصوت عبر Cloudinary"}
{"level":"info","message":"🎬 الفيديو عبر Cloudinary"}
{"level":"info","message":"✅ متصل بـ MongoDB"}
{"level":"info","message":"ℹ️ تم إزالة حقل username من المستندات"}
{"level":"info","message":"✅ تم حذف الفهرس القديم screenToken_1"}
{"level":"info","message":"✅ تم التأكد من وجود فهرس فريد على email"}
{"level":"info","message":"✅ تم إنشاء فهرس فريد لـ screenToken"}
{"level":"info","message":"♻️ currentProfile loaded:"}
{"level":"info","message":"✅ تم تهيئة الصوت عبر Cloudinary (لا توجد ملفات محلية)"}
{"level":"info","message":"ℹ️ لم يتم العثور على gifts.json، سيتم إنشاء الهدايا لاحقاً عبر API"}
{"level":"info","message":"♻️ تم تحديث الكاش - البروفايلات: 15,1"}
{"level":"error","message":"❌ خطأ RCON:"}
{"level":"info","message":"⚠️ الحساب @ashura_1q ليس لايف حالياً"}
{"level":"info","message":"♻️ تم تحديث الكاش - البروفايلات: 15"}
{"level":"error","message":"❌ خطأ في رفع الفيديو:"}
{"level":"info","message":"♻️ تم تحديث الكاش - البروفايلات: 15,1"}
{"level":"info","message":"♻️ تم تحديث الكاش - البروفايلات: 15,1"}
{"level":"info","message":"✅ السيرفر يعمل على http://localhost:3000"}
{"level":"info","message":"🎵 الصوت عبر Cloudinary"}
{"level":"info","message":"🎬 الفيديو عبر Cloudinary"}
{"level":"info","message":"✅ متصل بـ MongoDB"}
{"level":"info","message":"ℹ️ تم إزالة حقل username من المستندات"}
{"level":"info","message":"✅ تم حذف الفهرس القديم screenToken_1"}
{"level":"info","message":"✅ تم التأكد من وجود فهرس فريد على email"}
{"level":"info","message":"✅ تم إنشاء فهرس فريد لـ screenToken"}
{"level":"info","message":"♻️ currentProfile loaded:"}
{"level":"info","message":"✅ تم تهيئة الصوت عبر Cloudinary (لا توجد ملفات محلية)"}
{"level":"info","message":"ℹ️ لم يتم العثور على gifts.json، سيتم إنشاء الهدايا لاحقاً عبر API"}
{"level":"info","message":"♻️ تم تحديث الكاش - البروفايلات: 15,1"}
{"level":"error","message":"❌ خطأ RCON:"}
{"level":"info","message":"⚠️ الحساب @ashura_1q ليس لايف حالياً"}
{"level":"info","message":"✅ السيرفر يعمل على http://localhost:3000"}
{"level":"info","message":"🎵 الصوت عبر Cloudinary"}
{"level":"info","message":"🎬 الفيديو عبر Cloudinary"}
{"level":"info","message":"✅ متصل بـ MongoDB"}
{"level":"info","message":"ℹ️ تم إزالة حقل username من المستندات"}
{"level":"info","message":"✅ تم حذف الفهرس القديم screenToken_1"}
{"level":"info","message":"✅ تم التأكد من وجود فهرس فريد على email"}
{"level":"info","message":"✅ تم إنشاء فهرس فريد لـ screenToken"}
{"level":"info","message":"♻️ currentProfile loaded:"}
{"level":"info","message":"✅ تم تهيئة الصوت عبر Cloudinary (لا توجد ملفات محلية)"}
{"level":"info","message":"ℹ️ لم يتم العثور على gifts.json، سيتم إنشاء الهدايا لاحقاً عبر API"}
{"level":"info","message":"♻️ تم تحديث الكاش - البروفايلات: 15,1"}
{"level":"error","message":"❌ خطأ RCON:"}
{"level":"info","message":"⚠️ الحساب @ashura_1q ليس لايف حالياً"}
{"level":"info","message":"✅ السيرفر يعمل على http://localhost:3000"}
{"level":"info","message":"🎵 الصوت عبر Cloudinary"}
{"level":"info","message":"🎬 الفيديو عبر Cloudinary"}
{"level":"info","message":"✅ متصل بـ MongoDB"}
{"level":"info","message":"ℹ️ تم إزالة حقل username من المستندات"}
{"level":"info","message":"✅ تم حذف الفهرس القديم screenToken_1"}
{"level":"info","message":"✅ تم التأكد من وجود فهرس فريد على email"}
{"level":"info","message":"✅ تم إنشاء فهرس فريد لـ screenToken"}
{"level":"info","message":"♻️ currentProfile loaded:"}
{"level":"info","message":"✅ تم تهيئة الصوت عبر Cloudinary (لا توجد ملفات محلية)"}
{"level":"info","message":"ℹ️ لم يتم العثور على gifts.json، سيتم إنشاء الهدايا لاحقاً عبر API"}
{"level":"info","message":"♻️ تم تحديث الكاش - البروفايلات: 15,1"}
{"level":"error","message":"❌ خطأ RCON:"}
{"level":"info","message":"⚠️ الحساب @ashura_1q ليس لايف حالياً"}
{"level":"info","message":"✅ السيرفر يعمل على http://localhost:3000"}
{"level":"info","message":"🎵 الصوت عبر Cloudinary"}
{"level":"info","message":"🎬 الفيديو عبر Cloudinary"}
{"level":"info","message":"✅ متصل بـ MongoDB"}
{"level":"info","message":"ℹ️ تم إزالة حقل username من المستندات"}
{"level":"info","message":"✅ تم حذف الفهرس القديم screenToken_1"}
{"level":"info","message":"✅ تم التأكد من وجود فهرس فريد على email"}
{"level":"info","message":"✅ تم إنشاء فهرس فريد لـ screenToken"}
{"level":"info","message":"♻️ currentProfile loaded:"}
{"level":"info","message":"✅ تم تهيئة الصوت عبر Cloudinary (لا توجد ملفات محلية)"}
{"level":"info","message":"ℹ️ لم يتم العثور على gifts.json، سيتم إنشاء الهدايا لاحقاً عبر API"}
{"level":"info","message":"♻️ تم تحديث الكاش - البروفايلات: 15,1"}
{"level":"error","message":"❌ خطأ RCON:"}
{"level":"info","message":"⚠️ الحساب @ashura_1q ليس لايف حالياً"}
{"level":"info","message":"✅ السيرفر يعمل على http://localhost:3000"}
{"level":"info","message":"🎵 الصوت عبر Cloudinary"}
{"level":"info","message":"🎬 الفيديو عبر Cloudinary"}
{"level":"info","message":"✅ متصل بـ MongoDB"}
{"level":"info","message":"ℹ️ تم إزالة حقل username من المستندات"}
{"level":"info","message":"✅ تم حذف الفهرس القديم screenToken_1"}
{"level":"info","message":"✅ تم التأكد من وجود فهرس فريد على email"}
{"level":"info","message":"✅ تم إنشاء فهرس فريد لـ screenToken"}
{"level":"info","message":"♻️ currentProfile loaded:"}
{"level":"info","message":"✅ تم تهيئة الصوت عبر Cloudinary (لا توجد ملفات محلية)"}
{"level":"info","message":"ℹ️ لم يتم العثور على gifts.json، سيتم إنشاء الهدايا لاحقاً عبر API"}
{"level":"info","message":"♻️ تم تحديث الكاش - البروفايلات: 15,1"}
{"level":"error","message":"❌ خطأ RCON:"}
{"level":"info","message":"⚠️ الحساب @ashura_1q ليس لايف حالياً"}
{"level":"info","message":"♻️ تم تحديث الكاش - البروفايلات: 15"}
{"level":"info","message":"✅ تم رفع الصوت إلى Cloudinary: https://res.cloudinary.com/dm9ixdpzz/raw/upload/v1774373770/blackmoon_audio/ssstik-io-1771529638623-1774373707890"}
{"level":"info","message":"♻️ تم تحديث الكاش - البروفايلات: 15,1"}
{"level":"info","message":"🗑 تم حذف الصوت من Cloudinary: blackmoon_audio/ssstik-io-1771529638623-1774373707890"}
{"level":"info","message":"♻️ تم تحديث الكاش - البروفايلات: 15,1"}
{"level":"info","message":"✅ تم رفع الصوت إلى Cloudinary: https://res.cloudinary.com/dm9ixdpzz/raw/upload/v1774373802/blackmoon_audio/ssstik-io-1771529638623-1774373740397"}
{"level":"info","message":"♻️ تم تحديث الكاش - البروفايلات: 15,1"}
{"level":"info","message":"♻️ تم تحديث الكاش - البروفايلات: 15,1"}
{"level":"info","message":"🔊 تم إرسال أمر تشغيل الصوت للجميع: https://res.cloudinary.com/dm9ixdpzz/raw/upload/v1774373802/blackmoon_audio/ssstik-io-1771529638623-1774373740397"}
{"level":"info","message":"🗑 تم حذف الصوت من Cloudinary: blackmoon_audio/ssstik-io-1771529638623-1774373740397"}
{"level":"info","message":"♻️ تم تحديث الكاش - البروفايلات: 15,1"}
{"level":"info","message":"✅ تم رفع الفيديو إلى Cloudinary: https://res.cloudinary.com/dm9ixdpzz/video/upload/v1774373857/blackmoon_videos/Toji-Fushiguro-Edit--------SMEZIR---2-----AMV-EDIT---4K----PF---Trim-1774373787664.mp4"}
{"level":"info","message":"♻️ تم تحديث الكاش - البروفايلات: 15,1"}
{"level":"info","message":"🗑 تم حذف الفيديو من Cloudinary: blackmoon_videos/Toji-Fushiguro-Edit--------SMEZIR---2-----AMV-EDIT---4K----PF---Trim-1774373787664"}
{"level":"info","message":"✅ تم رفع الفيديو إلى Cloudinary: https://res.cloudinary.com/dm9ixdpzz/video/upload/v1774373900/blackmoon_videos/Zenitsu------MONTAGEM-RUGADA--Edit-AMV----4K----Trim-1774373825735.mp4"}
{"level":"info","message":"♻️ تم تحديث الكاش - البروفايلات: 15,1"}
{"level":"info","message":"✅ تم رفع الفيديو إلى Cloudinary: https://res.cloudinary.com/dm9ixdpzz/video/upload/v1774373925/blackmoon_videos/Zenitsu------MONTAGEM-RUGADA--Edit-AMV----4K----Trim-1774373852928.mp4"}
{"level":"info","message":"♻️ تم تحديث الكاش - البروفايلات: 15,1"}
{"level":"info","message":"♻️ تم تحديث الكاش - البروفايلات: 15"}
{"level":"info","message":"✅ السيرفر يعمل على http://localhost:3000"}
{"level":"info","message":"🎵 الصوت عبر Cloudinary"}
{"level":"info","message":"🎬 الفيديو عبر Cloudinary"}
{"level":"info","message":"✅ متصل بـ MongoDB"}
{"level":"info","message":"ℹ️ تم إزالة حقل username من المستندات"}
{"level":"info","message":"✅ تم حذف الفهرس القديم screenToken_1"}
{"level":"info","message":"✅ تم التأكد من وجود فهرس فريد على email"}
{"level":"info","message":"✅ تم إنشاء فهرس فريد لـ screenToken"}
{"level":"info","message":"♻️ currentProfile loaded:"}
{"level":"info","message":"✅ تم تهيئة الصوت عبر Cloudinary (لا توجد ملفات محلية)"}
{"level":"info","message":"ℹ️ لم يتم العثور على gifts.json، سيتم إنشاء الهدايا لاحقاً عبر API"}
{"level":"info","message":"♻️ تم تحديث الكاش - البروفايلات: 15"}
{"level":"error","message":"❌ خطأ RCON:"}
{"level":"info","message":"⚠️ الحساب @ashura_1q ليس لايف حالياً"}
{"level":"info","message":"✅ السيرفر يعمل على http://localhost:3000"}
{"level":"info","message":"🎵 الصوت عبر Cloudinary"}
{"level":"info","message":"🎬 الفيديو عبر Cloudinary"}
{"level":"info","message":"✅ متصل بـ MongoDB"}
{"level":"info","message":"ℹ️ تم إزالة حقل username من المستندات"}
{"level":"info","message":"✅ تم حذف الفهرس القديم screenToken_1"}
{"level":"info","message":"✅ تم التأكد من وجود فهرس فريد على email"}
{"level":"info","message":"✅ تم إنشاء فهرس فريد لـ screenToken"}
{"level":"info","message":"♻️ currentProfile loaded:"}
{"level":"info","message":"✅ تم تهيئة الصوت عبر Cloudinary (لا توجد ملفات محلية)"}
{"level":"info","message":"ℹ️ لم يتم العثور على gifts.json، سيتم إنشاء الهدايا لاحقاً عبر API"}
{"level":"info","message":"♻️ تم تحديث الكاش - البروفايلات: 15"}
{"level":"error","message":"❌ خطأ RCON:"}
{"level":"info","message":"⚠️ الحساب @ashura_1q ليس لايف حالياً"}
{"level":"info","message":"✅ السيرفر يعمل على http://localhost:3000"}
{"level":"info","message":"🎵 الصوت عبر Cloudinary"}
{"level":"info","message":"🎬 الفيديو عبر Cloudinary"}
{"level":"info","message":"✅ متصل بـ MongoDB"}
{"level":"info","message":"ℹ️ تم إزالة حقل username من المستندات"}
{"level":"info","message":"✅ تم حذف الفهرس القديم screenToken_1"}
{"level":"info","message":"✅ تم التأكد من وجود فهرس فريد على email"}
{"level":"info","message":"✅ تم إنشاء فهرس فريد لـ screenToken"}
{"level":"info","message":"♻️ currentProfile loaded:"}
{"level":"info","message":"✅ تم تهيئة الصوت عبر Cloudinary (لا توجد ملفات محلية)"}
{"level":"info","message":"ℹ️ لم يتم العثور على gifts.json، سيتم إنشاء الهدايا لاحقاً عبر API"}
{"level":"info","message":"♻️ تم تحديث الكاش - البروفايلات: 15"}
{"level":"error","message":"❌ خطأ RCON:"}
{"level":"info","message":"⚠️ الحساب @ashura_1q ليس لايف حالياً"}
{"level":"info","message":"✅ تم رفع الفيديو إلى Cloudinary: https://res.cloudinary.com/dm9ixdpzz/video/upload/v1774374121/blackmoon_videos/Zenitsu------MONTAGEM-RUGADA--Edit-AMV----4K----Trim-1774374001082.mp4"}
{"level":"info","message":"♻️ تم تحديث الكاش - البروفايلات: 15,1"}
{"level":"info","message":"♻️ تم تحديث الكاش - البروفايلات: 15"}
{"level":"info","message":"✅ السيرفر يعمل على http://localhost:3000"}
{"level":"info","message":"🎵 الصوت عبر Cloudinary"}
{"level":"info","message":"🎬 الفيديو عبر Cloudinary"}
{"level":"info","message":"✅ متصل بـ MongoDB"}
{"level":"info","message":"ℹ️ تم إزالة حقل username من المستندات"}
{"level":"info","message":"✅ تم حذف الفهرس القديم screenToken_1"}
{"level":"info","message":"✅ تم التأكد من وجود فهرس فريد على email"}
{"level":"info","message":"✅ تم إنشاء فهرس فريد لـ screenToken"}
{"level":"info","message":"♻️ currentProfile loaded:"}
{"level":"info","message":"✅ تم تهيئة الصوت عبر Cloudinary (لا توجد ملفات محلية)"}
{"level":"info","message":"ℹ️ لم يتم العثور على gifts.json، سيتم إنشاء الهدايا لاحقاً عبر API"}
{"level":"info","message":"♻️ تم تحديث الكاش - البروفايلات: 15"}
{"level":"error","message":"❌ خطأ RCON:"}
{"level":"info","message":"⚠️ الحساب @ashura_1q ليس لايف حالياً"}
{"level":"info","message":"✅ السيرفر يعمل على http://localhost:3000"}
{"level":"info","message":"🎵 الصوت عبر Cloudinary"}
{"level":"info","message":"🎬 الفيديو عبر Cloudinary"}
{"level":"info","message":"✅ متصل بـ MongoDB"}
{"level":"info","message":"ℹ️ تم إزالة حقل username من المستندات"}
{"level":"info","message":"✅ تم حذف الفهرس القديم screenToken_1"}
{"level":"info","message":"✅ تم التأكد من وجود فهرس فريد على email"}
{"level":"info","message":"✅ تم إنشاء فهرس فريد لـ screenToken"}
{"level":"info","message":"♻️ currentProfile loaded:"}
{"level":"info","message":"✅ تم تهيئة الصوت عبر Cloudinary (لا توجد ملفات محلية)"}
{"level":"info","message":"ℹ️ لم يتم العثور على gifts.json، سيتم إنشاء الهدايا لاحقاً عبر API"}
{"level":"info","message":"♻️ تم تحديث الكاش - البروفايلات: 15"}
{"level":"error","message":"❌ خطأ RCON:"}
{"level":"info","message":"⚠️ الحساب @ashura_1q ليس لايف حالياً"}
{"level":"info","message":"✅ تم رفع الفيديو إلى Cloudinary: https://res.cloudinary.com/dm9ixdpzz/video/upload/v1774374535/blackmoon_videos/Zenitsu------MONTAGEM-RUGADA--Edit-AMV----4K----Trim-1774374462929.mp4"}
{"level":"info","message":"♻️ تم تحديث الكاش - البروفايلات: 15,1"}
{"level":"info","message":"🗑 تم حذف الفيديو من Cloudinary: blackmoon_videos/Zenitsu------MONTAGEM-RUGADA--Edit-AMV----4K----Trim-1774374462929"}
{"level":"info","message":"♻️ تم تحديث الكاش - البروفايلات: 15"}
{"level":"info","message":"✅ تم رفع الفيديو إلى Cloudinary: https://res.cloudinary.com/dm9ixdpzz/video/upload/v1774374578/blackmoon_videos/Toji-Fushiguro-Edit--------SMEZIR---2-----AMV-EDIT---4K----PF---Trim-1774374508712.mp4"}
{"level":"info","message":"♻️ تم تحديث الكاش - البروفايلات: 15,1"}
{"level":"info","message":"🗑 تم حذف الفيديو من Cloudinary: blackmoon_videos/Toji-Fushiguro-Edit--------SMEZIR---2-----AMV-EDIT---4K----PF---Trim-1774374508712"}
{"level":"info","message":"♻️ تم تحديث الكاش - البروفايلات: 15,1"}
{"level":"info","message":"✅ تم رفع الفيديو إلى Cloudinary: https://res.cloudinary.com/dm9ixdpzz/video/upload/v1774374619/blackmoon_videos/Toji-Fushiguro-Edit--------SMEZIR---2-----AMV-EDIT---4K----PF---Trim-1774374550188.mp4"}
{"level":"info","message":"♻️ تم تحديث الكاش - البروفايلات: 15,1"}
{"level":"info","message":"✅ تم رفع الفيديو إلى Cloudinary: https://res.cloudinary.com/dm9ixdpzz/video/upload/v1774374651/blackmoon_videos/Zenitsu------MONTAGEM-RUGADA--Edit-AMV----4K----Trim-1774374579728.mp4"}
{"level":"info","message":"♻️ تم تحديث الكاش - البروفايلات: 15,1"}
{"level":"warn","message":"⚠️ فشل حذف الفيديو: blackmoon_videos/Zenitsu------MONTAGEM-RUGADA--Edit-AMV----4K----Trim-1774374579728 - not found"}
{"level":"info","message":"✅ تم رفع الفيديو إلى Cloudinary: https://res.cloudinary.com/dm9ixdpzz/video/upload/v1774374935/blackmoon_videos/Zenitsu------MONTAGEM-RUGADA--Edit-AMV----4K----Trim-1774374863052.mp4"}
{"level":"info","message":"♻️ تم تحديث الكاش - البروفايلات: 15,1"}
{"error":{"http_code":499,"message":"Request Timeout","name":"TimeoutError"},"level":"error","message":"❌ خطأ في رفع الفيديو:"}
{"level":"info","message":"🗑 تم حذف الفيديو من Cloudinary: blackmoon_videos/Zenitsu------MONTAGEM-RUGADA--Edit-AMV----4K----Trim-1774374863052"}
{"level":"info","message":"♻️ تم تحديث الكاش - البروفايلات: 15"}
{"level":"info","message":"✅ تم رفع الفيديو إلى Cloudinary: https://res.cloudinary.com/dm9ixdpzz/video/upload/v1774375045/blackmoon_videos/Zenitsu------MONTAGEM-RUGADA--Edit-AMV----4K----Trim-1774374972520.mp4"}
{"level":"info","message":"♻️ تم تحديث الكاش - البروفايلات: 15,1"}
{"error":{"http_code":499,"message":"Request Timeout","name":"TimeoutError"},"level":"error","message":"❌ خطأ في رفع الفيديو:"}
{"level":"info","message":"✅ السيرفر يعمل على http://localhost:3000"}
{"level":"info","message":"🎵 الصوت عبر Cloudinary"}
{"level":"info","message":"🎬 الفيديو عبر Cloudinary"}
{"level":"info","message":"✅ متصل بـ MongoDB"}
{"level":"info","message":"ℹ️ تم إزالة حقل username من المستندات"}
{"level":"info","message":"✅ تم حذف الفهرس القديم screenToken_1"}
{"level":"info","message":"✅ تم التأكد من وجود فهرس فريد على email"}
{"level":"info","message":"✅ تم إنشاء فهرس فريد لـ screenToken"}
{"level":"info","message":"♻️ currentProfile loaded:"}
{"level":"info","message":"✅ تم تهيئة الصوت عبر Cloudinary (لا توجد ملفات محلية)"}
{"level":"info","message":"ℹ️ لم يتم العثور على gifts.json، سيتم إنشاء الهدايا لاحقاً عبر API"}
{"level":"info","message":"♻️ تم تحديث الكاش - البروفايلات: 15,1"}
{"level":"error","message":"❌ خطأ RCON:"}
{"level":"info","message":"⚠️ الحساب @ashura_1q ليس لايف حالياً"}
{"level":"info","message":"🗑 تم حذف الفيديو من Cloudinary: blackmoon_videos/Zenitsu------MONTAGEM-RUGADA--Edit-AMV----4K----Trim-1774374972520"}
{"level":"info","message":"♻️ تم تحديث الكاش - البروفايلات: 15"}
{"level":"info","message":"✅ تم رفع الفيديو إلى Cloudinary: https://res.cloudinary.com/dm9ixdpzz/video/upload/v1774375174/blackmoon_videos/Zenitsu------MONTAGEM-RUGADA--Edit-AMV----4K----Trim-1774375101701.mp4"}
{"level":"info","message":"♻️ تم تحديث الكاش - البروفايلات: 15,1"}
{"level":"info","message":"✅ تم رفع الفيديو إلى Cloudinary: https://res.cloudinary.com/dm9ixdpzz/video/upload/v1774375219/blackmoon_videos/Zenitsu------MONTAGEM-RUGADA--Edit-AMV----4K----Trim-1774375146972.mp4"}
{"level":"info","message":"🗑 تم حذف الفيديو من Cloudinary: blackmoon_videos/Zenitsu------MONTAGEM-RUGADA--Edit-AMV----4K----Trim-1774375101701"}
{"level":"info","message":"♻️ تم تحديث الكاش - البروفايلات: 15,1"}
{"level":"info","message":"✅ تم رفع الفيديو إلى Cloudinary: https://res.cloudinary.com/dm9ixdpzz/video/upload/v1774375259/blackmoon_videos/Toji-Fushiguro-Edit--------SMEZIR---2-----AMV-EDIT---4K----PF---Trim-1774375189496.mp4"}
{"level":"info","message":"🗑 تم حذف الفيديو من Cloudinary: blackmoon_videos/Zenitsu------MONTAGEM-RUGADA--Edit-AMV----4K----Trim-1774375146972"}
{"level":"info","message":"♻️ تم تحديث الكاش - البروفايلات: 15,1"}
{"level":"info","message":"♻️ تم تحديث الكاش - البروفايلات: 15,1"}
{"level":"info","message":"♻️ تم تحديث الكاش - البروفايلات: 15,1"}
{"level":"info","message":"✅ السيرفر يعمل على http://localhost:3000"}
{"level":"info","message":"🎵 الصوت عبر Cloudinary"}
{"level":"info","message":"🎬 الفيديو عبر Cloudinary"}
{"level":"info","message":"✅ متصل بـ MongoDB"}
{"level":"info","message":"ℹ️ تم إزالة حقل username من المستندات"}
{"level":"info","message":"✅ تم حذف الفهرس القديم screenToken_1"}
{"level":"info","message":"✅ تم التأكد من وجود فهرس فريد على email"}
{"level":"info","message":"✅ تم إنشاء فهرس فريد لـ screenToken"}
{"level":"info","message":"♻️ currentProfile loaded:"}
{"level":"info","message":"✅ تم تهيئة الصوت عبر Cloudinary (لا توجد ملفات محلية)"}
{"level":"info","message":"ℹ️ لم يتم العثور على gifts.json، سيتم إنشاء الهدايا لاحقاً عبر API"}
{"level":"info","message":"♻️ تم تحديث الكاش - البروفايلات: 15,1"}
{"level":"error","message":"❌ خطأ RCON:"}
{"level":"info","message":"⚠️ الحساب @ashura_1q ليس لايف حالياً"}
{"level":"info","message":"✅ السيرفر يعمل على http://localhost:3000"}
{"level":"info","message":"🎵 الصوت عبر Cloudinary"}
{"level":"info","message":"🎬 الفيديو عبر Cloudinary"}
{"level":"info","message":"✅ متصل بـ MongoDB"}
{"level":"info","message":"ℹ️ تم إزالة حقل username من المستندات"}
{"level":"info","message":"✅ تم حذف الفهرس القديم screenToken_1"}
{"level":"info","message":"✅ تم التأكد من وجود فهرس فريد على email"}
{"level":"info","message":"✅ تم إنشاء فهرس فريد لـ screenToken"}
{"level":"info","message":"♻️ currentProfile loaded:"}
{"level":"info","message":"✅ تم تهيئة الصوت عبر Cloudinary (لا توجد ملفات محلية)"}
{"level":"info","message":"ℹ️ لم يتم العثور على gifts.json، سيتم إنشاء الهدايا لاحقاً عبر API"}
{"level":"info","message":"♻️ تم تحديث الكاش - البروفايلات: 15,1"}
{"level":"error","message":"❌ خطأ RCON:"}
{"level":"info","message":"⚠️ الحساب @ashura_1q ليس لايف حالياً"}
{"level":"info","message":"✅ السيرفر يعمل على http://localhost:3000"}
{"level":"info","message":"🎵 الصوت عبر Cloudinary"}
{"level":"info","message":"🎬 الفيديو عبر Cloudinary"}
{"level":"info","message":"✅ متصل بـ MongoDB"}
{"level":"info","message":"ℹ️ تم إزالة حقل username من المستندات"}
{"level":"info","message":"✅ تم حذف الفهرس القديم screenToken_1"}
{"level":"info","message":"✅ تم التأكد من وجود فهرس فريد على email"}
{"level":"info","message":"✅ تم إنشاء فهرس فريد لـ screenToken"}
{"level":"info","message":"♻️ currentProfile loaded:"}
{"level":"info","message":"✅ تم تهيئة الصوت عبر Cloudinary (لا توجد ملفات محلية)"}
{"level":"info","message":"ℹ️ لم يتم العثور على gifts.json، سيتم إنشاء الهدايا لاحقاً عبر API"}
{"level":"info","message":"♻️ تم تحديث الكاش - البروفايلات: 15,1"}
{"level":"error","message":"❌ خطأ RCON:"}
{"level":"info","message":"⚠️ الحساب @ashura_1q ليس لايف حالياً"}
{"level":"info","message":"✅ السيرفر يعمل على http://localhost:3000"}
{"level":"info","message":"🎵 الصوت عبر Cloudinary"}
{"level":"info","message":"🎬 الفيديو عبر Cloudinary"}
{"level":"info","message":"✅ متصل بـ MongoDB"}
{"level":"info","message":"ℹ️ تم إزالة حقل username من المستندات"}
{"level":"info","message":"✅ تم حذف الفهرس القديم screenToken_1"}
{"level":"info","message":"✅ تم التأكد من وجود فهرس فريد على email"}
{"level":"info","message":"✅ تم إنشاء فهرس فريد لـ screenToken"}
{"level":"info","message":"♻️ currentProfile loaded:"}
{"level":"info","message":"✅ تم تهيئة الصوت عبر Cloudinary (لا توجد ملفات محلية)"}
{"level":"info","message":"ℹ️ لم يتم العثور على gifts.json، سيتم إنشاء الهدايا لاحقاً عبر API"}
{"level":"info","message":"♻️ تم تحديث الكاش - البروفايلات: 15,1"}
{"level":"error","message":"❌ خطأ RCON:"}
{"level":"info","message":"⚠️ الحساب @ashura_1q ليس لايف حالياً"}
{"level":"info","message":"✅ السيرفر يعمل على http://localhost:3000"}
{"level":"info","message":"🎵 الصوت عبر Cloudinary"}
{"level":"info","message":"🎬 الفيديو عبر Cloudinary"}
{"level":"info","message":"✅ متصل بـ MongoDB"}
{"level":"info","message":"ℹ️ تم إزالة حقل username من المستندات"}
{"level":"info","message":"✅ تم حذف الفهرس القديم screenToken_1"}
{"level":"info","message":"✅ تم التأكد من وجود فهرس فريد على email"}
{"level":"info","message":"✅ تم إنشاء فهرس فريد لـ screenToken"}
{"level":"info","message":"♻️ currentProfile loaded:"}
{"level":"info","message":"✅ تم تهيئة الصوت عبر Cloudinary (لا توجد ملفات محلية)"}
{"level":"info","message":"ℹ️ لم يتم العثور على gifts.json، سيتم إنشاء الهدايا لاحقاً عبر API"}
{"level":"info","message":"♻️ تم تحديث الكاش - البروفايلات: 15,1"}
{"level":"error","message":"❌ خطأ RCON:"}
{"level":"info","message":"⚠️ الحساب @ashura_1q ليس لايف حالياً"}
{"level":"info","message":"✅ السيرفر يعمل على http://localhost:3000"}
{"level":"info","message":"🎵 الصوت عبر Cloudinary"}
{"level":"info","message":"🎬 الفيديو عبر Cloudinary"}
{"level":"info","message":"✅ متصل بـ MongoDB"}
{"level":"info","message":"ℹ️ تم إزالة حقل username من المستندات"}
{"level":"info","message":"✅ تم حذف الفهرس القديم screenToken_1"}
{"level":"info","message":"✅ تم التأكد من وجود فهرس فريد على email"}
{"level":"info","message":"✅ تم إنشاء فهرس فريد لـ screenToken"}
{"level":"info","message":"♻️ currentProfile loaded:"}
{"level":"info","message":"✅ تم تهيئة الصوت عبر Cloudinary (لا توجد ملفات محلية)"}
{"level":"info","message":"ℹ️ لم يتم العثور على gifts.json، سيتم إنشاء الهدايا لاحقاً عبر API"}
{"level":"info","message":"♻️ تم تحديث الكاش - البروفايلات: 15,1"}
{"level":"error","message":"❌ خطأ RCON:"}
{"level":"info","message":"⚠️ الحساب @ashura_1q ليس لايف حالياً"}
{"level":"info","message":"✅ السيرفر يعمل على http://localhost:3000"}
{"level":"info","message":"🎵 الصوت عبر Cloudinary"}
{"level":"info","message":"🎬 الفيديو عبر Cloudinary"}
{"level":"info","message":"✅ متصل بـ MongoDB"}
{"level":"info","message":"ℹ️ تم إزالة حقل username من المستندات"}
{"level":"info","message":"✅ تم حذف الفهرس القديم screenToken_1"}
{"level":"info","message":"✅ تم التأكد من وجود فهرس فريد على email"}
{"level":"info","message":"✅ تم إنشاء فهرس فريد لـ screenToken"}
{"level":"info","message":"♻️ currentProfile loaded:"}
{"level":"info","message":"✅ تم تهيئة الصوت عبر Cloudinary (لا توجد ملفات محلية)"}
{"level":"info","message":"ℹ️ لم يتم العثور على gifts.json، سيتم إنشاء الهدايا لاحقاً عبر API"}
{"level":"info","message":"♻️ تم تحديث الكاش - البروفايلات: 15,1"}
{"level":"error","message":"❌ خطأ RCON:"}
{"level":"info","message":"⚠️ الحساب @ashura_1q ليس لايف حالياً"}
{"level":"info","message":"✅ السيرفر يعمل على http://localhost:3000"}
{"level":"info","message":"🎵 الصوت عبر Cloudinary"}
{"level":"info","message":"🎬 الفيديو عبر Cloudinary"}
{"level":"info","message":"✅ متصل بـ MongoDB"}
{"level":"info","message":"ℹ️ تم إزالة حقل username من المستندات"}
{"level":"info","message":"✅ تم حذف الفهرس القديم screenToken_1"}
{"level":"info","message":"✅ تم التأكد من وجود فهرس فريد على email"}
{"level":"info","message":"✅ تم إنشاء فهرس فريد لـ screenToken"}
{"level":"info","message":"♻️ currentProfile loaded:"}
{"level":"info","message":"✅ تم تهيئة الصوت عبر Cloudinary (لا توجد ملفات محلية)"}
{"level":"info","message":"ℹ️ لم يتم العثور على gifts.json، سيتم إنشاء الهدايا لاحقاً عبر API"}
{"level":"info","message":"♻️ تم تحديث الكاش - البروفايلات: 15,1"}
{"level":"error","message":"❌ خطأ RCON:"}
{"level":"info","message":"⚠️ الحساب @ashura_1q ليس لايف حالياً"}
{"level":"error","message":"❌ خطأ RCON:"}
{"level":"info","message":"✅ السيرفر يعمل على http://localhost:3000"}
{"level":"info","message":"🎵 الصوت عبر Cloudinary"}
{"level":"info","message":"🎬 الفيديو عبر Cloudinary"}
{"level":"info","message":"✅ متصل بـ MongoDB"}
{"level":"info","message":"ℹ️ تم إزالة حقل username من المستندات"}
{"level":"info","message":"✅ تم حذف الفهرس القديم screenToken_1"}
{"level":"info","message":"✅ تم التأكد من وجود فهرس فريد على email"}
{"level":"info","message":"✅ تم إنشاء فهرس فريد لـ screenToken"}
{"level":"info","message":"♻️ currentProfile loaded:"}
{"level":"info","message":"ℹ️ لم يتم العثور على gifts.json، سيتم إنشاء الهدايا لاحقاً عبر API"}
{"level":"info","message":"♻️ تم تحديث الكاش - البروفايلات: 15,1"}
{"level":"error","message":"❌ خطأ RCON:"}
{"level":"info","message":"⚠️ الحساب @ashura_1q ليس لايف حالياً"}
{"level":"info","message":"✅ السيرفر يعمل على http://localhost:3000"}
{"level":"info","message":"🎵 الصوت عبر Cloudinary"}
{"level":"info","message":"🎬 الفيديو عبر Cloudinary"}
{"level":"info","message":"✅ متصل بـ MongoDB"}
{"level":"info","message":"ℹ️ تم إزالة حقل username من المستندات"}
{"level":"info","message":"✅ تم حذف الفهرس القديم screenToken_1"}
{"level":"info","message":"✅ تم التأكد من وجود فهرس فريد على email"}
{"level":"info","message":"✅ تم إنشاء فهرس فريد لـ screenToken"}
{"level":"info","message":"♻️ currentProfile loaded:"}
{"level":"info","message":"✅ تم تهيئة الصوت عبر Cloudinary (لا توجد ملفات محلية)"}
{"level":"info","message":"ℹ️ لم يتم العثور على gifts.json، سيتم إنشاء الهدايا لاحقاً عبر API"}
{"level":"info","message":"♻️ تم تحديث الكاش - البروفايلات: 15,1"}
{"level":"error","message":"❌ خطأ RCON:"}
{"level":"info","message":"⚠️ الحساب @ashura_1q ليس لايف حالياً"}
{"level":"info","message":"✅ السيرفر يعمل على http://localhost:3000"}
{"level":"info","message":"🎵 الصوت عبر Cloudinary"}
{"level":"info","message":"🎬 الفيديو عبر Cloudinary"}
{"level":"info","message":"✅ متصل بـ MongoDB"}
{"level":"info","message":"ℹ️ تم إزالة حقل username من المستندات"}
{"level":"info","message":"✅ تم حذف الفهرس القديم screenToken_1"}
{"level":"info","message":"✅ تم التأكد من وجود فهرس فريد على email"}
{"level":"info","message":"✅ تم إنشاء فهرس فريد لـ screenToken"}
{"level":"info","message":"♻️ currentProfile loaded:"}
{"level":"info","message":"ℹ️ لم يتم العثور على gifts.json، سيتم إنشاء الهدايا لاحقاً عبر API"}
{"level":"info","message":"♻️ تم تحديث الكاش - البروفايلات: 15,1"}
{"level":"error","message":"❌ خطأ RCON:"}
{"level":"info","message":"⚠️ الحساب @ashura_1q ليس لايف حالياً"}
{"level":"info","message":"✅ السيرفر يعمل على http://localhost:3000"}
{"level":"info","message":"🎵 الصوت عبر Cloudinary"}
{"level":"info","message":"🎬 الفيديو عبر Cloudinary"}
{"level":"info","message":"✅ متصل بـ MongoDB"}
{"level":"info","message":"ℹ️ تم إزالة حقل username من المستندات"}
{"level":"info","message":"✅ تم حذف الفهرس القديم screenToken_1"}
{"level":"info","message":"✅ تم التأكد من وجود فهرس فريد على email"}
{"level":"info","message":"✅ تم إنشاء فهرس فريد لـ screenToken"}
{"level":"info","message":"♻️ currentProfile loaded:"}
{"level":"info","message":"ℹ️ لم يتم العثور على gifts.json، سيتم إنشاء الهدايا لاحقاً عبر API"}
{"level":"info","message":"♻️ تم تحديث الكاش - البروفايلات: 15,1"}
{"level":"error","message":"❌ خطأ RCON:"}
{"level":"info","message":"⚠️ الحساب @ashura_1q ليس لايف حالياً"}
{"level":"info","message":"Checking expired subscriptions..."}
{"level":"info","message":"Checking expired subscriptions..."}
{"level":"info","message":"✅ السيرفر يعمل على http://localhost:3000"}
{"level":"info","message":"🎵 الصوت عبر Cloudinary"}
{"level":"info","message":"🎬 الفيديو عبر Cloudinary"}
{"level":"info","message":"✅ متصل بـ MongoDB"}
{"level":"info","message":"ℹ️ تم إزالة حقل username من المستندات"}
{"level":"info","message":"✅ تم حذف الفهرس القديم screenToken_1"}
{"level":"info","message":"✅ تم التأكد من وجود فهرس فريد على email"}
{"level":"info","message":"✅ تم إنشاء فهرس فريد لـ screenToken"}
{"level":"info","message":"♻️ currentProfile loaded:"}
{"level":"info","message":"ℹ️ لم يتم العثور على gifts.json، سيتم إنشاء الهدايا لاحقاً عبر API"}
{"level":"info","message":"♻️ تم تحديث الكاش - البروفايلات: "}
{"level":"error","message":"❌ خطأ RCON:"}
{"level":"info","message":"⚠️ الحساب @ashura_1q ليس لايف حالياً"}
{"level":"info","message":"✅ السيرفر يعمل على http://localhost:3000"}
{"level":"info","message":"🎵 الصوت عبر Cloudinary"}
{"level":"info","message":"🎬 الفيديو عبر Cloudinary"}
{"level":"info","message":"✅ متصل بـ MongoDB"}
{"level":"info","message":"ℹ️ تم إزالة حقل username من المستندات"}
{"level":"info","message":"✅ تم حذف الفهرس القديم screenToken_1"}
{"level":"info","message":"✅ تم التأكد من وجود فهرس فريد على email"}
{"level":"info","message":"✅ تم إنشاء فهرس فريد لـ screenToken"}
{"level":"info","message":"♻️ currentProfile loaded:"}
{"level":"info","message":"ℹ️ لم يتم العثور على gifts.json، سيتم إنشاء الهدايا لاحقاً عبر API"}
{"level":"info","message":"♻️ تم تحديث الكاش - البروفايلات: "}
{"level":"error","message":"❌ خطأ RCON:"}
{"level":"info","message":"⚠️ الحساب @ashura_1q ليس لايف حالياً"}
{"level":"info","message":"Checking expired subscriptions..."}
{"level":"info","message":"✅ السيرفر يعمل على http://localhost:3000"}
{"level":"info","message":"🎵 الصوت عبر Cloudinary"}
{"level":"info","message":"🎬 الفيديو عبر Cloudinary"}
{"level":"info","message":"✅ متصل بـ MongoDB"}
{"level":"info","message":"ℹ️ تم إزالة حقل username من المستندات"}
{"level":"info","message":"✅ تم حذف الفهرس القديم screenToken_1"}
{"level":"info","message":"✅ تم التأكد من وجود فهرس فريد على email"}
{"level":"info","message":"✅ تم إنشاء فهرس فريد لـ screenToken"}
{"level":"info","message":"♻️ currentProfile loaded:"}
{"level":"info","message":"ℹ️ لم يتم العثور على gifts.json، سيتم إنشاء الهدايا لاحقاً عبر API"}
{"level":"info","message":"♻️ تم تحديث الكاش - البروفايلات: "}
{"level":"error","message":"❌ خطأ RCON:"}
{"level":"info","message":"⚠️ الحساب @ashura_1q ليس لايف حالياً"}
{"level":"info","message":"✅ السيرفر يعمل على http://localhost:3000"}
{"level":"info","message":"🎵 الصوت عبر Cloudinary"}
{"level":"info","message":"🎬 الفيديو عبر Cloudinary"}
{"level":"info","message":"✅ متصل بـ MongoDB"}
{"level":"info","message":"ℹ️ تم إزالة حقل username من المستندات"}
{"level":"info","message":"✅ تم حذف الفهرس القديم screenToken_1"}
{"level":"info","message":"✅ تم التأكد من وجود فهرس فريد على email"}
{"level":"info","message":"✅ تم إنشاء فهرس فريد لـ screenToken"}
{"level":"info","message":"♻️ currentProfile loaded:"}
{"level":"info","message":"ℹ️ لم يتم العثور على gifts.json، سيتم إنشاء الهدايا لاحقاً عبر API"}
{"level":"info","message":"♻️ تم تحديث الكاش - البروفايلات: "}
{"level":"error","message":"❌ خطأ RCON:"}
{"level":"info","message":"⚠️ الحساب @ashura_1q ليس لايف حالياً"}
{"level":"info","message":"Checking expired subscriptions..."}
{"level":"info","message":"✅ السيرفر يعمل على http://localhost:3000"}
{"level":"info","message":"🎵 الصوت عبر Cloudinary"}
{"level":"info","message":"🎬 الفيديو عبر Cloudinary"}
{"level":"info","message":"✅ متصل بـ MongoDB"}
{"level":"info","message":"ℹ️ تم إزالة حقل username من المستندات"}
{"level":"info","message":"✅ تم حذف الفهرس القديم screenToken_1"}
{"level":"info","message":"✅ تم التأكد من وجود فهرس فريد على email"}
{"level":"info","message":"✅ تم إنشاء فهرس فريد لـ screenToken"}
{"level":"info","message":"♻️ currentProfile loaded:"}
{"level":"info","message":"ℹ️ لم يتم العثور على gifts.json، سيتم إنشاء الهدايا لاحقاً عبر API"}
{"level":"info","message":"♻️ تم تحديث الكاش - البروفايلات: "}
{"level":"error","message":"❌ خطأ RCON:"}
{"level":"info","message":"⚠️ الحساب @ashura_1q ليس لايف حالياً"}
{"level":"info","message":"✅ السيرفر يعمل على http://localhost:3000"}
{"level":"info","message":"🎵 الصوت عبر Cloudinary"}
{"level":"info","message":"🎬 الفيديو عبر Cloudinary"}
{"level":"info","message":"✅ متصل بـ MongoDB"}
{"level":"info","message":"ℹ️ تم إزالة حقل username من المستندات"}
{"level":"info","message":"✅ تم حذف الفهرس القديم screenToken_1"}
{"level":"info","message":"✅ تم التأكد من وجود فهرس فريد على email"}
{"level":"info","message":"✅ تم إنشاء فهرس فريد لـ screenToken"}
{"level":"info","message":"♻️ currentProfile loaded:"}
{"level":"info","message":"ℹ️ لم يتم العثور على gifts.json، سيتم إنشاء الهدايا لاحقاً عبر API"}
{"level":"info","message":"♻️ تم تحديث الكاش - البروفايلات: "}
{"level":"error","message":"❌ خطأ RCON:"}
{"level":"info","message":"⚠️ الحساب @ashura_1q ليس لايف حالياً"}
{"level":"info","message":"Checking expired subscriptions..."}
{"level":"info","message":"Checking expired subscriptions..."}
{"level":"info","message":"✅ السيرفر يعمل على http://localhost:3000"}
{"level":"info","message":"🎵 الصوت عبر Cloudinary"}
{"level":"info","message":"🎬 الفيديو عبر Cloudinary"}
{"level":"info","message":"✅ متصل بـ MongoDB"}
{"level":"info","message":"ℹ️ تم إزالة حقل username من المستندات"}
{"level":"info","message":"✅ تم حذف الفهرس القديم screenToken_1"}
{"level":"info","message":"✅ تم التأكد من وجود فهرس فريد على email"}
{"level":"info","message":"✅ تم إنشاء فهرس فريد لـ screenToken"}
{"level":"info","message":"♻️ currentProfile loaded:"}
{"level":"info","message":"ℹ️ لم يتم العثور على gifts.json، سيتم إنشاء الهدايا لاحقاً عبر API"}
{"level":"info","message":"♻️ تم تحديث الكاش - البروفايلات: "}
{"level":"error","message":"❌ خطأ RCON:"}
{"level":"info","message":"⚠️ الحساب @ashura_1q ليس لايف حالياً"}
{"level":"info","message":"✅ السيرفر يعمل على http://localhost:3000"}
{"level":"info","message":"🎵 الصوت عبر Cloudinary"}
{"level":"info","message":"🎬 الفيديو عبر Cloudinary"}
{"level":"info","message":"✅ متصل بـ MongoDB"}
{"level":"info","message":"ℹ️ تم إزالة حقل username من المستندات"}
{"level":"info","message":"✅ تم حذف الفهرس القديم screenToken_1"}
{"level":"info","message":"✅ تم التأكد من وجود فهرس فريد على email"}
{"level":"info","message":"✅ تم إنشاء فهرس فريد لـ screenToken"}
{"level":"info","message":"♻️ currentProfile loaded:"}
{"level":"info","message":"ℹ️ لم يتم العثور على gifts.json، سيتم إنشاء الهدايا لاحقاً عبر API"}
{"level":"info","message":"♻️ تم تحديث الكاش - البروفايلات: "}
{"level":"error","message":"❌ خطأ RCON:"}
{"level":"info","message":"⚠️ الحساب @ashura_1q ليس لايف حالياً"}
{"level":"info","message":"Checking expired subscriptions..."}
{"level":"info","message":"✅ السيرفر يعمل على http://localhost:3000"}
{"level":"info","message":"🎵 الصوت عبر Cloudinary"}
{"level":"info","message":"🎬 الفيديو عبر Cloudinary"}
{"level":"info","message":"✅ متصل بـ MongoDB"}
{"level":"info","message":"ℹ️ تم إزالة حقل username من المستندات"}
{"level":"info","message":"✅ تم حذف الفهرس القديم screenToken_1"}
{"level":"info","message":"✅ تم التأكد من وجود فهرس فريد على email"}
{"level":"info","message":"✅ تم إنشاء فهرس فريد لـ screenToken"}
{"level":"info","message":"♻️ currentProfile loaded:"}
{"level":"info","message":"ℹ️ لم يتم العثور على gifts.json، سيتم إنشاء الهدايا لاحقاً عبر API"}
{"level":"info","message":"♻️ تم تحديث الكاش - البروفايلات: "}
{"level":"error","message":"❌ خطأ RCON:"}
{"level":"info","message":"⚠️ الحساب @ashura_1q ليس لايف حالياً"}
{"level":"info","message":"✅ السيرفر يعمل على http://localhost:3000"}
{"level":"info","message":"🎵 الصوت عبر Cloudinary"}
{"level":"info","message":"🎬 الفيديو عبر Cloudinary"}
{"level":"info","message":"✅ متصل بـ MongoDB"}
{"level":"info","message":"ℹ️ تم إزالة حقل username من المستندات"}
{"level":"info","message":"✅ تم حذف الفهرس القديم screenToken_1"}
{"level":"info","message":"✅ تم التأكد من وجود فهرس فريد على email"}
{"level":"info","message":"✅ تم إنشاء فهرس فريد لـ screenToken"}
{"level":"info","message":"♻️ currentProfile loaded:"}
{"level":"info","message":"ℹ️ لم يتم العثور على gifts.json، سيتم إنشاء الهدايا لاحقاً عبر API"}
{"level":"info","message":"♻️ تم تحديث الكاش - البروفايلات: "}
{"level":"error","message":"❌ خطأ RCON:"}
{"level":"info","message":"⚠️ الحساب @ashura_1q ليس لايف حالياً"}
{"level":"info","message":"✅ السيرفر يعمل على http://localhost:3000"}
{"level":"info","message":"🎵 الصوت عبر Cloudinary"}
{"level":"info","message":"🎬 الفيديو عبر Cloudinary"}
{"level":"info","message":"✅ متصل بـ MongoDB"}
{"level":"info","message":"ℹ️ تم إزالة حقل username من المستندات"}
{"level":"info","message":"✅ تم حذف الفهرس القديم screenToken_1"}
{"level":"info","message":"✅ تم التأكد من وجود فهرس فريد على email"}
{"level":"info","message":"✅ تم إنشاء فهرس فريد لـ screenToken"}
{"level":"info","message":"♻️ currentProfile loaded:"}
{"level":"info","message":"ℹ️ لم يتم العثور على gifts.json، سيتم إنشاء الهدايا لاحقاً عبر API"}
{"level":"info","message":"♻️ تم تحديث الكاش - البروفايلات: "}
{"level":"error","message":"❌ خطأ RCON:"}
{"level":"info","message":"✅ السيرفر يعمل على http://localhost:3000"}
{"level":"info","message":"🎵 الصوت عبر Cloudinary"}
{"level":"info","message":"🎬 الفيديو عبر Cloudinary"}
{"level":"info","message":"✅ متصل بـ MongoDB"}
{"level":"info","message":"ℹ️ تم إزالة حقل username من المستندات"}
{"level":"info","message":"✅ تم حذف الفهرس القديم screenToken_1"}
{"level":"info","message":"✅ تم التأكد من وجود فهرس فريد على email"}
{"level":"info","message":"✅ تم إنشاء فهرس فريد لـ screenToken"}
{"level":"info","message":"♻️ currentProfile loaded:"}
{"level":"info","message":"ℹ️ لم يتم العثور على gifts.json، سيتم إنشاء الهدايا لاحقاً عبر API"}
{"level":"info","message":"♻️ تم تحديث الكاش - البروفايلات: "}
{"level":"error","message":"❌ خطأ RCON:"}
{"level":"info","message":"⚠️ الحساب @ashura_1q ليس لايف حالياً"}
{"level":"info","message":"✅ السيرفر يعمل على http://localhost:3000"}
{"level":"info","message":"🎵 الصوت عبر Cloudinary"}
{"level":"info","message":"🎬 الفيديو عبر Cloudinary"}
{"level":"info","message":"✅ متصل بـ MongoDB"}
{"level":"info","message":"ℹ️ تم إزالة حقل username من المستندات"}
{"level":"info","message":"✅ تم حذف الفهرس القديم screenToken_1"}
{"level":"info","message":"✅ تم التأكد من وجود فهرس فريد على email"}
{"level":"info","message":"✅ تم إنشاء فهرس فريد لـ screenToken"}
{"level":"info","message":"♻️ currentProfile loaded:"}
{"level":"info","message":"ℹ️ لم يتم العثور على gifts.json، سيتم إنشاء الهدايا لاحقاً عبر API"}
{"level":"info","message":"♻️ تم تحديث الكاش - البروفايلات: "}
{"level":"error","message":"❌ خطأ RCON:"}
{"level":"info","message":"⚠️ الحساب @ashura_1q ليس لايف حالياً"}
{"level":"info","message":"♻️ تم تحديث الكاش - البروفايلات: 1"}
{"level":"info","message":"♻️ تم تحديث الكاش - البروفايلات: 1"}
{"level":"info","message":"🎛️ تم التبديل إلى البروفايل 2"}
{"level":"info","message":"♻️ تم تحديث الكاش - البروفايلات: 1"}
{"level":"info","message":"♻️ تم تحديث الكاش - البروفايلات: 1"}
{"level":"info","message":"♻️ تم تحديث الكاش - البروفايلات: "}
{"level":"info","message":"🎛️ تم التبديل إلى البروفايل 1"}
{"level":"info","message":"♻️ تم تحديث الكاش - البروفايلات: "}
{"level":"info","message":"🎛️ تم التبديل إلى البروفايل 2"}
{"level":"info","message":"♻️ تم تحديث الكاش - البروفايلات: "}
{"level":"info","message":"♻️ تم تحديث الكاش - البروفايلات: 2"}
{"level":"info","message":"♻️ تم تحديث الكاش - البروفايلات: "}
{"level":"info","message":"♻️ تم تحديث الكاش - البروفايلات: 2"}
{"level":"info","message":"🎛️ تم التبديل إلى البروفايل 1"}
{"level":"info","message":"♻️ تم تحديث الكاش - البروفايلات: 2"}
{"level":"info","message":"♻️ تم تحديث الكاش - البروفايلات: 2,1"}
{"level":"info","message":"🎛️ تم التبديل إلى البروفايل 2"}
{"level":"info","message":"♻️ تم تحديث الكاش - البروفايلات: 2,1"}
{"level":"info","message":"♻️ تم تحديث الكاش - البروفايلات: 2"}
{"level":"info","message":"🎛️ تم التبديل إلى البروفايل 1"}
{"level":"info","message":"♻️ تم تحديث الكاش - البروفايلات: 2"}
{"level":"info","message":"♻️ تم تحديث الكاش - البروفايلات: 2"}
{"level":"info","message":"♻️ تم تحديث الكاش - البروفايلات: 2,1"}
{"level":"info","message":"🎛️ تم التبديل إلى البروفايل 2"}
{"level":"info","message":"♻️ تم تحديث الكاش - البروفايلات: 2,1"}
{"level":"info","message":"♻️ تم تحديث الكاش - البروفايلات: 1"}
{"level":"info","message":"🎛️ تم التبديل إلى البروفايل 1"}
{"level":"info","message":"♻️ تم تحديث الكاش - البروفايلات: 1"}
{"level":"info","message":"🎛️ تم التبديل إلى البروفايل 2"}
{"level":"info","message":"♻️ تم تحديث الكاش - البروفايلات: 1"}
{"level":"info","message":"♻️ تم تحديث الكاش - البروفايلات: 1,2"}
{"level":"info","message":"🎛️ تم التبديل إلى البروفايل 1"}
{"level":"info","message":"♻️ تم تحديث الكاش - البروفايلات: 1,2"}
{"level":"info","message":"🎛️ تم التبديل إلى البروفايل 2"}
{"level":"info","message":"♻️ تم تحديث الكاش - البروفايلات: 1,2"}
{"level":"info","message":"♻️ تم تحديث الكاش - البروفايلات: 1"}
{"level":"info","message":"🎛️ تم التبديل إلى البروفايل 1"}
{"level":"info","message":"♻️ تم تحديث الكاش - البروفايلات: 1"}
{"level":"info","message":"♻️ تم تحديث الكاش - البروفايلات: "}
{"level":"info","message":"🎛️ تم التبديل إلى البروفايل 2"}
{"level":"info","message":"♻️ تم تحديث الكاش - البروفايلات: "}
{"level":"info","message":"🎛️ تم التبديل إلى البروفايل 1"}
{"level":"info","message":"♻️ تم تحديث الكاش - البروفايلات: "}
{"level":"info","message":"♻️ تم تحديث الكاش - البروفايلات: 1"}
{"level":"info","message":"🎛️ تم التبديل إلى البروفايل 2"}
{"level":"info","message":"♻️ تم تحديث الكاش - البروفايلات: 1"}
{"level":"info","message":"♻️ تم تحديث الكاش - البروفايلات: 1"}
{"level":"info","message":"🎛️ تم التبديل إلى البروفايل 1"}
{"level":"info","message":"♻️ تم تحديث الكاش - البروفايلات: 1"}
{"level":"info","message":"🎛️ تم التبديل إلى البروفايل 2"}
{"level":"info","message":"♻️ تم تحديث الكاش - البروفايلات: 1"}
{"level":"info","message":"♻️ تم تحديث الكاش - البروفايلات: "}
{"level":"info","message":"🎛️ تم التبديل إلى البروفايل 1"}
{"level":"info","message":"♻️ تم تحديث الكاش - البروفايلات: "}
{"level":"info","message":"♻️ تم تحديث الكاش - البروفايلات: 1"}
{"level":"info","message":"🎛️ تم التبديل إلى البروفايل 2"}
{"level":"info","message":"♻️ تم تحديث الكاش - البروفايلات: 1"}
{"level":"info","message":"♻️ تم تحديث الكاش - البروفايلات: 1,2"}
{"level":"info","message":"♻️ تم تحديث الكاش - البروفايلات: 2"}
{"level":"info","message":"🎛️ تم التبديل إلى البروفايل 1"}
{"level":"info","message":"♻️ تم تحديث الكاش - البروفايلات: 2"}
{"level":"info","message":"🎛️ تم التبديل إلى البروفايل 2"}
{"level":"info","message":"♻️ تم تحديث الكاش - البروفايلات: 2"}
{"level":"info","message":"🎛️ تم التبديل إلى البروفايل 1"}
{"level":"info","message":"♻️ تم تحديث الكاش - البروفايلات: 2"}
{"level":"info","message":"🎛️ تم التبديل إلى البروفايل 2"}
{"level":"info","message":"♻️ تم تحديث الكاش - البروفايلات: 2"}
{"level":"info","message":"♻️ تم تحديث الكاش - البروفايلات: "}
{"level":"info","message":"🎛️ تم التبديل إلى البروفايل 1"}
{"level":"info","message":"♻️ تم تحديث الكاش - البروفايلات: "}
{"level":"info","message":"♻️ تم تحديث الكاش - البروفايلات: 1"}
{"level":"info","message":"🎛️ تم التبديل إلى البروفايل 2"}
{"level":"info","message":"♻️ تم تحديث الكاش - البروفايلات: 1"}
{"level":"info","message":"♻️ تم تحديث الكاش - البروفايلات: 1,2"}
{"level":"info","message":"♻️ تم تحديث الكاش - البروفايلات: 2"}
{"level":"info","message":"🎛️ تم التبديل إلى البروفايل 1"}
{"level":"info","message":"♻️ تم تحديث الكاش - البروفايلات: 2"}
{"level":"info","message":"🎛️ تم التبديل إلى البروفايل 2"}
{"level":"info","message":"♻️ تم تحديث الكاش - البروفايلات: 2"}
{"level":"info","message":"🎛️ تم التبديل إلى البروفايل 1"}
{"level":"info","message":"♻️ تم تحديث الكاش - البروفايلات: 2"}
{"level":"info","message":"🎛️ تم التبديل إلى البروفايل 2"}
{"level":"info","message":"♻️ تم تحديث الكاش - البروفايلات: 2"}
{"level":"info","message":"✅ السيرفر يعمل على http://localhost:3000"}
{"level":"info","message":"🎵 الصوت عبر Cloudinary"}
{"level":"info","message":"🎬 الفيديو عبر Cloudinary"}
{"level":"info","message":"✅ متصل بـ MongoDB"}
{"level":"info","message":"ℹ️ تم إزالة حقل username من المستندات"}
{"level":"info","message":"✅ تم حذف الفهرس القديم screenToken_1"}
{"level":"info","message":"✅ تم التأكد من وجود فهرس فريد على email"}
{"level":"info","message":"✅ تم إنشاء فهرس فريد لـ screenToken"}
{"level":"info","message":"♻️ currentProfile loaded:"}
{"level":"info","message":"ℹ️ لم يتم العثور على gifts.json، سيتم إنشاء الهدايا لاحقاً عبر API"}
{"level":"info","message":"♻️ تم تحديث الكاش - البروفايلات: 2"}
{"level":"error","message":"❌ خطأ RCON:"}
{"level":"info","message":"✅ السيرفر يعمل على http://localhost:3000"}
{"level":"info","message":"🎵 الصوت عبر Cloudinary"}
{"level":"info","message":"🎬 الفيديو عبر Cloudinary"}
{"level":"info","message":"✅ متصل بـ MongoDB"}
{"level":"info","message":"ℹ️ تم إزالة حقل username من المستندات"}
{"level":"info","message":"✅ تم حذف الفهرس القديم screenToken_1"}
{"level":"info","message":"✅ تم التأكد من وجود فهرس فريد على email"}
{"level":"info","message":"✅ تم إنشاء فهرس فريد لـ screenToken"}
{"level":"info","message":"♻️ currentProfile loaded:"}
{"level":"info","message":"ℹ️ لم يتم العثور على gifts.json، سيتم إنشاء الهدايا لاحقاً عبر API"}
{"level":"info","message":"♻️ تم تحديث الكاش - البروفايلات: 2"}
{"level":"error","message":"❌ خطأ RCON:"}
{"level":"info","message":"⚠️ الحساب @ashura_1q ليس لايف حالياً"}
{"level":"error","message":"❌ خطأ في استيراد الملف:"}
{"level":"info","message":"✅ السيرفر يعمل على http://localhost:3000"}
{"level":"info","message":"🎵 الصوت عبر Cloudinary"}
{"level":"info","message":"🎬 الفيديو عبر Cloudinary"}
{"level":"info","message":"✅ متصل بـ MongoDB"}
{"level":"info","message":"ℹ️ تم إزالة حقل username من المستندات"}
{"level":"info","message":"✅ تم حذف الفهرس القديم screenToken_1"}
{"level":"info","message":"✅ تم التأكد من وجود فهرس فريد على email"}
{"level":"info","message":"✅ تم إنشاء فهرس فريد لـ screenToken"}
{"level":"info","message":"♻️ currentProfile loaded:"}
{"level":"info","message":"ℹ️ لم يتم العثور على gifts.json، سيتم إنشاء الهدايا لاحقاً عبر API"}
{"level":"info","message":"♻️ تم تحديث الكاش - البروفايلات: 2"}
{"level":"error","message":"❌ خطأ RCON:"}
{"level":"info","message":"⚠️ الحساب @ashura_1q ليس لايف حالياً"}
{"level":"info","message":"✅ السيرفر يعمل على http://localhost:3000"}
{"level":"info","message":"🎵 الصوت عبر Cloudinary"}
{"level":"info","message":"🎬 الفيديو عبر Cloudinary"}
{"level":"info","message":"✅ متصل بـ MongoDB"}
{"level":"info","message":"ℹ️ تم إزالة حقل username من المستندات"}
{"level":"info","message":"✅ تم حذف الفهرس القديم screenToken_1"}
{"level":"info","message":"✅ تم التأكد من وجود فهرس فريد على email"}
{"level":"info","message":"✅ تم إنشاء فهرس فريد لـ screenToken"}
{"level":"info","message":"♻️ currentProfile loaded:"}
{"level":"info","message":"ℹ️ لم يتم العثور على gifts.json، سيتم إنشاء الهدايا لاحقاً عبر API"}
{"level":"info","message":"♻️ تم تحديث الكاش - البروفايلات: 2"}
{"level":"error","message":"❌ خطأ RCON:"}
{"level":"info","message":"⚠️ الحساب @ashura_1q ليس لايف حالياً"}
{"level":"info","message":"✅ السيرفر يعمل على http://localhost:3000"}
{"level":"info","message":"🎵 الصوت عبر Cloudinary"}
{"level":"info","message":"🎬 الفيديو عبر Cloudinary"}
{"level":"info","message":"✅ متصل بـ MongoDB"}
{"level":"info","message":"ℹ️ تم إزالة حقل username من المستندات"}
{"level":"info","message":"✅ تم حذف الفهرس القديم screenToken_1"}
{"level":"info","message":"✅ تم التأكد من وجود فهرس فريد على email"}
{"level":"info","message":"✅ تم إنشاء فهرس فريد لـ screenToken"}
{"level":"info","message":"♻️ currentProfile loaded:"}
{"level":"info","message":"ℹ️ لم يتم العثور على gifts.json، سيتم إنشاء الهدايا لاحقاً عبر API"}
{"level":"info","message":"♻️ تم تحديث الكاش - البروفايلات: 2"}
{"level":"error","message":"❌ خطأ RCON:"}
{"level":"info","message":"⚠️ الحساب @ashura_1q ليس لايف حالياً"}
{"level":"info","message":"♻️ تم تحديث الكاش - البروفايلات: 2"}
{"level":"info","message":"🎛️ تم التبديل إلى البروفايل 1"}
{"level":"info","message":"♻️ تم تحديث الكاش - البروفايلات: 2"}
{"level":"info","message":"🎛️ تم التبديل إلى البروفايل 2"}
{"level":"info","message":"♻️ تم تحديث الكاش - البروفايلات: 2"}
{"level":"info","message":"♻️ تم تحديث الكاش - البروفايلات: 2"}
{"level":"info","message":"🎛️ تم التبديل إلى البروفايل 1"}
{"level":"info","message":"♻️ تم تحديث الكاش - البروفايلات: 2"}
{"level":"info","message":"🎛️ تم التبديل إلى البروفايل 2"}
{"level":"info","message":"♻️ تم تحديث الكاش - البروفايلات: 2"}
{"level":"info","message":"🎛️ تم التبديل إلى البروفايل 1"}
{"level":"info","message":"♻️ تم تحديث الكاش - البروفايلات: 2"}
{"level":"info","message":"🎛️ تم التبديل إلى البروفايل 2"}
{"level":"info","message":"♻️ تم تحديث الكاش - البروفايلات: 2"}
{"level":"info","message":"♻️ تم تحديث الكاش - البروفايلات: "}
{"level":"info","message":"🎛️ تم التبديل إلى البروفايل 1"}
{"level":"info","message":"♻️ تم تحديث الكاش - البروفايلات: "}
{"level":"info","message":"🎛️ تم التبديل إلى البروفايل 2"}
{"level":"info","message":"♻️ تم تحديث الكاش - البروفايلات: "}
{"level":"info","message":"🎛️ تم التبديل إلى البروفايل 1"}
{"level":"info","message":"♻️ تم تحديث الكاش - البروفايلات: "}
{"level":"info","message":"🎛️ تم التبديل إلى البروفايل 2"}
{"level":"info","message":"♻️ تم تحديث الكاش - البروفايلات: "}
{"level":"info","message":"🎛️ تم التبديل إلى البروفايل 1"}
{"level":"info","message":"♻️ تم تحديث الكاش - البروفايلات: "}
{"level":"info","message":"♻️ تم تحديث الكاش - البروفايلات: 1"}
{"level":"info","message":"🎛️ تم التبديل إلى البروفايل 2"}
{"level":"info","message":"♻️ تم تحديث الكاش - البروفايلات: 1"}
{"level":"info","message":"♻️ تم تحديث الكاش - البروفايلات: 1,2"}
{"level":"info","message":"♻️ تم تحديث الكاش - البروفايلات: 2"}
{"level":"info","message":"🎛️ تم التبديل إلى البروفايل 1"}
{"level":"info","message":"♻️ تم تحديث الكاش - البروفايلات: 2"}
{"level":"info","message":"🎛️ تم التبديل إلى البروفايل 2"}
{"level":"info","message":"♻️ تم تحديث الكاش - البروفايلات: 2"}
{"level":"info","message":"🎛️ تم التبديل إلى البروفايل 1"}
{"level":"info","message":"♻️ تم تحديث الكاش - البروفايلات: 2"}
{"level":"info","message":"🎛️ تم التبديل إلى البروفايل 2"}
{"level":"info","message":"♻️ تم تحديث الكاش - البروفايلات: 2"}
{"level":"info","message":"♻️ تم تحديث الكاش - البروفايلات: "}
{"level":"info","message":"🎛️ تم التبديل إلى البروفايل 1"}
{"level":"info","message":"♻️ تم تحديث الكاش - البروفايلات: "}
{"level":"info","message":"🎛️ تم التبديل إلى البروفايل 2"}
{"level":"info","message":"♻️ تم تحديث الكاش - البروفايلات: "}
{"level":"info","message":"♻️ تم تحديث الكاش - البروفايلات: 2"}
{"level":"info","message":"🎛️ تم التبديل إلى البروفايل 1"}
{"level":"info","message":"♻️ تم تحديث الكاش - البروفايلات: 2"}
{"level":"info","message":"♻️ تم تحديث الكاش - البروفايلات: 2,1"}
{"level":"info","message":"🎛️ تم التبديل إلى البروفايل 2"}
{"level":"info","message":"♻️ تم تحديث الكاش - البروفايلات: 2,1"}
{"level":"info","message":"♻️ تم تحديث الكاش - البروفايلات: 2"}
{"level":"info","message":"🎛️ تم التبديل إلى البروفايل 1"}
{"level":"info","message":"♻️ تم تحديث الكاش - البروفايلات: 2"}
{"level":"info","message":"🎛️ تم التبديل إلى البروفايل 2"}
{"level":"info","message":"♻️ تم تحديث الكاش - البروفايلات: 2"}
{"level":"info","message":"🎛️ تم التبديل إلى البروفايل 1"}
{"level":"info","message":"♻️ تم تحديث الكاش - البروفايلات: 2"}
{"level":"info","message":"🎛️ تم التبديل إلى البروفايل 2"}
{"level":"info","message":"♻️ تم تحديث الكاش - البروفايلات: 2"}
{"level":"info","message":"♻️ تم تحديث الكاش - البروفايلات: 2"}
{"level":"info","message":"🎛️ تم التبديل إلى البروفايل 1"}
{"level":"info","message":"♻️ تم تحديث الكاش - البروفايلات: 2"}
{"level":"info","message":"🎛️ تم التبديل إلى البروفايل 2"}
{"level":"info","message":"♻️ تم تحديث الكاش - البروفايلات: 2"}
{"level":"info","message":"🎛️ تم التبديل إلى البروفايل 1"}
{"level":"info","message":"♻️ تم تحديث الكاش - البروفايلات: 2"}
{"level":"info","message":"♻️ تم تحديث الكاش - البروفايلات: 2,1"}
{"level":"info","message":"♻️ تم تحديث الكاش - البروفايلات: 2,1"}
{"level":"info","message":"🎛️ تم التبديل إلى البروفايل 2"}
{"level":"info","message":"♻️ تم تحديث الكاش - البروفايلات: 2,1"}
{"level":"info","message":"🎛️ تم التبديل إلى البروفايل 1"}
{"level":"info","message":"♻️ تم تحديث الكاش - البروفايلات: 2,1"}
{"level":"info","message":"🎛️ تم التبديل إلى البروفايل 2"}
{"level":"info","message":"♻️ تم تحديث الكاش - البروفايلات: 2,1"}
{"level":"info","message":"♻️ تم تحديث الكاش - البروفايلات: 2,1"}
{"level":"info","message":"🎛️ تم التبديل إلى البروفايل 1"}
{"level":"info","message":"♻️ تم تحديث الكاش - البروفايلات: 2,1"}
{"level":"info","message":"🎛️ تم التبديل إلى البروفايل 2"}
{"level":"info","message":"♻️ تم تحديث الكاش - البروفايلات: 2,1"}
{"level":"info","message":"🎛️ تم التبديل إلى البروفايل 1"}
{"level":"info","message":"♻️ تم تحديث الكاش - البروفايلات: 2,1"}
{"level":"info","message":"♻️ تم تحديث الكاش - البروفايلات: 2,1"}
{"level":"info","message":"🎛️ تم التبديل إلى البروفايل 2"}
{"level":"info","message":"♻️ تم تحديث الكاش - البروفايلات: 2,1"}
{"level":"info","message":"♻️ تم تحديث الكاش - البروفايلات: 1"}
{"level":"info","message":"🎛️ تم التبديل إلى البروفايل 1"}
{"level":"info","message":"♻️ تم تحديث الكاش - البروفايلات: 1"}
{"level":"info","message":"🎛️ تم التبديل إلى البروفايل 2"}
{"level":"info","message":"♻️ تم تحديث الكاش - البروفايلات: 1"}
{"level":"info","message":"♻️ تم تحديث الكاش - البروفايلات: 1,2"}
{"level":"info","message":"🎛️ تم التبديل إلى البروفايل 1"}
{"level":"info","message":"♻️ تم تحديث الكاش - البروفايلات: 1,2"}
{"level":"info","message":"♻️ تم تحديث الكاش - البروفايلات: 1,2"}
{"level":"info","message":"🎛️ تم التبديل إلى البروفايل 2"}
{"level":"info","message":"♻️ تم تحديث الكاش - البروفايلات: 1,2"}
{"level":"info","message":"♻️ تم تحديث الكاش - البروفايلات: 1"}
{"level":"info","message":"🎛️ تم التبديل إلى البروفايل 1"}
{"level":"info","message":"♻️ تم تحديث الكاش - البروفايلات: 1"}
{"level":"info","message":"🎛️ تم التبديل إلى البروفايل 2"}
{"level":"info","message":"♻️ تم تحديث الكاش - البروفايلات: 1"}
{"level":"info","message":"🎛️ تم التبديل إلى البروفايل 1"}
{"level":"info","message":"♻️ تم تحديث الكاش - البروفايلات: 1"}
{"level":"info","message":"🎛️ تم التبديل إلى البروفايل 2"}
{"level":"info","message":"♻️ تم تحديث الكاش - البروفايلات: 1"}
{"level":"info","message":"♻️ تم تحديث الكاش - البروفايلات: "}
{"level":"info","message":"🎛️ تم التبديل إلى البروفايل 1"}
{"level":"info","message":"♻️ تم تحديث الكاش - البروفايلات: "}
{"level":"info","message":"🎛️ تم التبديل إلى البروفايل 2"}
{"level":"info","message":"♻️ تم تحديث الكاش - البروفايلات: "}
{"level":"info","message":"🎛️ تم التبديل إلى البروفايل 1"}
{"level":"info","message":"♻️ تم تحديث الكاش - البروفايلات: "}
{"level":"error","message":"❌ خطأ في رفع الصوت:"}
{"code":20,"codeName":"IllegalOperation","errorLabelSet":{},"errorResponse":{"code":20,"codeName":"IllegalOperation","errmsg":"Transaction numbers are only allowed on a replica set member or mongos","ok":0},"level":"error","message":"❌ خطأ في رفع الفيديو: Transaction numbers are only allowed on a replica set member or mongos","ok":0,"stack":"MongoServerError: Transaction numbers are only allowed on a replica set member or mongos\n    at Connection.sendCommand (G:\\موقعى مضمون - Copy\\all-mine-webhook 4 - Copy\\minecraft_backend\\node_modules\\mongodb\\lib\\cmap\\connection.js:305:27)\n    at process.processTicksAndRejections (node:internal/process/task_queues:105:5)\n    at async Connection.command (G:\\موقعى مضمون - Copy\\all-mine-webhook 4 - Copy\\minecraft_backend\\node_modules\\mongodb\\lib\\cmap\\connection.js:333:26)\n    at async Server.command (G:\\موقعى مضمون - Copy\\all-mine-webhook 4 - Copy\\minecraft_backend\\node_modules\\mongodb\\lib\\sdam\\server.js:171:29)\n    at async FindOperation.execute (G:\\موقعى مضمون - Copy\\all-mine-webhook 4 - Copy\\minecraft_backend\\node_modules\\mongodb\\lib\\operations\\find.js:36:16)\n    at async tryOperation (G:\\موقعى مضمون - Copy\\all-mine-webhook 4 - Copy\\minecraft_backend\\node_modules\\mongodb\\lib\\operations\\execute_operation.js:207:20)\n    at async executeOperation (G:\\موقعى مضمون - Copy\\all-mine-webhook 4 - Copy\\minecraft_backend\\node_modules\\mongodb\\lib\\operations\\execute_operation.js:75:16)\n    at async FindCursor._initialize (G:\\موقعى مضمون - Copy\\all-mine-webhook 4 - Copy\\minecraft_backend\\node_modules\\mongodb\\lib\\cursor\\find_cursor.js:61:26)\n    at async FindCursor.cursorInit (G:\\موقعى مضمون - Copy\\all-mine-webhook 4 - Copy\\minecraft_backend\\node_modules\\mongodb\\lib\\cursor\\abstract_cursor.js:632:27)\n    at async FindCursor.fetchBatch (G:\\موقعى مضمون - Copy\\all-mine-webhook 4 - Copy\\minecraft_backend\\node_modules\\mongodb\\lib\\cursor\\abstract_cursor.js:666:13)"}
{"level":"info","message":"✅ السيرفر يعمل على http://localhost:3000"}
{"level":"info","message":"🎵 الصوت عبر Cloudinary"}
{"level":"info","message":"🎬 الفيديو عبر Cloudinary"}
{"level":"info","message":"✅ متصل بـ MongoDB"}
{"level":"info","message":"ℹ️ تم إزالة حقل username من المستندات"}
{"level":"info","message":"✅ تم حذف الفهرس القديم screenToken_1"}
{"level":"info","message":"✅ تم التأكد من وجود فهرس فريد على email"}
{"level":"info","message":"✅ تم إنشاء فهرس فريد لـ screenToken"}
{"level":"info","message":"♻️ currentProfile loaded:"}
{"level":"info","message":"ℹ️ لم يتم العثور على gifts.json، سيتم إنشاء الهدايا لاحقاً عبر API"}
{"level":"info","message":"♻️ تم تحديث الكاش - البروفايلات: "}
{"level":"error","message":"❌ خطأ RCON:"}
{"level":"info","message":"✅ السيرفر يعمل على http://localhost:3000"}
{"level":"info","message":"🎵 الصوت عبر Cloudinary"}
{"level":"info","message":"🎬 الفيديو عبر Cloudinary"}
{"level":"info","message":"✅ متصل بـ MongoDB"}
{"level":"info","message":"ℹ️ تم إزالة حقل username من المستندات"}
{"level":"info","message":"✅ تم حذف الفهرس القديم screenToken_1"}
{"level":"info","message":"✅ تم التأكد من وجود فهرس فريد على email"}
{"level":"info","message":"✅ تم إنشاء فهرس فريد لـ screenToken"}
{"level":"info","message":"♻️ currentProfile loaded:"}
{"level":"info","message":"ℹ️ لم يتم العثور على gifts.json، سيتم إنشاء الهدايا لاحقاً عبر API"}
{"level":"info","message":"♻️ تم تحديث الكاش - البروفايلات: "}
{"level":"error","message":"❌ خطأ RCON:"}
{"level":"info","message":"⚠️ الحساب @ashura_1q ليس لايف حالياً"}
{"level":"info","message":"✅ السيرفر يعمل على http://localhost:3000"}
{"level":"info","message":"🎵 الصوت عبر Cloudinary"}
{"level":"info","message":"🎬 الفيديو عبر Cloudinary"}
{"level":"info","message":"✅ متصل بـ MongoDB"}
{"level":"info","message":"ℹ️ تم إزالة حقل username من المستندات"}
{"level":"info","message":"✅ تم حذف الفهرس القديم screenToken_1"}
{"level":"info","message":"✅ تم التأكد من وجود فهرس فريد على email"}
{"level":"info","message":"✅ تم إنشاء فهرس فريد لـ screenToken"}
{"level":"info","message":"♻️ currentProfile loaded:"}
{"level":"info","message":"ℹ️ لم يتم العثور على gifts.json، سيتم إنشاء الهدايا لاحقاً عبر API"}
{"level":"info","message":"♻️ تم تحديث الكاش - البروفايلات: "}
{"level":"error","message":"❌ خطأ RCON:"}
{"level":"info","message":"⚠️ الحساب @ashura_1q ليس لايف حالياً"}
{"level":"info","message":"✅ تم رفع الصوت إلى Cloudinary: https://res.cloudinary.com/dm9ixdpzz/raw/upload/v1774720394/blackmoon_audio/ssstik-io-1771529638623-1774720324292"}
{"level":"info","message":"✅ تم رفع الفيديو إلى Cloudinary: https://res.cloudinary.com/dm9ixdpzz/video/upload/v1774720434/blackmoon_videos/Toji-Fushiguro-Edit--------SMEZIR---2-----AMV-EDIT---4K----PF---Trim-1774720328197.mp4"}
{"level":"info","message":"✅ تم رفع الصوت إلى Cloudinary: https://res.cloudinary.com/dm9ixdpzz/raw/upload/v1774720463/blackmoon_audio/ssstik-io-1771529638623-1774720394252"}
{"level":"info","message":"♻️ تم تحديث الكاش - البروفايلات: "}
{"level":"info","message":"✅ تم رفع الصوت إلى Cloudinary: https://res.cloudinary.com/dm9ixdpzz/raw/upload/v1774720515/blackmoon_audio/ssstik-io-1771529638623-1-1774720446455"}
{"level":"info","message":"♻️ تم تحديث الكاش - البروفايلات: 1"}
{"level":"info","message":"✅ تم رفع الفيديو إلى Cloudinary: https://res.cloudinary.com/dm9ixdpzz/video/upload/v1774720541/blackmoon_videos/Zenitsu------MONTAGEM-RUGADA--Edit-AMV----4K----Trim-1774720454978.mp4"}
{"level":"info","message":"♻️ تم تحديث الكاش - البروفايلات: 1"}
{"level":"info","message":"✅ تم رفع الصوت إلى Cloudinary: https://res.cloudinary.com/dm9ixdpzz/raw/upload/v1774720552/blackmoon_audio/ssstik-io-1771529638623-1-1774720483292"}
{"level":"info","message":"✅ تم رفع الفيديو إلى Cloudinary: https://res.cloudinary.com/dm9ixdpzz/video/upload/v1774720568/blackmoon_videos/Zenitsu------MONTAGEM-RUGADA--Edit-AMV----4K----Trim-1774720486345.mp4"}
{"level":"info","message":"✅ تم رفع الصوت إلى Cloudinary: https://res.cloudinary.com/dm9ixdpzz/raw/upload/v1774720606/blackmoon_audio/ssstik-io-1771529638623-1774720536853"}
{"level":"info","message":"♻️ تم تحديث الكاش - البروفايلات: 1"}
{"level":"info","message":"✅ تم رفع الفيديو إلى Cloudinary: https://res.cloudinary.com/dm9ixdpzz/video/upload/v1774720627/blackmoon_videos/Toji-Fushiguro-Edit--------SMEZIR---2-----AMV-EDIT---4K----PF---Trim-1774720551077.mp4"}
{"level":"info","message":"♻️ تم تحديث الكاش - البروفايلات: 1"}
{"level":"info","message":"♻️ تم تحديث الكاش - البروفايلات: 1"}
{"level":"info","message":"♻️ تم تحديث الكاش - البروفايلات: 1"}
{"level":"info","message":"♻️ تم تحديث الكاش - البروفايلات: "}
{"level":"info","message":"✅ السيرفر يعمل على http://localhost:3000"}
{"level":"info","message":"🎵 الصوت عبر Cloudinary"}
{"level":"info","message":"🎬 الفيديو عبر Cloudinary"}
{"level":"info","message":"✅ متصل بـ MongoDB"}
{"level":"info","message":"ℹ️ تم إزالة حقل username من المستندات"}
{"level":"info","message":"✅ تم حذف الفهرس القديم screenToken_1"}
{"level":"info","message":"✅ تم التأكد من وجود فهرس فريد على email"}
{"level":"info","message":"✅ تم إنشاء فهرس فريد لـ screenToken"}
{"level":"info","message":"♻️ currentProfile loaded:"}
{"level":"info","message":"ℹ️ لم يتم العثور على gifts.json، سيتم إنشاء الهدايا لاحقاً عبر API"}
{"level":"info","message":"♻️ تم تحديث الكاش - البروفايلات: "}
{"level":"error","message":"❌ خطأ RCON:"}
{"level":"info","message":"⚠️ الحساب @ashura_1q ليس لايف حالياً"}
{"level":"info","message":"✅ تم رفع الصوت إلى Cloudinary: https://res.cloudinary.com/dm9ixdpzz/raw/upload/v1774720748/blackmoon_audio/ssstik-io-1771529638623-1774720679009"}
{"level":"info","message":"✅ تم رفع الفيديو إلى Cloudinary: https://res.cloudinary.com/dm9ixdpzz/video/upload/v1774720752/blackmoon_videos/Toji-Fushiguro-Edit--------SMEZIR---2-----AMV-EDIT---4K----PF---Trim-1774720674974.mp4"}
{"level":"info","message":"♻️ تم تحديث الكاش - البروفايلات: "}
{"level":"info","message":"✅ السيرفر يعمل على http://localhost:3000"}
{"level":"info","message":"🎵 الصوت عبر Cloudinary"}
{"level":"info","message":"🎬 الفيديو عبر Cloudinary"}
{"level":"info","message":"✅ متصل بـ MongoDB"}
{"level":"info","message":"ℹ️ تم إزالة حقل username من المستندات"}
{"level":"info","message":"✅ تم حذف الفهرس القديم screenToken_1"}
{"level":"info","message":"✅ تم التأكد من وجود فهرس فريد على email"}
{"level":"info","message":"✅ تم إنشاء فهرس فريد لـ screenToken"}
{"level":"info","message":"♻️ currentProfile loaded:"}
{"level":"info","message":"ℹ️ لم يتم العثور على gifts.json، سيتم إنشاء الهدايا لاحقاً عبر API"}
{"level":"info","message":"♻️ تم تحديث الكاش - البروفايلات: "}
{"level":"error","message":"❌ خطأ RCON:"}
{"level":"info","message":"⚠️ الحساب @ashura_1q ليس لايف حالياً"}
{"level":"info","message":"✅ السيرفر يعمل على http://localhost:3000"}
{"level":"info","message":"🎵 الصوت عبر Cloudinary"}
{"level":"info","message":"🎬 الفيديو عبر Cloudinary"}
{"level":"info","message":"✅ متصل بـ MongoDB"}
{"level":"info","message":"ℹ️ تم إزالة حقل username من المستندات"}
{"level":"info","message":"✅ تم حذف الفهرس القديم screenToken_1"}
{"level":"info","message":"✅ تم التأكد من وجود فهرس فريد على email"}
{"level":"info","message":"✅ تم إنشاء فهرس فريد لـ screenToken"}
{"level":"info","message":"♻️ currentProfile loaded:"}
{"level":"info","message":"ℹ️ لم يتم العثور على gifts.json، سيتم إنشاء الهدايا لاحقاً عبر API"}
{"level":"info","message":"♻️ تم تحديث الكاش - البروفايلات: "}
{"level":"error","message":"❌ خطأ RCON:"}
{"level":"info","message":"⚠️ الحساب @ashura_1q ليس لايف حالياً"}
{"level":"info","message":"Checking expired subscriptions..."}
{"level":"info","message":"✅ السيرفر يعمل على http://localhost:3000"}
{"level":"info","message":"🎵 الصوت عبر Cloudinary"}
{"level":"info","message":"🎬 الفيديو عبر Cloudinary"}
{"level":"info","message":"✅ متصل بـ MongoDB"}
{"level":"info","message":"ℹ️ تم إزالة حقل username من المستندات"}
{"level":"info","message":"✅ تم حذف الفهرس القديم screenToken_1"}
{"level":"info","message":"✅ تم التأكد من وجود فهرس فريد على email"}
{"level":"info","message":"✅ تم إنشاء فهرس فريد لـ screenToken"}
{"level":"info","message":"♻️ currentProfile loaded:"}
{"level":"info","message":"ℹ️ لم يتم العثور على gifts.json، سيتم إنشاء الهدايا لاحقاً عبر API"}
{"level":"info","message":"♻️ تم تحديث الكاش - البروفايلات: "}
{"level":"error","message":"❌ خطأ RCON:"}
{"level":"info","message":"⚠️ الحساب @ashura_1q ليس لايف حالياً"}
{"level":"info","message":"✅ تم رفع الصوت إلى Cloudinary: https://res.cloudinary.com/dm9ixdpzz/raw/upload/v1774720893/blackmoon_audio/ssstik-io-1771529638623-1774720823840"}
{"level":"info","message":"♻️ تم تحديث الكاش - البروفايلات: 1"}
{"level":"info","message":"✅ تم رفع الفيديو إلى Cloudinary: https://res.cloudinary.com/dm9ixdpzz/video/upload/v1774720928/blackmoon_videos/Toji-Fushiguro-Edit--------SMEZIR---2-----AMV-EDIT---4K----PF---Trim-1774720852092.mp4"}
{"level":"info","message":"♻️ تم تحديث الكاش - البروفايلات: 1"}
{"level":"info","message":"♻️ تم تحديث الكاش - البروفايلات: "}
{"level":"info","message":"✅ تم رفع الفيديو إلى Cloudinary: https://res.cloudinary.com/dm9ixdpzz/video/upload/v1774720954/blackmoon_videos/Toji-Fushiguro-Edit--------SMEZIR---2-----AMV-EDIT---4K----PF---Trim-1774720876962.mp4"}
{"level":"info","message":"✅ السيرفر يعمل على http://localhost:3000"}
{"level":"info","message":"🎵 الصوت عبر Cloudinary"}
{"level":"info","message":"🎬 الفيديو عبر Cloudinary"}
{"level":"info","message":"✅ متصل بـ MongoDB"}
{"level":"info","message":"ℹ️ تم إزالة حقل username من المستندات"}
{"level":"info","message":"✅ تم حذف الفهرس القديم screenToken_1"}
{"level":"info","message":"✅ تم التأكد من وجود فهرس فريد على email"}
{"level":"info","message":"✅ تم إنشاء فهرس فريد لـ screenToken"}
{"level":"info","message":"♻️ currentProfile loaded:"}
{"level":"info","message":"ℹ️ لم يتم العثور على gifts.json، سيتم إنشاء الهدايا لاحقاً عبر API"}
{"level":"info","message":"♻️ تم تحديث الكاش - البروفايلات: 1"}
{"level":"error","message":"❌ خطأ RCON:"}
{"level":"info","message":"⚠️ الحساب @ashura_1q ليس لايف حالياً"}
{"level":"info","message":"✅ السيرفر يعمل على http://localhost:3000"}
{"level":"info","message":"🎵 الصوت عبر Cloudinary"}
{"level":"info","message":"🎬 الفيديو عبر Cloudinary"}
{"level":"info","message":"✅ متصل بـ MongoDB"}
{"level":"info","message":"ℹ️ تم إزالة حقل username من المستندات"}
{"level":"info","message":"✅ تم حذف الفهرس القديم screenToken_1"}
{"level":"info","message":"✅ تم التأكد من وجود فهرس فريد على email"}
{"level":"info","message":"✅ تم إنشاء فهرس فريد لـ screenToken"}
{"level":"info","message":"♻️ currentProfile loaded:"}
{"level":"info","message":"ℹ️ لم يتم العثور على gifts.json، سيتم إنشاء الهدايا لاحقاً عبر API"}
{"level":"info","message":"♻️ تم تحديث الكاش - البروفايلات: 1"}
{"level":"error","message":"❌ خطأ RCON:"}
{"level":"info","message":"⚠️ الحساب @ashura_1q ليس لايف حالياً"}
{"level":"info","message":"✅ السيرفر يعمل على http://localhost:3000"}
{"level":"info","message":"🎵 الصوت عبر Cloudinary"}
{"level":"info","message":"🎬 الفيديو عبر Cloudinary"}
{"level":"info","message":"✅ متصل بـ MongoDB"}
{"level":"info","message":"ℹ️ تم إزالة حقل username من المستندات"}
{"level":"info","message":"✅ تم حذف الفهرس القديم screenToken_1"}
{"level":"info","message":"✅ تم التأكد من وجود فهرس فريد على email"}
{"level":"info","message":"✅ تم إنشاء فهرس فريد لـ screenToken"}
{"level":"info","message":"♻️ currentProfile loaded:"}
{"level":"info","message":"ℹ️ لم يتم العثور على gifts.json، سيتم إنشاء الهدايا لاحقاً عبر API"}
{"level":"info","message":"♻️ تم تحديث الكاش - البروفايلات: 1"}
{"level":"error","message":"❌ خطأ RCON:"}
{"level":"info","message":"⚠️ الحساب @ashura_1q ليس لايف حالياً"}
{"level":"info","message":"♻️ تم تحديث الكاش - البروفايلات: "}
{"level":"info","message":"✅ تم رفع الفيديو إلى Cloudinary: https://res.cloudinary.com/dm9ixdpzz/video/upload/v1774721234/blackmoon_videos/Toji-Fushiguro-Edit--------SMEZIR---2-----AMV-EDIT---4K----PF---Trim-1774721111452.mp4"}
{"level":"info","message":"✅ السيرفر يعمل على http://localhost:3000"}
{"level":"info","message":"🎵 الصوت عبر Cloudinary"}
{"level":"info","message":"🎬 الفيديو عبر Cloudinary"}
{"level":"info","message":"✅ متصل بـ MongoDB"}
{"level":"info","message":"ℹ️ تم إزالة حقل username من المستندات"}
{"level":"info","message":"✅ تم حذف الفهرس القديم screenToken_1"}
{"level":"info","message":"✅ تم التأكد من وجود فهرس فريد على email"}
{"level":"info","message":"✅ تم إنشاء فهرس فريد لـ screenToken"}
{"level":"info","message":"♻️ currentProfile loaded:"}
{"level":"info","message":"ℹ️ لم يتم العثور على gifts.json، سيتم إنشاء الهدايا لاحقاً عبر API"}
{"level":"info","message":"♻️ تم تحديث الكاش - البروفايلات: 1"}
{"level":"error","message":"❌ خطأ RCON:"}
{"level":"info","message":"⚠️ الحساب @ashura_1q ليس لايف حالياً"}
{"level":"info","message":"✅ السيرفر يعمل على http://localhost:3000"}
{"level":"info","message":"🎵 الصوت عبر Cloudinary"}
{"level":"info","message":"🎬 الفيديو عبر Cloudinary"}
{"level":"info","message":"✅ متصل بـ MongoDB"}
{"level":"info","message":"ℹ️ تم إزالة حقل username من المستندات"}
{"level":"info","message":"✅ تم حذف الفهرس القديم screenToken_1"}
{"level":"info","message":"✅ تم التأكد من وجود فهرس فريد على email"}
{"level":"info","message":"✅ تم إنشاء فهرس فريد لـ screenToken"}
{"level":"info","message":"♻️ currentProfile loaded:"}
{"level":"info","message":"ℹ️ لم يتم العثور على gifts.json، سيتم إنشاء الهدايا لاحقاً عبر API"}
{"level":"info","message":"♻️ تم تحديث الكاش - البروفايلات: 1"}
{"level":"error","message":"❌ خطأ RCON:"}
{"level":"info","message":"✅ السيرفر يعمل على http://localhost:3000"}
{"level":"info","message":"🎵 الصوت عبر Cloudinary"}
{"level":"info","message":"🎬 الفيديو عبر Cloudinary"}
{"level":"info","message":"✅ متصل بـ MongoDB"}
{"level":"info","message":"ℹ️ تم إزالة حقل username من المستندات"}
{"level":"info","message":"✅ تم حذف الفهرس القديم screenToken_1"}
{"level":"info","message":"✅ تم التأكد من وجود فهرس فريد على email"}
{"level":"info","message":"✅ تم إنشاء فهرس فريد لـ screenToken"}
{"level":"info","message":"♻️ currentProfile loaded:"}
{"level":"info","message":"ℹ️ لم يتم العثور على gifts.json، سيتم إنشاء الهدايا لاحقاً عبر API"}
{"level":"info","message":"♻️ تم تحديث الكاش - البروفايلات: 1"}
{"level":"error","message":"❌ خطأ RCON:"}
{"level":"info","message":"⚠️ الحساب @ashura_1q ليس لايف حالياً"}
{"level":"info","message":"✅ السيرفر يعمل على http://localhost:3000"}
{"level":"info","message":"🎵 الصوت عبر Cloudinary"}
{"level":"info","message":"🎬 الفيديو عبر Cloudinary"}
{"level":"info","message":"✅ متصل بـ MongoDB"}
{"level":"info","message":"ℹ️ تم إزالة حقل username من المستندات"}
{"level":"info","message":"✅ تم حذف الفهرس القديم screenToken_1"}
{"level":"info","message":"✅ تم التأكد من وجود فهرس فريد على email"}
{"level":"info","message":"✅ تم إنشاء فهرس فريد لـ screenToken"}
{"level":"info","message":"♻️ currentProfile loaded:"}
{"level":"info","message":"ℹ️ لم يتم العثور على gifts.json، سيتم إنشاء الهدايا لاحقاً عبر API"}
{"level":"info","message":"♻️ تم تحديث الكاش - البروفايلات: 1"}
{"level":"error","message":"❌ خطأ RCON:"}
{"level":"info","message":"⚠️ الحساب @ashura_1q ليس لايف حالياً"}
{"level":"info","message":"✅ السيرفر يعمل على http://localhost:3000"}
{"level":"info","message":"🎵 الصوت عبر Cloudinary"}
{"level":"info","message":"🎬 الفيديو عبر Cloudinary"}
{"level":"info","message":"✅ متصل بـ MongoDB"}
{"level":"info","message":"ℹ️ تم إزالة حقل username من المستندات"}
{"level":"info","message":"✅ تم حذف الفهرس القديم screenToken_1"}
{"level":"info","message":"✅ تم التأكد من وجود فهرس فريد على email"}
{"level":"info","message":"✅ تم إنشاء فهرس فريد لـ screenToken"}
{"level":"info","message":"♻️ currentProfile loaded:"}
{"level":"info","message":"ℹ️ لم يتم العثور على gifts.json، سيتم إنشاء الهدايا لاحقاً عبر API"}
{"level":"info","message":"♻️ تم تحديث الكاش - البروفايلات: 1"}
{"level":"error","message":"❌ خطأ RCON:"}
{"level":"info","message":"⚠️ الحساب @ashura_1q ليس لايف حالياً"}
{"level":"info","message":"♻️ تم تحديث الكاش - البروفايلات: "}
{"level":"info","message":"✅ تم رفع الفيديو إلى Cloudinary: https://res.cloudinary.com/dm9ixdpzz/video/upload/v1774721542/blackmoon_videos/Toji-Fushiguro-Edit--------SMEZIR---2-----AMV-EDIT---4K----PF---Trim-1774721465013.mp4"}
{"level":"info","message":"♻️ تم تحديث الكاش - البروفايلات: 1"}
{"level":"info","message":"✅ تم رفع الفيديو إلى Cloudinary: https://res.cloudinary.com/dm9ixdpzz/video/upload/v1774721591/blackmoon_videos/Toji-Fushiguro-Edit--------SMEZIR---2-----AMV-EDIT---4K----PF---Trim-1774721512385.mp4"}
{"level":"info","message":"♻️ تم تحديث الكاش - البروفايلات: 1"}
{"level":"info","message":"✅ السيرفر يعمل على http://localhost:3000"}
{"level":"info","message":"🎵 الصوت عبر Cloudinary"}
{"level":"info","message":"🎬 الفيديو عبر Cloudinary"}
{"level":"info","message":"✅ متصل بـ MongoDB"}
{"level":"info","message":"ℹ️ تم إزالة حقل username من المستندات"}
{"level":"info","message":"✅ تم حذف الفهرس القديم screenToken_1"}
{"level":"info","message":"✅ تم التأكد من وجود فهرس فريد على email"}
{"level":"info","message":"✅ تم إنشاء فهرس فريد لـ screenToken"}
{"level":"info","message":"♻️ currentProfile loaded:"}
{"level":"info","message":"ℹ️ لم يتم العثور على gifts.json، سيتم إنشاء الهدايا لاحقاً عبر API"}
{"level":"info","message":"♻️ تم تحديث الكاش - البروفايلات: 1"}
{"level":"error","message":"❌ خطأ RCON:"}
{"level":"info","message":"⚠️ الحساب @ashura_1q ليس لايف حالياً"}
{"level":"error","message":"❌ خطأ في حذف الفيديو:"}
{"level":"info","message":"♻️ تم تحديث الكاش - البروفايلات: "}
{"level":"info","message":"🎛️ تم التبديل إلى البروفايل 2"}
{"level":"info","message":"♻️ تم تحديث الكاش - البروفايلات: "}
{"level":"info","message":"🎛️ تم التبديل إلى البروفايل 1"}
{"level":"info","message":"♻️ تم تحديث الكاش - البروفايلات: "}
{"level":"error","message":"❌ خطأ في رفع الصوت:"}
{"code":20,"codeName":"IllegalOperation","errorLabelSet":{},"errorResponse":{"code":20,"codeName":"IllegalOperation","errmsg":"Transaction numbers are only allowed on a replica set member or mongos","ok":0},"level":"error","message":"❌ خطأ في رفع الفيديو: Transaction numbers are only allowed on a replica set member or mongos","ok":0,"stack":"MongoServerError: Transaction numbers are only allowed on a replica set member or mongos\n    at Connection.sendCommand (G:\\موقعى مضمون - Copy\\all-mine-webhook 4 - Copy\\minecraft_backend\\node_modules\\mongodb\\lib\\cmap\\connection.js:305:27)\n    at process.processTicksAndRejections (node:internal/process/task_queues:105:5)\n    at async Connection.command (G:\\موقعى مضمون - Copy\\all-mine-webhook 4 - Copy\\minecraft_backend\\node_modules\\mongodb\\lib\\cmap\\connection.js:333:26)\n    at async Server.command (G:\\موقعى مضمون - Copy\\all-mine-webhook 4 - Copy\\minecraft_backend\\node_modules\\mongodb\\lib\\sdam\\server.js:171:29)\n    at async FindOperation.execute (G:\\موقعى مضمون - Copy\\all-mine-webhook 4 - Copy\\minecraft_backend\\node_modules\\mongodb\\lib\\operations\\find.js:36:16)\n    at async tryOperation (G:\\موقعى مضمون - Copy\\all-mine-webhook 4 - Copy\\minecraft_backend\\node_modules\\mongodb\\lib\\operations\\execute_operation.js:207:20)\n    at async executeOperation (G:\\موقعى مضمون - Copy\\all-mine-webhook 4 - Copy\\minecraft_backend\\node_modules\\mongodb\\lib\\operations\\execute_operation.js:75:16)\n    at async FindCursor._initialize (G:\\موقعى مضمون - Copy\\all-mine-webhook 4 - Copy\\minecraft_backend\\node_modules\\mongodb\\lib\\cursor\\find_cursor.js:61:26)\n    at async FindCursor.cursorInit (G:\\موقعى مضمون - Copy\\all-mine-webhook 4 - Copy\\minecraft_backend\\node_modules\\mongodb\\lib\\cursor\\abstract_cursor.js:632:27)\n    at async FindCursor.fetchBatch (G:\\موقعى مضمون - Copy\\all-mine-webhook 4 - Copy\\minecraft_backend\\node_modules\\mongodb\\lib\\cursor\\abstract_cursor.js:666:13)"}
{"code":20,"codeName":"IllegalOperation","errorLabelSet":{},"errorResponse":{"code":20,"codeName":"IllegalOperation","errmsg":"Transaction numbers are only allowed on a replica set member or mongos","ok":0},"level":"error","message":"❌ خطأ في رفع الفيديو: Transaction numbers are only allowed on a replica set member or mongos","ok":0,"stack":"MongoServerError: Transaction numbers are only allowed on a replica set member or mongos\n    at Connection.sendCommand (G:\\موقعى مضمون - Copy\\all-mine-webhook 4 - Copy\\minecraft_backend\\node_modules\\mongodb\\lib\\cmap\\connection.js:305:27)\n    at process.processTicksAndRejections (node:internal/process/task_queues:105:5)\n    at async Connection.command (G:\\موقعى مضمون - Copy\\all-mine-webhook 4 - Copy\\minecraft_backend\\node_modules\\mongodb\\lib\\cmap\\connection.js:333:26)\n    at async Server.command (G:\\موقعى مضمون - Copy\\all-mine-webhook 4 - Copy\\minecraft_backend\\node_modules\\mongodb\\lib\\sdam\\server.js:171:29)\n    at async FindOperation.execute (G:\\موقعى مضمون - Copy\\all-mine-webhook 4 - Copy\\minecraft_backend\\node_modules\\mongodb\\lib\\operations\\find.js:36:16)\n    at async tryOperation (G:\\موقعى مضمون - Copy\\all-mine-webhook 4 - Copy\\minecraft_backend\\node_modules\\mongodb\\lib\\operations\\execute_operation.js:207:20)\n    at async executeOperation (G:\\موقعى مضمون - Copy\\all-mine-webhook 4 - Copy\\minecraft_backend\\node_modules\\mongodb\\lib\\operations\\execute_operation.js:75:16)\n    at async FindCursor._initialize (G:\\موقعى مضمون - Copy\\all-mine-webhook 4 - Copy\\minecraft_backend\\node_modules\\mongodb\\lib\\cursor\\find_cursor.js:61:26)\n    at async FindCursor.cursorInit (G:\\موقعى مضمون - Copy\\all-mine-webhook 4 - Copy\\minecraft_backend\\node_modules\\mongodb\\lib\\cursor\\abstract_cursor.js:632:27)\n    at async FindCursor.fetchBatch (G:\\موقعى مضمون - Copy\\all-mine-webhook 4 - Copy\\minecraft_backend\\node_modules\\mongodb\\lib\\cursor\\abstract_cursor.js:666:13)"}
{"level":"info","message":"✅ السيرفر يعمل على http://localhost:3000"}
{"level":"info","message":"🎵 الصوت عبر Cloudinary"}
{"level":"info","message":"🎬 الفيديو عبر Cloudinary"}
{"level":"info","message":"✅ متصل بـ MongoDB"}
{"level":"info","message":"ℹ️ تم إزالة حقل username من المستندات"}
{"level":"info","message":"✅ تم حذف الفهرس القديم screenToken_1"}
{"level":"info","message":"✅ تم التأكد من وجود فهرس فريد على email"}
{"level":"info","message":"✅ تم إنشاء فهرس فريد لـ screenToken"}
{"level":"info","message":"♻️ currentProfile loaded:"}
{"level":"info","message":"ℹ️ لم يتم العثور على gifts.json، سيتم إنشاء الهدايا لاحقاً عبر API"}
{"level":"info","message":"♻️ تم تحديث الكاش - البروفايلات: "}
{"level":"error","message":"❌ خطأ RCON:"}
{"level":"info","message":"⚠️ الحساب @ashura_1q ليس لايف حالياً"}
{"level":"info","message":"✅ تم رفع الصوت إلى Cloudinary: https://res.cloudinary.com/dm9ixdpzz/raw/upload/v1774722570/blackmoon_audio/ssstik-io-1771529638623-1774722500674"}
{"level":"info","message":"✅ تم رفع الفيديو إلى Cloudinary: https://res.cloudinary.com/dm9ixdpzz/video/upload/v1774722581/blackmoon_videos/Toji-Fushiguro-Edit--------SMEZIR---2-----AMV-EDIT---4K----PF---Trim-1774722505360.mp4"}
{"level":"info","message":"♻️ تم تحديث الكاش - البروفايلات: 1"}
{"level":"info","message":"Checking expired subscriptions..."}
{"level":"info","message":"✅ السيرفر يعمل على http://localhost:3000"}
{"level":"info","message":"🎵 الصوت عبر Cloudinary"}
{"level":"info","message":"🎬 الفيديو عبر Cloudinary"}
{"level":"info","message":"✅ متصل بـ MongoDB"}
{"level":"info","message":"ℹ️ تم إزالة حقل username من المستندات"}
{"level":"info","message":"✅ تم حذف الفهرس القديم screenToken_1"}
{"level":"info","message":"✅ تم التأكد من وجود فهرس فريد على email"}
{"level":"info","message":"✅ تم إنشاء فهرس فريد لـ screenToken"}
{"level":"info","message":"♻️ currentProfile loaded:"}
{"level":"info","message":"ℹ️ لم يتم العثور على gifts.json، سيتم إنشاء الهدايا لاحقاً عبر API"}
{"level":"info","message":"♻️ تم تحديث الكاش - البروفايلات: 1"}
{"level":"error","message":"❌ خطأ RCON:"}
{"level":"info","message":"⚠️ الحساب @ashura_1q ليس لايف حالياً"}
{"level":"info","message":"✅ تم رفع الفيديو إلى Cloudinary: https://res.cloudinary.com/dm9ixdpzz/video/upload/v1774724515/blackmoon_videos/Zenitsu------MONTAGEM-RUGADA--Edit-AMV----4K----Trim-1774724431987.mp4"}
{"level":"info","message":"✅ تم رفع الصوت إلى Cloudinary: https://res.cloudinary.com/dm9ixdpzz/raw/upload/v1774724518/blackmoon_audio/ssstik-io-1771529638623-1774724449785"}
{"level":"info","message":"♻️ تم تحديث الكاش - البروفايلات: 1"}
{"level":"info","message":"♻️ تم تحديث الكاش - البروفايلات: "}
{"level":"info","message":"✅ تم رفع الصوت إلى Cloudinary: https://res.cloudinary.com/dm9ixdpzz/raw/upload/v1774724821/blackmoon_audio/ssstik-io-1771529638623-1774724752559"}
{"level":"info","message":"♻️ تم تحديث الكاش - البروفايلات: 1"}
{"level":"info","message":"✅ السيرفر يعمل على http://localhost:3000"}
{"level":"info","message":"🎵 الصوت عبر Cloudinary"}
{"level":"info","message":"🎬 الفيديو عبر Cloudinary"}
{"level":"info","message":"✅ متصل بـ MongoDB"}
{"level":"info","message":"ℹ️ تم إزالة حقل username من المستندات"}
{"level":"info","message":"✅ تم حذف الفهرس القديم screenToken_1"}
{"level":"info","message":"✅ تم التأكد من وجود فهرس فريد على email"}
{"level":"info","message":"✅ تم إنشاء فهرس فريد لـ screenToken"}
{"level":"info","message":"♻️ currentProfile loaded:"}
{"level":"info","message":"ℹ️ لم يتم العثور على gifts.json، سيتم إنشاء الهدايا لاحقاً عبر API"}
{"level":"info","message":"♻️ تم تحديث الكاش - البروفايلات: 1"}
{"level":"error","message":"❌ خطأ RCON:"}
{"level":"info","message":"✅ السيرفر يعمل على http://localhost:3000"}
{"level":"info","message":"🎵 الصوت عبر Cloudinary"}
{"level":"info","message":"🎬 الفيديو عبر Cloudinary"}
{"level":"info","message":"✅ متصل بـ MongoDB"}
{"level":"info","message":"ℹ️ تم إزالة حقل username من المستندات"}
{"level":"info","message":"✅ تم حذف الفهرس القديم screenToken_1"}
{"level":"info","message":"✅ تم التأكد من وجود فهرس فريد على email"}
{"level":"info","message":"✅ تم إنشاء فهرس فريد لـ screenToken"}
{"level":"info","message":"♻️ currentProfile loaded:"}
{"level":"info","message":"ℹ️ لم يتم العثور على gifts.json، سيتم إنشاء الهدايا لاحقاً عبر API"}
{"level":"info","message":"♻️ تم تحديث الكاش - البروفايلات: 1"}
{"level":"error","message":"❌ خطأ RCON:"}
{"level":"info","message":"⚠️ الحساب @ashura_1q ليس لايف حالياً"}
{"level":"info","message":"✅ تم رفع الفيديو إلى Cloudinary: https://res.cloudinary.com/dm9ixdpzz/video/upload/v1774725036/blackmoon_videos/Zenitsu------MONTAGEM-RUGADA--Edit-AMV----4K----Trim-1774724943387.mp4"}
{"level":"info","message":"♻️ تم تحديث الكاش - البروفايلات: 1"}
{"level":"info","message":"✅ تم رفع الفيديو إلى Cloudinary: https://res.cloudinary.com/dm9ixdpzz/video/upload/v1774725070/blackmoon_videos/Toji-Fushiguro-Edit--------SMEZIR---2-----AMV-EDIT---4K----PF---Trim-1774724981788.mp4"}
{"level":"info","message":"♻️ تم تحديث الكاش - البروفايلات: 1"}
{"level":"info","message":"✅ تم رفع الفيديو إلى Cloudinary: https://res.cloudinary.com/dm9ixdpzz/video/upload/v1774725094/blackmoon_videos/Zenitsu------MONTAGEM-RUGADA--Edit-AMV----4K----Trim-1774725015241.mp4"}
{"level":"info","message":"♻️ تم تحديث الكاش - البروفايلات: 1"}
{"level":"info","message":"♻️ تم تحديث الكاش - البروفايلات: 1"}
{"level":"info","message":"♻️ تم تحديث الكاش - البروفايلات: "}
{"level":"info","message":"♻️ تم تحديث الكاش - البروفايلات: 1"}
{"level":"info","message":"🎛️ تم التبديل إلى البروفايل 2"}
{"level":"info","message":"♻️ تم تحديث الكاش - البروفايلات: 1"}
{"level":"info","message":"🎛️ تم التبديل إلى البروفايل 1"}
{"level":"info","message":"♻️ تم تحديث الكاش - البروفايلات: 1"}
{"level":"info","message":"♻️ تم تحديث الكاش - البروفايلات: 1"}
{"level":"info","message":"♻️ تم تحديث الكاش - البروفايلات: "}
{"level":"info","message":"♻️ تم تحديث الكاش - البروفايلات: 1"}
{"level":"info","message":"🎛️ تم التبديل إلى البروفايل 2"}
{"level":"info","message":"♻️ تم تحديث الكاش - البروفايلات: 1"}
{"level":"info","message":"🎛️ تم التبديل إلى البروفايل 1"}
{"level":"info","message":"♻️ تم تحديث الكاش - البروفايلات: 1"}
{"level":"info","message":"🎛️ تم التبديل إلى البروفايل 2"}
{"level":"info","message":"♻️ تم تحديث الكاش - البروفايلات: 1"}
{"level":"info","message":"🎛️ تم التبديل إلى البروفايل 1"}
{"level":"info","message":"♻️ تم تحديث الكاش - البروفايلات: 1"}
{"level":"info","message":"♻️ تم تحديث الكاش - البروفايلات: "}
{"level":"info","message":"🎛️ تم التبديل إلى البروفايل 2"}
{"level":"info","message":"♻️ تم تحديث الكاش - البروفايلات: "}
{"level":"info","message":"🎛️ تم التبديل إلى البروفايل 1"}
{"level":"info","message":"♻️ تم تحديث الكاش - البروفايلات: "}
{"level":"info","message":"♻️ تم تحديث الكاش - البروفايلات: 1"}
{"level":"info","message":"🎛️ تم التبديل إلى البروفايل 2"}
{"level":"info","message":"♻️ تم تحديث الكاش - البروفايلات: 1"}
{"level":"info","message":"🎛️ تم التبديل إلى البروفايل 1"}
{"level":"info","message":"♻️ تم تحديث الكاش - البروفايلات: 1"}
{"level":"info","message":"🎛️ تم التبديل إلى البروفايل 2"}
{"level":"info","message":"♻️ تم تحديث الكاش - البروفايلات: 1"}
{"level":"info","message":"♻️ تم تحديث الكاش - البروفايلات: "}
{"level":"info","message":"🎛️ تم التبديل إلى البروفايل 1"}
{"level":"info","message":"♻️ تم تحديث الكاش - البروفايلات: "}
{"level":"info","message":"♻️ تم تحديث الكاش - البروفايلات: 1"}
{"level":"info","message":"🎛️ تم التبديل إلى البروفايل 2"}
{"level":"info","message":"♻️ تم تحديث الكاش - البروفايلات: 1"}
{"level":"info","message":"🎛️ تم التبديل إلى البروفايل 1"}
{"level":"info","message":"♻️ تم تحديث الكاش - البروفايلات: 1"}
{"level":"info","message":"🎛️ تم التبديل إلى البروفايل 2"}
{"level":"info","message":"♻️ تم تحديث الكاش - البروفايلات: 1"}
{"level":"info","message":"♻️ تم تحديث الكاش - البروفايلات: 1,2"}
{"level":"info","message":"♻️ تم تحديث الكاش - البروفايلات: 1"}
{"level":"info","message":"🎛️ تم التبديل إلى البروفايل 1"}
{"level":"info","message":"♻️ تم تحديث الكاش - البروفايلات: 1"}
{"level":"info","message":"🎛️ تم التبديل إلى البروفايل 2"}
{"level":"info","message":"♻️ تم تحديث الكاش - البروفايلات: 1"}
{"level":"info","message":"♻️ تم تحديث الكاش - البروفايلات: 1,2"}
{"level":"info","message":"♻️ تم تحديث الكاش - البروفايلات: 1,2"}
{"level":"info","message":"♻️ تم تحديث الكاش - البروفايلات: 1,2"}
{"level":"info","message":"♻️ تم تحديث الكاش - البروفايلات: 1,2"}
{"level":"info","message":"♻️ تم تحديث الكاش - البروفايلات: 1,2"}
{"level":"info","message":"🎛️ تم التبديل إلى البروفايل 1"}
{"level":"info","message":"♻️ تم تحديث الكاش - البروفايلات: 1,2"}
{"level":"info","message":"🎛️ تم التبديل إلى البروفايل 2"}
{"level":"info","message":"♻️ تم تحديث الكاش - البروفايلات: 1,2"}
{"level":"info","message":"📌 تم تعيين اسم مستخدم TikTok:"}
{"level":"info","message":"⚠️ الحساب @ashura_1q ليس لايف حالياً"}
{"level":"info","message":"📌 تم تعيين اسم مستخدم TikTok:"}
{"level":"info","message":"⚠️ الحساب @ashura_1q ليس لايف حالياً"}
{"level":"info","message":"✅ السيرفر يعمل على http://localhost:3000"}
{"level":"info","message":"🎵 الصوت عبر Cloudinary"}
{"level":"info","message":"🎬 الفيديو عبر Cloudinary"}
{"level":"info","message":"✅ متصل بـ MongoDB"}
{"level":"info","message":"ℹ️ تم إزالة حقل username من المستندات"}
{"level":"info","message":"✅ تم حذف الفهرس القديم screenToken_1"}
{"level":"info","message":"✅ تم التأكد من وجود فهرس فريد على email"}
{"level":"info","message":"✅ تم إنشاء فهرس فريد لـ screenToken"}
{"level":"info","message":"ℹ️ لم يتم العثور على gifts.json، سيتم إنشاء الهدايا لاحقاً عبر API"}
{"level":"info","message":"♻️ تم تحديث الكاش - البروفايلات: 1,2"}
{"level":"error","message":"❌ خطأ RCON:"}
{"level":"info","message":"⚠️ الحساب @ashura_1q ليس لايف حالياً"}
{"level":"info","message":"🎛️ تم التبديل إلى البروفايل 1 للمستخدم captenblank1@gmail.com"}
{"level":"info","message":"♻️ تم تحديث الكاش - البروفايلات: 1,2"}
{"level":"info","message":"♻️ تم تحديث الكاش - البروفايلات: 2"}
{"level":"info","message":"🎛️ تم التبديل إلى البروفايل 2 للمستخدم captenblank1@gmail.com"}
{"level":"info","message":"♻️ تم تحديث الكاش - البروفايلات: 2"}
{"level":"info","message":"♻️ تم تحديث الكاش - البروفايلات: "}
{"level":"info","message":"🎛️ تم التبديل إلى البروفايل 1 للمستخدم captenblank1@gmail.com"}
{"level":"info","message":"♻️ تم تحديث الكاش - البروفايلات: "}
{"level":"info","message":"♻️ تم تحديث الكاش - البروفايلات: 1"}
{"level":"info","message":"🎛️ تم التبديل إلى البروفايل 2 للمستخدم captenblank1@gmail.com"}
{"level":"info","message":"♻️ تم تحديث الكاش - البروفايلات: 1"}
{"level":"info","message":"♻️ تم تحديث الكاش - البروفايلات: "}
{"level":"info","message":"🎛️ تم التبديل إلى البروفايل 1 للمستخدم captenblank1@gmail.com"}
{"level":"info","message":"♻️ تم تحديث الكاش - البروفايلات: "}
{"level":"info","message":"♻️ تم تحديث الكاش - البروفايلات: 1"}
{"level":"info","message":"🎛️ تم التبديل إلى البروفايل 2 للمستخدم captenblank1@gmail.com"}
{"level":"info","message":"♻️ تم تحديث الكاش - البروفايلات: 1"}
{"level":"info","message":"♻️ تم تحديث الكاش - البروفايلات: 1,2"}
{"level":"info","message":"🎛️ تم التبديل إلى البروفايل 1 للمستخدم captenblank1@gmail.com"}
{"level":"info","message":"♻️ تم تحديث الكاش - البروفايلات: 1,2"}
{"level":"info","message":"🎛️ تم التبديل إلى البروفايل 2 للمستخدم captenblank1@gmail.com"}
{"level":"info","message":"♻️ تم تحديث الكاش - البروفايلات: 1,2"}
{"level":"info","message":"🎛️ تم التبديل إلى البروفايل 3 للمستخدم captenblank1@gmail.com"}
{"level":"info","message":"♻️ تم تحديث الكاش - البروفايلات: 1,2"}
{"level":"info","message":"🎛️ تم التبديل إلى البروفايل 2 للمستخدم captenblank1@gmail.com"}
{"level":"info","message":"♻️ تم تحديث الكاش - البروفايلات: 1,2"}
{"level":"info","message":"🎛️ تم التبديل إلى البروفايل 4 للمستخدم captenblank1@gmail.com"}
{"level":"info","message":"♻️ تم تحديث الكاش - البروفايلات: 1,2"}
{"level":"info","message":"🎛️ تم التبديل إلى البروفايل 8 للمستخدم captenblank1@gmail.com"}
{"level":"info","message":"♻️ تم تحديث الكاش - البروفايلات: 1,2"}
{"level":"info","message":"🎛️ تم التبديل إلى البروفايل 9 للمستخدم captenblank1@gmail.com"}
{"level":"info","message":"♻️ تم تحديث الكاش - البروفايلات: 1,2"}
{"level":"info","message":"🎛️ تم التبديل إلى البروفايل 10 للمستخدم captenblank1@gmail.com"}
{"level":"info","message":"♻️ تم تحديث الكاش - البروفايلات: 1,2"}
{"level":"info","message":"🎛️ تم التبديل إلى البروفايل 11 للمستخدم captenblank1@gmail.com"}
{"level":"info","message":"♻️ تم تحديث الكاش - البروفايلات: 1,2"}
{"level":"info","message":"🎛️ تم التبديل إلى البروفايل 10 للمستخدم captenblank1@gmail.com"}
{"level":"info","message":"♻️ تم تحديث الكاش - البروفايلات: 1,2"}
{"level":"info","message":"🎛️ تم التبديل إلى البروفايل 9 للمستخدم captenblank1@gmail.com"}
{"level":"info","message":"♻️ تم تحديث الكاش - البروفايلات: 1,2"}
{"level":"info","message":"🎛️ تم التبديل إلى البروفايل 8 للمستخدم captenblank1@gmail.com"}
{"level":"info","message":"♻️ تم تحديث الكاش - البروفايلات: 1,2"}
{"level":"info","message":"🎛️ تم التبديل إلى البروفايل 4 للمستخدم captenblank1@gmail.com"}
{"level":"info","message":"♻️ تم تحديث الكاش - البروفايلات: 1,2"}
{"level":"info","message":"🎛️ تم التبديل إلى البروفايل 1 للمستخدم captenblank1@gmail.com"}
{"level":"info","message":"♻️ تم تحديث الكاش - البروفايلات: 1,2"}
{"level":"info","message":"🎛️ تم التبديل إلى البروفايل 2 للمستخدم captenblank1@gmail.com"}
{"level":"info","message":"♻️ تم تحديث الكاش - البروفايلات: 1,2"}
{"level":"info","message":"♻️ تم تحديث الكاش - البروفايلات: 1"}
{"level":"info","message":"🎛️ تم التبديل إلى البروفايل 1 للمستخدم captenblank1@gmail.com"}
{"level":"info","message":"♻️ تم تحديث الكاش - البروفايلات: 1"}
{"level":"info","message":"🎛️ تم التبديل إلى البروفايل 2 للمستخدم captenblank1@gmail.com"}
{"level":"info","message":"♻️ تم تحديث الكاش - البروفايلات: 1"}
{"level":"info","message":"🎛️ تم التبديل إلى البروفايل 1 للمستخدم captenblank1@gmail.com"}
{"level":"info","message":"♻️ تم تحديث الكاش - البروفايلات: 1"}
{"level":"info","message":"🎛️ تم التبديل إلى البروفايل 2 للمستخدم captenblank1@gmail.com"}
{"level":"info","message":"♻️ تم تحديث الكاش - البروفايلات: 1"}
{"level":"info","message":"🎛️ تم التبديل إلى البروفايل 3 للمستخدم captenblank1@gmail.com"}
{"level":"info","message":"♻️ تم تحديث الكاش - البروفايلات: 1"}
{"level":"info","message":"🎛️ تم التبديل إلى البروفايل 2 للمستخدم captenblank1@gmail.com"}
{"level":"info","message":"♻️ تم تحديث الكاش - البروفايلات: 1"}
{"level":"info","message":"🎛️ تم التبديل إلى البروفايل 3 للمستخدم captenblank1@gmail.com"}
{"level":"info","message":"♻️ تم تحديث الكاش - البروفايلات: 1"}
{"level":"info","message":"🎛️ تم التبديل إلى البروفايل 1 للمستخدم captenblank1@gmail.com"}
{"level":"info","message":"♻️ تم تحديث الكاش - البروفايلات: 1"}
{"level":"info","message":"🎛️ تم التبديل إلى البروفايل 2 للمستخدم captenblank1@gmail.com"}
{"level":"info","message":"♻️ تم تحديث الكاش - البروفايلات: 1"}
{"level":"info","message":"🎛️ تم التبديل إلى البروفايل 1 للمستخدم captenblank1@gmail.com"}
{"level":"info","message":"♻️ تم تحديث الكاش - البروفايلات: 1"}
{"level":"info","message":"🎛️ تم التبديل إلى البروفايل 3 للمستخدم captenblank1@gmail.com"}
{"level":"info","message":"♻️ تم تحديث الكاش - البروفايلات: 1"}
{"level":"info","message":"🎛️ تم التبديل إلى البروفايل 2 للمستخدم captenblank1@gmail.com"}
{"level":"info","message":"♻️ تم تحديث الكاش - البروفايلات: 1"}
{"level":"info","message":"🎛️ تم التبديل إلى البروفايل 1 للمستخدم captenblank1@gmail.com"}
{"level":"info","message":"♻️ تم تحديث الكاش - البروفايلات: 1"}
{"level":"info","message":"🎛️ تم التبديل إلى البروفايل 4 للمستخدم captenblank1@gmail.com"}
{"level":"info","message":"♻️ تم تحديث الكاش - البروفايلات: 1"}
{"level":"info","message":"🎛️ تم التبديل إلى البروفايل 3 للمستخدم captenblank1@gmail.com"}
{"level":"info","message":"♻️ تم تحديث الكاش - البروفايلات: 1"}
{"level":"info","message":"🎛️ تم التبديل إلى البروفايل 2 للمستخدم captenblank1@gmail.com"}
{"level":"info","message":"♻️ تم تحديث الكاش - البروفايلات: 1"}
{"level":"info","message":"🎛️ تم التبديل إلى البروفايل 1 للمستخدم captenblank1@gmail.com"}
{"level":"info","message":"♻️ تم تحديث الكاش - البروفايلات: 1"}
{"level":"info","message":"🎛️ تم التبديل إلى البروفايل 8 للمستخدم captenblank1@gmail.com"}
{"level":"info","message":"♻️ تم تحديث الكاش - البروفايلات: 1"}
{"level":"info","message":"🎛️ تم التبديل إلى البروفايل 16 للمستخدم captenblank1@gmail.com"}
{"level":"info","message":"♻️ تم تحديث الكاش - البروفايلات: 1"}
{"level":"info","message":"🎛️ تم التبديل إلى البروفايل 1 للمستخدم captenblank1@gmail.com"}
{"level":"info","message":"♻️ تم تحديث الكاش - البروفايلات: 1"}
{"level":"info","message":"🎛️ تم التبديل إلى البروفايل 2 للمستخدم captenblank1@gmail.com"}
{"level":"info","message":"♻️ تم تحديث الكاش - البروفايلات: 1"}
{"level":"info","message":"🎛️ تم التبديل إلى البروفايل 3 للمستخدم captenblank1@gmail.com"}
{"level":"info","message":"♻️ تم تحديث الكاش - البروفايلات: 1"}
{"level":"info","message":"🎛️ تم التبديل إلى البروفايل 1 للمستخدم captenblank1@gmail.com"}
{"level":"info","message":"♻️ تم تحديث الكاش - البروفايلات: 1"}
{"level":"info","message":"🎛️ تم التبديل إلى البروفايل 3 للمستخدم captenblank1@gmail.com"}
{"level":"info","message":"♻️ تم تحديث الكاش - البروفايلات: 1"}
{"level":"info","message":"🎛️ تم التبديل إلى البروفايل 2 للمستخدم captenblank1@gmail.com"}
{"level":"info","message":"♻️ تم تحديث الكاش - البروفايلات: 1"}
{"level":"info","message":"🎛️ تم التبديل إلى البروفايل 4 للمستخدم captenblank1@gmail.com"}
{"level":"info","message":"♻️ تم تحديث الكاش - البروفايلات: 1"}
{"level":"info","message":"🎛️ تم التبديل إلى البروفايل 7 للمستخدم captenblank1@gmail.com"}
{"level":"info","message":"♻️ تم تحديث الكاش - البروفايلات: 1"}
{"level":"info","message":"🎛️ تم التبديل إلى البروفايل 12 للمستخدم captenblank1@gmail.com"}
{"level":"info","message":"♻️ تم تحديث الكاش - البروفايلات: 1"}
{"level":"info","message":"🎛️ تم التبديل إلى البروفايل 1 للمستخدم captenblank1@gmail.com"}
{"level":"info","message":"♻️ تم تحديث الكاش - البروفايلات: 1"}
{"level":"info","message":"🎛️ تم التبديل إلى البروفايل 2 للمستخدم captenblank1@gmail.com"}
{"level":"info","message":"♻️ تم تحديث الكاش - البروفايلات: 1"}
{"level":"info","message":"🎛️ تم التبديل إلى البروفايل 2 للمستخدم captenblank1@gmail.com"}
{"level":"info","message":"♻️ تم تحديث الكاش - البروفايلات: 1"}
{"level":"info","message":"🎛️ تم التبديل إلى البروفايل 1 للمستخدم captenblank1@gmail.com"}
{"level":"info","message":"♻️ تم تحديث الكاش - البروفايلات: 1"}
{"level":"info","message":"🎛️ تم التبديل إلى البروفايل 3 للمستخدم captenblank1@gmail.com"}
{"level":"info","message":"♻️ تم تحديث الكاش - البروفايلات: 1"}
{"level":"info","message":"🎛️ تم التبديل إلى البروفايل 2 للمستخدم captenblank1@gmail.com"}
{"level":"info","message":"♻️ تم تحديث الكاش - البروفايلات: 1"}
{"level":"info","message":"🎛️ تم التبديل إلى البروفايل 4 للمستخدم captenblank1@gmail.com"}
{"level":"info","message":"♻️ تم تحديث الكاش - البروفايلات: 1"}
{"level":"info","message":"🎛️ تم التبديل إلى البروفايل 7 للمستخدم captenblank1@gmail.com"}
{"level":"info","message":"♻️ تم تحديث الكاش - البروفايلات: 1"}
{"level":"info","message":"🎛️ تم التبديل إلى البروفايل 2 للمستخدم captenblank1@gmail.com"}
{"level":"info","message":"♻️ تم تحديث الكاش - البروفايلات: 1"}
{"level":"info","message":"🎛️ تم التبديل إلى البروفايل 1 للمستخدم captenblank1@gmail.com"}
{"level":"info","message":"♻️ تم تحديث الكاش - البروفايلات: 1"}
{"level":"info","message":"🎛️ تم التبديل إلى البروفايل 4 للمستخدم captenblank1@gmail.com"}
{"level":"info","message":"♻️ تم تحديث الكاش - البروفايلات: 1"}
{"level":"info","message":"🎛️ تم التبديل إلى البروفايل 18 للمستخدم captenblank1@gmail.com"}
{"level":"info","message":"♻️ تم تحديث الكاش - البروفايلات: 1"}
{"level":"info","message":"🎛️ تم التبديل إلى البروفايل 20 للمستخدم captenblank1@gmail.com"}
{"level":"info","message":"♻️ تم تحديث الكاش - البروفايلات: 1"}
{"level":"info","message":"🎛️ تم التبديل إلى البروفايل 2 للمستخدم captenblank1@gmail.com"}
{"level":"info","message":"♻️ تم تحديث الكاش - البروفايلات: 1"}
{"level":"info","message":"🎛️ تم التبديل إلى البروفايل 1 للمستخدم captenblank1@gmail.com"}
{"level":"info","message":"♻️ تم تحديث الكاش - البروفايلات: 1"}
{"level":"info","message":"🎛️ تم التبديل إلى البروفايل 2 للمستخدم captenblank1@gmail.com"}
{"level":"info","message":"♻️ تم تحديث الكاش - البروفايلات: 1"}
{"level":"info","message":"🎛️ تم التبديل إلى البروفايل 3 للمستخدم captenblank1@gmail.com"}
{"level":"info","message":"♻️ تم تحديث الكاش - البروفايلات: 1"}
{"level":"info","message":"🎛️ تم التبديل إلى البروفايل 1 للمستخدم captenblank1@gmail.com"}
{"level":"info","message":"♻️ تم تحديث الكاش - البروفايلات: 1"}
{"level":"info","message":"🎛️ تم التبديل إلى البروفايل 10 للمستخدم captenblank1@gmail.com"}
{"level":"info","message":"♻️ تم تحديث الكاش - البروفايلات: 1"}
{"level":"info","message":"🎛️ تم التبديل إلى البروفايل 14 للمستخدم captenblank1@gmail.com"}
{"level":"info","message":"♻️ تم تحديث الكاش - البروفايلات: 1"}
{"level":"info","message":"🎛️ تم التبديل إلى البروفايل 20 للمستخدم captenblank1@gmail.com"}
{"level":"info","message":"♻️ تم تحديث الكاش - البروفايلات: 1"}
{"level":"info","message":"🎛️ تم التبديل إلى البروفايل 1 للمستخدم captenblank1@gmail.com"}
{"level":"info","message":"♻️ تم تحديث الكاش - البروفايلات: 1"}
{"level":"info","message":"🎛️ تم التبديل إلى البروفايل 2 للمستخدم captenblank1@gmail.com"}
{"level":"info","message":"♻️ تم تحديث الكاش - البروفايلات: 1"}
{"level":"info","message":"🎛️ تم التبديل إلى البروفايل 3 للمستخدم captenblank1@gmail.com"}
{"level":"info","message":"♻️ تم تحديث الكاش - البروفايلات: 1"}
{"level":"info","message":"🎛️ تم التبديل إلى البروفايل 1 للمستخدم captenblank1@gmail.com"}
{"level":"info","message":"♻️ تم تحديث الكاش - البروفايلات: 1"}
{"level":"info","message":"🎛️ تم التبديل إلى البروفايل 2 للمستخدم captenblank1@gmail.com"}
{"level":"info","message":"♻️ تم تحديث الكاش - البروفايلات: 1"}
{"level":"info","message":"🎛️ تم التبديل إلى البروفايل 3 للمستخدم captenblank1@gmail.com"}
{"level":"info","message":"♻️ تم تحديث الكاش - البروفايلات: 1"}
{"level":"info","message":"🎛️ تم التبديل إلى البروفايل 4 للمستخدم captenblank1@gmail.com"}
{"level":"info","message":"♻️ تم تحديث الكاش - البروفايلات: 1"}
{"level":"info","message":"🎛️ تم التبديل إلى البروفايل 7 للمستخدم captenblank1@gmail.com"}
{"level":"info","message":"♻️ تم تحديث الكاش - البروفايلات: 1"}
{"level":"warn","message":"Failed login attempt for dr@gmail.com (user not found)"}
{"level":"info","message":"Checking expired subscriptions..."}
{"level":"info","message":"✅ السيرفر يعمل على http://localhost:3000"}
{"level":"info","message":"🎵 الصوت عبر Cloudinary"}
{"level":"info","message":"🎬 الفيديو عبر Cloudinary"}
{"level":"info","message":"✅ متصل بـ MongoDB"}
{"level":"info","message":"ℹ️ تم إزالة حقل username من المستندات"}
{"level":"info","message":"✅ تم حذف الفهرس القديم screenToken_1"}
{"level":"info","message":"✅ تم التأكد من وجود فهرس فريد على email"}
{"level":"info","message":"✅ تم إنشاء فهرس فريد لـ screenToken"}
{"level":"info","message":"ℹ️ لم يتم العثور على gifts.json، سيتم إنشاء الهدايا لاحقاً عبر API"}
{"level":"info","message":"♻️ تم تحديث الكاش - البروفايلات: 1"}
{"level":"error","message":"❌ خطأ RCON:"}
{"level":"info","message":"⚠️ الحساب @ashura_1q ليس لايف حالياً"}
{"level":"info","message":"✅ السيرفر يعمل على http://localhost:3000"}
{"level":"info","message":"🎵 الصوت عبر Cloudinary"}
{"level":"info","message":"🎬 الفيديو عبر Cloudinary"}
{"level":"info","message":"✅ متصل بـ MongoDB"}
{"level":"info","message":"ℹ️ تم إزالة حقل username من المستندات"}
{"level":"info","message":"✅ تم حذف الفهرس القديم screenToken_1"}
{"level":"info","message":"✅ تم التأكد من وجود فهرس فريد على email"}
{"level":"info","message":"✅ تم إنشاء فهرس فريد لـ screenToken"}
{"level":"info","message":"ℹ️ لم يتم العثور على gifts.json، سيتم إنشاء الهدايا لاحقاً عبر API"}
{"level":"info","message":"♻️ تم تحديث الكاش - البروفايلات: 1"}
{"level":"error","message":"❌ خطأ RCON:"}
{"level":"info","message":"✅ السيرفر يعمل على http://localhost:3000"}
{"level":"info","message":"🎵 الصوت عبر Cloudinary"}
{"level":"info","message":"🎬 الفيديو عبر Cloudinary"}
{"level":"info","message":"✅ متصل بـ MongoDB"}
{"level":"info","message":"ℹ️ تم إزالة حقل username من المستندات"}
{"level":"info","message":"✅ تم حذف الفهرس القديم screenToken_1"}
{"level":"info","message":"✅ تم التأكد من وجود فهرس فريد على email"}
{"level":"info","message":"✅ تم إنشاء فهرس فريد لـ screenToken"}
{"level":"info","message":"ℹ️ لم يتم العثور على gifts.json، سيتم إنشاء الهدايا لاحقاً عبر API"}
{"level":"info","message":"♻️ تم تحديث الكاش - البروفايلات: 1"}
{"level":"error","message":"❌ خطأ RCON:"}
{"level":"info","message":"⚠️ الحساب @ashura_1q ليس لايف حالياً"}
{"level":"info","message":"✅ السيرفر يعمل على http://localhost:3000"}
{"level":"info","message":"🎵 الصوت عبر Cloudinary"}
{"level":"info","message":"🎬 الفيديو عبر Cloudinary"}
{"level":"info","message":"✅ متصل بـ MongoDB"}
{"level":"info","message":"ℹ️ تم إزالة حقل username من المستندات"}
{"level":"info","message":"✅ تم حذف الفهرس القديم screenToken_1"}
{"level":"info","message":"✅ تم التأكد من وجود فهرس فريد على email"}
{"level":"info","message":"✅ تم إنشاء فهرس فريد لـ screenToken"}
{"level":"info","message":"ℹ️ لم يتم العثور على gifts.json، سيتم إنشاء الهدايا لاحقاً عبر API"}
{"level":"info","message":"♻️ تم تحديث الكاش - البروفايلات: 1"}
{"level":"error","message":"❌ خطأ RCON:"}
{"level":"info","message":"✅ السيرفر يعمل على http://localhost:3000"}
{"level":"info","message":"🎵 الصوت عبر Cloudinary"}
{"level":"info","message":"🎬 الفيديو عبر Cloudinary"}
{"level":"info","message":"✅ متصل بـ MongoDB"}
{"level":"info","message":"ℹ️ تم إزالة حقل username من المستندات"}
{"level":"info","message":"✅ تم حذف الفهرس القديم screenToken_1"}
{"level":"info","message":"✅ تم التأكد من وجود فهرس فريد على email"}
{"level":"info","message":"✅ تم إنشاء فهرس فريد لـ screenToken"}
{"level":"info","message":"ℹ️ لم يتم العثور على gifts.json، سيتم إنشاء الهدايا لاحقاً عبر API"}
{"level":"info","message":"♻️ تم تحديث الكاش - البروفايلات: 1"}
{"level":"error","message":"❌ خطأ RCON:"}
{"level":"info","message":"⚠️ الحساب @ashura_1q ليس لايف حالياً"}
{"level":"info","message":"✅ السيرفر يعمل على http://localhost:3000"}
{"level":"info","message":"🎵 الصوت عبر Cloudinary"}
{"level":"info","message":"🎬 الفيديو عبر Cloudinary"}
{"level":"info","message":"✅ متصل بـ MongoDB"}
{"level":"info","message":"ℹ️ تم إزالة حقل username من المستندات"}
{"level":"info","message":"✅ تم حذف الفهرس القديم screenToken_1"}
{"level":"info","message":"✅ تم التأكد من وجود فهرس فريد على email"}
{"level":"info","message":"✅ تم إنشاء فهرس فريد لـ screenToken"}
{"level":"info","message":"ℹ️ لم يتم العثور على gifts.json، سيتم إنشاء الهدايا لاحقاً عبر API"}
{"level":"info","message":"♻️ تم تحديث الكاش - البروفايلات: 1"}
{"level":"error","message":"❌ خطأ RCON:"}
{"level":"info","message":"⚠️ الحساب @ashura_1q ليس لايف حالياً"}
{"level":"info","message":"✅ السيرفر يعمل على http://localhost:3000"}
{"level":"info","message":"🎵 الصوت عبر Cloudinary"}
{"level":"info","message":"🎬 الفيديو عبر Cloudinary"}
{"level":"info","message":"✅ متصل بـ MongoDB"}
{"level":"info","message":"ℹ️ تم إزالة حقل username من المستندات"}
{"level":"info","message":"✅ تم حذف الفهرس القديم screenToken_1"}
{"level":"info","message":"✅ تم التأكد من وجود فهرس فريد على email"}
{"level":"info","message":"✅ تم إنشاء فهرس فريد لـ screenToken"}
{"level":"info","message":"ℹ️ لم يتم العثور على gifts.json، سيتم إنشاء الهدايا لاحقاً عبر API"}
{"level":"info","message":"♻️ تم تحديث الكاش - البروفايلات: 1"}
{"level":"error","message":"❌ خطأ RCON:"}
{"level":"info","message":"⚠️ الحساب @ashura_1q ليس لايف حالياً"}
{"level":"info","message":"🎛️ تم التبديل إلى البروفايل 1 للمستخدم captenblank1@gmail.com"}
{"level":"info","message":"♻️ تم تحديث الكاش - البروفايلات: 1"}
{"level":"info","message":"♻️ تم تحديث الكاش - البروفايلات: 1"}
{"level":"info","message":"✅ السيرفر يعمل على http://localhost:3000"}
{"level":"info","message":"🎵 الصوت عبر Cloudinary"}
{"level":"info","message":"🎬 الفيديو عبر Cloudinary"}
{"level":"info","message":"✅ متصل بـ MongoDB"}
{"level":"info","message":"ℹ️ تم إزالة حقل username من المستندات"}
{"level":"info","message":"✅ تم حذف الفهرس القديم screenToken_1"}
{"level":"info","message":"✅ تم التأكد من وجود فهرس فريد على email"}
{"level":"info","message":"✅ تم إنشاء فهرس فريد لـ screenToken"}
{"level":"info","message":"ℹ️ لم يتم العثور على gifts.json، سيتم إنشاء الهدايا لاحقاً عبر API"}
{"level":"info","message":"♻️ تم تحديث الكاش - البروفايلات: 1"}
{"level":"error","message":"❌ خطأ RCON:"}
{"level":"info","message":"⚠️ الحساب @ashura_1q ليس لايف حالياً"}
{"level":"info","message":"✅ السيرفر يعمل على http://localhost:3000"}
{"level":"info","message":"🎵 الصوت عبر Cloudinary"}
{"level":"info","message":"🎬 الفيديو عبر Cloudinary"}
{"level":"info","message":"✅ متصل بـ MongoDB"}
{"level":"info","message":"ℹ️ تم إزالة حقل username من المستندات"}
{"level":"info","message":"✅ تم حذف الفهرس القديم screenToken_1"}
{"level":"info","message":"✅ تم التأكد من وجود فهرس فريد على email"}
{"level":"info","message":"✅ تم إنشاء فهرس فريد لـ screenToken"}
{"level":"info","message":"ℹ️ لم يتم العثور على gifts.json، سيتم إنشاء الهدايا لاحقاً عبر API"}
{"level":"info","message":"♻️ تم تحديث الكاش - البروفايلات: 1"}
{"level":"info","message":"✅ RCON متصل بالسيرفر"}
{"level":"info","message":"⚠️ الحساب @ashura_1q ليس لايف حالياً"}
{"level":"info","message":"✅ السيرفر يعمل على http://localhost:3000"}
{"level":"info","message":"🎵 الصوت عبر Cloudinary"}
{"level":"info","message":"🎬 الفيديو عبر Cloudinary"}
{"level":"info","message":"✅ متصل بـ MongoDB"}
{"level":"info","message":"ℹ️ تم إزالة حقل username من المستندات"}
{"level":"info","message":"✅ تم حذف الفهرس القديم screenToken_1"}
{"level":"info","message":"✅ تم التأكد من وجود فهرس فريد على email"}
{"level":"info","message":"✅ تم إنشاء فهرس فريد لـ screenToken"}
{"level":"info","message":"ℹ️ لم يتم العثور على gifts.json، سيتم إنشاء الهدايا لاحقاً عبر API"}
{"level":"info","message":"♻️ تم تحديث الكاش - البروفايلات: 1"}
{"level":"info","message":"✅ RCON متصل بالسيرفر"}
{"level":"info","message":"⚠️ الحساب @ashura_1q ليس لايف حالياً"}
{"level":"info","message":"✅ السيرفر يعمل على http://localhost:3000"}
{"level":"info","message":"🎵 الصوت عبر Cloudinary"}
{"level":"info","message":"🎬 الفيديو عبر Cloudinary"}
{"level":"info","message":"✅ متصل بـ MongoDB"}
{"level":"info","message":"ℹ️ تم إزالة حقل username من المستندات"}
{"level":"info","message":"✅ تم حذف الفهرس القديم screenToken_1"}
{"level":"info","message":"✅ تم التأكد من وجود فهرس فريد على email"}
{"level":"info","message":"✅ تم إنشاء فهرس فريد لـ screenToken"}
{"level":"info","message":"ℹ️ لم يتم العثور على gifts.json، سيتم إنشاء الهدايا لاحقاً عبر API"}
{"level":"info","message":"♻️ تم تحديث الكاش - البروفايلات: 1"}
{"level":"info","message":"✅ RCON متصل بالسيرفر"}
{"level":"info","message":"⚠️ الحساب @ashura_1q ليس لايف حالياً"}
{"level":"info","message":"✅ السيرفر يعمل على http://localhost:3000"}
{"level":"info","message":"🎵 الصوت عبر Cloudinary"}
{"level":"info","message":"🎬 الفيديو عبر Cloudinary"}
{"level":"info","message":"✅ متصل بـ MongoDB"}
{"level":"info","message":"ℹ️ تم إزالة حقل username من المستندات"}
{"level":"info","message":"✅ تم حذف الفهرس القديم screenToken_1"}
{"level":"info","message":"✅ تم التأكد من وجود فهرس فريد على email"}
{"level":"info","message":"✅ تم إنشاء فهرس فريد لـ screenToken"}
{"level":"info","message":"ℹ️ لم يتم العثور على gifts.json، سيتم إنشاء الهدايا لاحقاً عبر API"}
{"level":"info","message":"♻️ تم تحديث الكاش - البروفايلات: 1"}
{"level":"info","message":"✅ RCON متصل بالسيرفر"}
{"level":"info","message":"✅ السيرفر يعمل على http://localhost:3000"}
{"level":"info","message":"🎵 الصوت عبر Cloudinary"}
{"level":"info","message":"🎬 الفيديو عبر Cloudinary"}
{"level":"info","message":"✅ متصل بـ MongoDB"}
{"level":"info","message":"ℹ️ تم إزالة حقل username من المستندات"}
{"level":"info","message":"✅ تم حذف الفهرس القديم screenToken_1"}
{"level":"info","message":"✅ تم التأكد من وجود فهرس فريد على email"}
{"level":"info","message":"✅ تم إنشاء فهرس فريد لـ screenToken"}
{"level":"info","message":"ℹ️ لم يتم العثور على gifts.json، سيتم إنشاء الهدايا لاحقاً عبر API"}
{"level":"info","message":"♻️ تم تحديث الكاش - البروفايلات: 1"}
{"level":"info","message":"✅ RCON متصل بالسيرفر"}
{"level":"info","message":"⚠️ الحساب @ashura_1q ليس لايف حالياً"}
{"level":"info","message":"♻️ تم تحديث الكاش - البروفايلات: "}
{"level":"info","message":"♻️ تم تحديث الكاش - البروفايلات: 1"}
{"level":"info","message":"✅ السيرفر يعمل على http://localhost:3000"}
{"level":"info","message":"🎵 الصوت عبر Cloudinary"}
{"level":"info","message":"🎬 الفيديو عبر Cloudinary"}
{"level":"info","message":"✅ متصل بـ MongoDB"}
{"level":"info","message":"ℹ️ تم إزالة حقل username من المستندات"}
{"level":"info","message":"✅ تم حذف الفهرس القديم screenToken_1"}
{"level":"info","message":"✅ تم التأكد من وجود فهرس فريد على email"}
{"level":"info","message":"✅ تم إنشاء فهرس فريد لـ screenToken"}
{"level":"info","message":"ℹ️ لم يتم العثور على gifts.json، سيتم إنشاء الهدايا لاحقاً عبر API"}
{"level":"info","message":"♻️ تم تحديث الكاش - البروفايلات: 1"}
{"level":"info","message":"✅ RCON متصل بالسيرفر"}
{"level":"info","message":"⚠️ الحساب @ashura_1q ليس لايف حالياً"}
{"level":"info","message":"✅ السيرفر يعمل على http://localhost:3000"}
{"level":"info","message":"🎵 الصوت عبر Cloudinary"}
{"level":"info","message":"🎬 الفيديو عبر Cloudinary"}
{"level":"info","message":"✅ متصل بـ MongoDB"}
{"level":"info","message":"ℹ️ تم إزالة حقل username من المستندات"}
{"level":"info","message":"✅ تم حذف الفهرس القديم screenToken_1"}
{"level":"info","message":"✅ تم التأكد من وجود فهرس فريد على email"}
{"level":"info","message":"✅ تم إنشاء فهرس فريد لـ screenToken"}
{"level":"info","message":"ℹ️ لم يتم العثور على gifts.json، سيتم إنشاء الهدايا لاحقاً عبر API"}
{"level":"info","message":"♻️ تم تحديث الكاش - البروفايلات: 1"}
{"level":"info","message":"✅ RCON متصل بالسيرفر"}
{"level":"info","message":"⚠️ الحساب @ashura_1q ليس لايف حالياً"}
{"level":"info","message":"✅ السيرفر يعمل على http://localhost:3000"}
{"level":"info","message":"🎵 الصوت عبر Cloudinary"}
{"level":"info","message":"🎬 الفيديو عبر Cloudinary"}
{"level":"info","message":"✅ متصل بـ MongoDB"}
{"level":"info","message":"ℹ️ تم إزالة حقل username من المستندات"}
{"level":"info","message":"✅ تم حذف الفهرس القديم screenToken_1"}
{"level":"info","message":"✅ تم التأكد من وجود فهرس فريد على email"}
{"level":"info","message":"✅ تم إنشاء فهرس فريد لـ screenToken"}
{"level":"info","message":"ℹ️ لم يتم العثور على gifts.json، سيتم إنشاء الهدايا لاحقاً عبر API"}
{"level":"error","message":"❌ خطأ RCON:"}
{"level":"info","message":"⚠️ الحساب @ashura_1q ليس لايف حالياً"}
{"level":"error","message":"❌ خطأ في جلب البروفايلات:"}
{"level":"error","message":"❌ خطأ في جلب البروفايلات:"}
{"level":"error","message":"❌ خطأ في جلب البروفايلات:"}
{"level":"error","message":"❌ خطأ في جلب البروفايلات:"}
{"level":"error","message":"❌ خطأ في جلب البروفايلات:"}
{"level":"error","message":"❌ خطأ في جلب البروفايلات:"}
{"level":"error","message":"❌ خطأ في تسجيل الدخول:"}
{"level":"error","message":"❌ خطأ في تسجيل الدخول:"}
{"level":"error","message":"❌ خطأ في تسجيل الدخول:"}
{"level":"error","message":"❌ خطأ في تسجيل الدخول:"}
{"level":"info","message":"✅ السيرفر يعمل على http://localhost:3000"}
{"level":"info","message":"🎵 الصوت عبر Cloudinary"}
{"level":"info","message":"🎬 الفيديو عبر Cloudinary"}
{"level":"info","message":"✅ متصل بـ MongoDB"}
{"level":"info","message":"ℹ️ تم إزالة حقل username من المستندات"}
{"level":"info","message":"✅ تم حذف الفهرس القديم screenToken_1"}
{"level":"info","message":"✅ تم التأكد من وجود فهرس فريد على email"}
{"level":"info","message":"✅ تم إنشاء فهرس فريد لـ screenToken"}
{"level":"info","message":"ℹ️ لم يتم العثور على gifts.json، سيتم إنشاء الهدايا لاحقاً عبر API"}
{"level":"error","message":"❌ خطأ RCON:"}
{"level":"info","message":"⚠️ الحساب @ashura_1q ليس لايف حالياً"}
{"level":"error","message":"❌ خطأ في تسجيل الدخول:"}
{"level":"info","message":"✅ السيرفر يعمل على http://localhost:3000"}
{"level":"info","message":"🎵 الصوت عبر Cloudinary"}
{"level":"info","message":"🎬 الفيديو عبر Cloudinary"}
{"level":"info","message":"✅ متصل بـ MongoDB"}
{"level":"info","message":"ℹ️ تم إزالة حقل username من المستندات"}
{"level":"info","message":"✅ تم حذف الفهرس القديم screenToken_1"}
{"level":"info","message":"✅ تم التأكد من وجود فهرس فريد على email"}
{"level":"info","message":"✅ تم إنشاء فهرس فريد لـ screenToken"}
{"level":"info","message":"ℹ️ لم يتم العثور على gifts.json، سيتم إنشاء الهدايا لاحقاً عبر API"}
{"level":"error","message":"❌ خطأ RCON:"}
{"level":"info","message":"⚠️ الحساب @ashura_1q ليس لايف حالياً"}
{"level":"info","message":"✅ السيرفر يعمل على http://localhost:3000"}
{"level":"info","message":"🎵 الصوت عبر Cloudinary"}
{"level":"info","message":"🎬 الفيديو عبر Cloudinary"}
{"level":"info","message":"✅ متصل بـ MongoDB"}
{"level":"info","message":"ℹ️ تم إزالة حقل username من المستندات"}
{"level":"info","message":"✅ تم حذف الفهرس القديم screenToken_1"}
{"level":"info","message":"✅ تم التأكد من وجود فهرس فريد على email"}
{"level":"info","message":"✅ تم إنشاء فهرس فريد لـ screenToken"}
{"level":"info","message":"ℹ️ لم يتم العثور على gifts.json، سيتم إنشاء الهدايا لاحقاً عبر API"}
{"level":"error","message":"❌ خطأ RCON:"}
{"level":"info","message":"⚠️ الحساب @ashura_1q ليس لايف حالياً"}
{"level":"info","message":"✅ السيرفر يعمل على http://localhost:3000"}
{"level":"info","message":"🎵 الصوت عبر Cloudinary"}
{"level":"info","message":"🎬 الفيديو عبر Cloudinary"}
{"level":"info","message":"✅ متصل بـ MongoDB"}
{"level":"info","message":"ℹ️ تم إزالة حقل username من المستندات"}
{"level":"info","message":"✅ تم حذف الفهرس القديم screenToken_1"}
{"level":"info","message":"✅ تم التأكد من وجود فهرس فريد على email"}
{"level":"info","message":"✅ تم إنشاء فهرس فريد لـ screenToken"}
{"level":"info","message":"ℹ️ لم يتم العثور على gifts.json، سيتم إنشاء الهدايا لاحقاً عبر API"}
{"level":"error","message":"❌ خطأ RCON:"}
{"level":"info","message":"⚠️ الحساب @ashura_1q ليس لايف حالياً"}
{"level":"error","message":"❌ خطأ في التسجيل:"}
{"level":"info","message":"✅ السيرفر يعمل على http://localhost:3000"}
{"level":"info","message":"🎵 الصوت عبر Cloudinary"}
{"level":"info","message":"🎬 الفيديو عبر Cloudinary"}
{"level":"info","message":"✅ متصل بـ MongoDB"}
{"level":"info","message":"ℹ️ تم إزالة حقل username من المستندات"}
{"level":"info","message":"✅ تم حذف الفهرس القديم screenToken_1"}
{"level":"info","message":"✅ تم التأكد من وجود فهرس فريد على email"}
{"level":"info","message":"✅ تم إنشاء فهرس فريد لـ screenToken"}
{"level":"info","message":"✅ تم حذف الفهرس القديم id_1 من مجموعة profiles"}
{"level":"info","message":"ℹ️ لم يتم العثور على gifts.json، سيتم إنشاء الهدايا لاحقاً عبر API"}
{"level":"error","message":"❌ خطأ RCON:"}
{"level":"info","message":"⚠️ الحساب @ashura_1q ليس لايف حالياً"}
{"level":"info","message":"✅ تم إنشاء 20 بروفايل للمستخدم 69c8442dff8e24bfd57a8772"}
{"level":"info","message":"🎛️ تم التبديل إلى البروفايل 2 للمستخدم captenblank1@gmail.com"}
{"level":"info","message":"♻️ تم تحديث الكاش للمستخدم 69c8442dff8e24bfd57a8772"}
{"level":"info","message":"🎛️ تم التبديل إلى البروفايل 3 للمستخدم captenblank1@gmail.com"}
{"level":"info","message":"♻️ تم تحديث الكاش للمستخدم 69c8442dff8e24bfd57a8772"}
{"level":"info","message":"🎛️ تم التبديل إلى البروفايل 1 للمستخدم captenblank1@gmail.com"}
{"level":"info","message":"♻️ تم تحديث الكاش للمستخدم 69c8442dff8e24bfd57a8772"}
{"level":"info","message":"🎛️ تم التبديل إلى البروفايل 2 للمستخدم captenblank1@gmail.com"}
{"level":"info","message":"♻️ تم تحديث الكاش للمستخدم 69c8442dff8e24bfd57a8772"}
{"level":"info","message":"🎛️ تم التبديل إلى البروفايل 1 للمستخدم captenblank1@gmail.com"}
{"level":"info","message":"♻️ تم تحديث الكاش للمستخدم 69c8442dff8e24bfd57a8772"}
{"level":"info","message":"♻️ تم تحديث الكاش للمستخدم 69c8442dff8e24bfd57a8772"}
{"level":"info","message":"✅ تم إنشاء 20 بروفايل للمستخدم 69c8447cff8e24bfd57a888b"}
{"level":"info","message":"✅ السيرفر يعمل على http://localhost:3000"}
{"level":"info","message":"🎵 الصوت عبر Cloudinary"}
{"level":"info","message":"🎬 الفيديو عبر Cloudinary"}
{"level":"info","message":"✅ متصل بـ MongoDB"}
{"level":"info","message":"ℹ️ تم إزالة حقل username من المستندات"}
{"level":"info","message":"✅ تم حذف الفهرس القديم screenToken_1"}
{"level":"info","message":"✅ تم التأكد من وجود فهرس فريد على email"}
{"level":"info","message":"✅ تم إنشاء فهرس فريد لـ screenToken"}
{"level":"info","message":"ℹ️ لم يتم العثور على gifts.json، سيتم إنشاء الهدايا لاحقاً عبر API"}
{"level":"error","message":"❌ خطأ RCON:"}
{"level":"info","message":"⚠️ الحساب @ashura_1q ليس لايف حالياً"}
{"level":"info","message":"🎛️ تم التبديل إلى البروفايل 2 للمستخدم captenblank1@gmail.com"}
{"level":"info","message":"♻️ تم تحديث الكاش للمستخدم 69c8442dff8e24bfd57a8772"}
{"level":"info","message":"♻️ تم تحديث الكاش للمستخدم 69c8442dff8e24bfd57a8772"}
{"level":"info","message":"🎛️ تم التبديل إلى البروفايل 3 للمستخدم captenblank1@gmail.com"}
{"level":"info","message":"♻️ تم تحديث الكاش للمستخدم 69c8442dff8e24bfd57a8772"}
{"level":"info","message":"🎛️ تم التبديل إلى البروفايل 2 للمستخدم captenblank1@gmail.com"}
{"level":"info","message":"♻️ تم تحديث الكاش للمستخدم 69c8442dff8e24bfd57a8772"}
{"level":"info","message":"🎛️ تم التبديل إلى البروفايل 4 للمستخدم captenblank1@gmail.com"}
{"level":"info","message":"♻️ تم تحديث الكاش للمستخدم 69c8442dff8e24bfd57a8772"}
{"level":"info","message":"🎛️ تم التبديل إلى البروفايل 2 للمستخدم captenblank1@gmail.com"}
{"level":"info","message":"♻️ تم تحديث الكاش للمستخدم 69c8442dff8e24bfd57a8772"}
{"level":"info","message":"🎛️ تم التبديل إلى البروفايل 1 للمستخدم captenblank1@gmail.com"}
{"level":"info","message":"♻️ تم تحديث الكاش للمستخدم 69c8442dff8e24bfd57a8772"}
{"level":"info","message":"🎛️ تم التبديل إلى البروفايل 2 للمستخدم captenblank1@gmail.com"}
{"level":"info","message":"♻️ تم تحديث الكاش للمستخدم 69c8442dff8e24bfd57a8772"}
{"level":"info","message":"♻️ تم تحديث الكاش للمستخدم 69c8442dff8e24bfd57a8772"}
{"level":"info","message":"🎛️ تم التبديل إلى البروفايل 1 للمستخدم captenblank1@gmail.com"}
{"level":"info","message":"♻️ تم تحديث الكاش للمستخدم 69c8442dff8e24bfd57a8772"}
{"level":"info","message":"🎛️ تم التبديل إلى البروفايل 2 للمستخدم captenblank1@gmail.com"}
{"level":"info","message":"♻️ تم تحديث الكاش للمستخدم 69c8442dff8e24bfd57a8772"}
{"level":"info","message":"♻️ تم تحديث الكاش للمستخدم 69c8442dff8e24bfd57a8772"}
{"level":"info","message":"🎛️ تم التبديل إلى البروفايل 1 للمستخدم captenblank1@gmail.com"}
{"level":"info","message":"♻️ تم تحديث الكاش للمستخدم 69c8442dff8e24bfd57a8772"}
{"level":"info","message":"✅ السيرفر يعمل على http://localhost:3000"}
{"level":"info","message":"🎵 الصوت عبر Cloudinary"}
{"level":"info","message":"🎬 الفيديو عبر Cloudinary"}
{"level":"info","message":"✅ متصل بـ MongoDB"}
{"level":"info","message":"ℹ️ تم إزالة حقل username من المستندات"}
{"level":"info","message":"✅ تم حذف الفهرس القديم screenToken_1"}
{"level":"info","message":"✅ تم التأكد من وجود فهرس فريد على email"}
{"level":"info","message":"✅ تم إنشاء فهرس فريد لـ screenToken"}
{"level":"info","message":"ℹ️ لم يتم العثور على gifts.json، سيتم إنشاء الهدايا لاحقاً عبر API"}
{"level":"error","message":"❌ خطأ RCON:"}
{"level":"info","message":"✅ السيرفر يعمل على http://localhost:3000"}
{"level":"info","message":"🎵 الصوت عبر Cloudinary"}
{"level":"info","message":"🎬 الفيديو عبر Cloudinary"}
{"level":"info","message":"✅ متصل بـ MongoDB"}
{"level":"info","message":"ℹ️ تم إزالة حقل username من المستندات"}
{"level":"info","message":"✅ تم حذف الفهرس القديم screenToken_1"}
{"level":"info","message":"✅ تم التأكد من وجود فهرس فريد على email"}
{"level":"info","message":"✅ تم إنشاء فهرس فريد لـ screenToken"}
{"level":"info","message":"ℹ️ لم يتم العثور على gifts.json، سيتم إنشاء الهدايا لاحقاً عبر API"}
{"level":"error","message":"❌ خطأ RCON:"}
{"level":"info","message":"⚠️ الحساب @ashura_1q ليس لايف حالياً"}
{"level":"info","message":"✅ السيرفر يعمل على http://localhost:3000"}
{"level":"info","message":"🎵 الصوت عبر Cloudinary"}
{"level":"info","message":"🎬 الفيديو عبر Cloudinary"}
{"level":"info","message":"✅ متصل بـ MongoDB"}
{"level":"info","message":"ℹ️ تم إزالة حقل username من المستندات"}
{"level":"info","message":"✅ تم حذف الفهرس القديم screenToken_1"}
{"level":"info","message":"✅ تم التأكد من وجود فهرس فريد على email"}
{"level":"info","message":"✅ تم إنشاء فهرس فريد لـ screenToken"}
{"level":"info","message":"ℹ️ لم يتم العثور على gifts.json، سيتم إنشاء الهدايا لاحقاً عبر API"}
{"level":"error","message":"❌ خطأ RCON:"}
{"level":"info","message":"⚠️ الحساب @ashura_1q ليس لايف حالياً"}
{"level":"info","message":"✅ السيرفر يعمل على http://localhost:3000"}
{"level":"info","message":"🎵 الصوت عبر Cloudinary"}
{"level":"info","message":"🎬 الفيديو عبر Cloudinary"}
{"level":"info","message":"✅ متصل بـ MongoDB"}
{"level":"info","message":"ℹ️ تم إزالة حقل username من المستندات"}
{"level":"info","message":"✅ تم حذف الفهرس القديم screenToken_1"}
{"level":"info","message":"✅ تم التأكد من وجود فهرس فريد على email"}
{"level":"info","message":"✅ تم إنشاء فهرس فريد لـ screenToken"}
{"level":"info","message":"ℹ️ لم يتم العثور على gifts.json، سيتم إنشاء الهدايا لاحقاً عبر API"}
{"level":"error","message":"❌ خطأ RCON:"}
{"level":"info","message":"⚠️ الحساب @ashura_1q ليس لايف حالياً"}
{"level":"info","message":"Checking expired subscriptions..."}
{"level":"info","message":"✅ السيرفر يعمل على http://localhost:3000"}
{"level":"info","message":"🎵 الصوت عبر Cloudinary"}
{"level":"info","message":"🎬 الفيديو عبر Cloudinary"}
{"level":"info","message":"✅ متصل بـ MongoDB"}
{"level":"info","message":"ℹ️ تم إزالة حقل username من المستندات"}
{"level":"info","message":"✅ تم حذف الفهرس القديم screenToken_1"}
{"level":"info","message":"✅ تم التأكد من وجود فهرس فريد على email"}
{"level":"info","message":"✅ تم إنشاء فهرس فريد لـ screenToken"}
{"level":"info","message":"ℹ️ لم يتم العثور على gifts.json، سيتم إنشاء الهدايا لاحقاً عبر API"}
{"level":"info","message":"✅ السيرفر يعمل على http://localhost:3000"}
{"level":"info","message":"🎵 الصوت عبر Cloudinary"}
{"level":"info","message":"🎬 الفيديو عبر Cloudinary"}
{"level":"info","message":"✅ متصل بـ MongoDB"}
{"level":"info","message":"ℹ️ تم إزالة حقل username من المستندات"}
{"level":"info","message":"✅ تم حذف الفهرس القديم screenToken_1"}
{"level":"info","message":"✅ تم التأكد من وجود فهرس فريد على email"}
{"level":"info","message":"✅ تم إنشاء فهرس فريد لـ screenToken"}
{"level":"info","message":"ℹ️ لم يتم العثور على gifts.json، سيتم إنشاء الهدايا لاحقاً عبر API"}
{"level":"info","message":"🎛️ تم التبديل إلى البروفايل 1 للمستخدم captenblank1@gmail.com"}
{"level":"info","message":"♻️ تم تحديث الكاش للمستخدم 69c8442dff8e24bfd57a8772"}
{"level":"info","message":"⚠️ الحساب @ashura_1q ليس لايف حالياً للمستخدم 69c8447cff8e24bfd57a888b"}
{"level":"info","message":"⚠️ الحساب @ashura_1q ليس لايف حالياً للمستخدم 69c8447cff8e24bfd57a888b"}
{"level":"info","message":"⚠️ الحساب @ashura_1q ليس لايف حالياً للمستخدم 69c8447cff8e24bfd57a888b"}
{"level":"info","message":"✅ متصل بحساب @wardael3lmy للمستخدم 69c8447cff8e24bfd57a888b"}
{"level":"info","message":"✅ متصل بحساب @wardael3lmy للمستخدم 69c8447cff8e24bfd57a888b"}
{"level":"info","message":"✅ السيرفر يعمل على http://localhost:3000"}
{"level":"info","message":"🎵 الصوت عبر Cloudinary"}
{"level":"info","message":"🎬 الفيديو عبر Cloudinary"}
{"level":"info","message":"✅ متصل بـ MongoDB"}
{"level":"info","message":"ℹ️ تم إزالة حقل username من المستندات"}
{"level":"info","message":"✅ تم حذف الفهرس القديم screenToken_1"}
{"level":"info","message":"✅ تم التأكد من وجود فهرس فريد على email"}
{"level":"info","message":"✅ تم إنشاء فهرس فريد لـ screenToken"}
{"level":"info","message":"ℹ️ لم يتم العثور على gifts.json، سيتم إنشاء الهدايا لاحقاً عبر API"}
{"level":"info","message":"✅ السيرفر يعمل على http://localhost:3000"}
{"level":"info","message":"🎵 الصوت عبر Cloudinary"}
{"level":"info","message":"🎬 الفيديو عبر Cloudinary"}
{"level":"info","message":"✅ متصل بـ MongoDB"}
{"level":"info","message":"ℹ️ تم إزالة حقل username من المستندات"}
{"level":"info","message":"✅ تم حذف الفهرس القديم screenToken_1"}
{"level":"info","message":"✅ تم التأكد من وجود فهرس فريد على email"}
{"level":"info","message":"✅ تم إنشاء فهرس فريد لـ screenToken"}
{"level":"info","message":"ℹ️ لم يتم العثور على gifts.json، سيتم إنشاء الهدايا لاحقاً عبر API"}
{"level":"info","message":"⚠️ الحساب @wardael3lmy ليس لايف حالياً للمستخدم 69c8447cff8e24bfd57a888b"}
{"level":"info","message":"⚠️ الحساب @wardael3lmy ليس لايف حالياً للمستخدم 69c8447cff8e24bfd57a888b"}
{"level":"info","message":"⚠️ الحساب @wardael3lmy ليس لايف حالياً للمستخدم 69c8447cff8e24bfd57a888b"}
{"level":"info","message":"✅ السيرفر يعمل على http://localhost:3000"}
{"level":"info","message":"🎵 الصوت عبر Cloudinary"}
{"level":"info","message":"🎬 الفيديو عبر Cloudinary"}
{"level":"info","message":"✅ متصل بـ MongoDB"}
{"level":"info","message":"ℹ️ تم إزالة حقل username من المستندات"}
{"level":"info","message":"✅ تم حذف الفهرس القديم screenToken_1"}
{"level":"info","message":"✅ تم التأكد من وجود فهرس فريد على email"}
{"level":"info","message":"✅ تم إنشاء فهرس فريد لـ screenToken"}
{"level":"info","message":"ℹ️ لم يتم العثور على gifts.json، سيتم إنشاء الهدايا لاحقاً عبر API"}
{"level":"info","message":"⚠️ الحساب @wardael3lmy ليس لايف حالياً للمستخدم 69c8447cff8e24bfd57a888b"}
{"level":"info","message":"✅ السيرفر يعمل على http://localhost:3000"}
{"level":"info","message":"🎵 الصوت عبر Cloudinary"}
{"level":"info","message":"🎬 الفيديو عبر Cloudinary"}
{"level":"info","message":"✅ متصل بـ MongoDB"}
{"level":"info","message":"ℹ️ تم إزالة حقل username من المستندات"}
{"level":"info","message":"✅ تم حذف الفهرس القديم screenToken_1"}
{"level":"info","message":"✅ تم التأكد من وجود فهرس فريد على email"}
{"level":"info","message":"✅ تم إنشاء فهرس فريد لـ screenToken"}
{"level":"info","message":"ℹ️ لم يتم العثور على gifts.json، سيتم إنشاء الهدايا لاحقاً عبر API"}
{"level":"warn","message":"⚠️ فشل الاتصال بـ TikTok للمستخدم 69c8447cff8e24bfd57a888b: undefined"}
{"level":"info","message":"🔌 تم إنشاء اتصال WebSocket مع TikTok للمستخدم 69c8447cff8e24bfd57a888b (@54.zoro)"}
{"level":"warn","message":"⏱️ لم يتم استلام ROOM_UPDATE خلال 10 ثوانٍ للمستخدم 69c8447cff8e24bfd57a888b"}
{"level":"info","message":"✅ السيرفر يعمل على http://localhost:3000"}
{"level":"info","message":"🎵 الصوت عبر Cloudinary"}
{"level":"info","message":"🎬 الفيديو عبر Cloudinary"}
{"level":"info","message":"✅ متصل بـ MongoDB"}
{"level":"info","message":"ℹ️ تم إزالة حقل username من المستندات"}
{"level":"info","message":"✅ تم حذف الفهرس القديم screenToken_1"}
{"level":"info","message":"✅ تم التأكد من وجود فهرس فريد على email"}
{"level":"info","message":"✅ تم إنشاء فهرس فريد لـ screenToken"}
{"level":"info","message":"ℹ️ لم يتم العثور على gifts.json، سيتم إنشاء الهدايا لاحقاً عبر API"}
{"level":"info","message":"✅ السيرفر يعمل على http://localhost:3000"}
{"level":"info","message":"🎵 الصوت عبر Cloudinary"}
{"level":"info","message":"🎬 الفيديو عبر Cloudinary"}
{"level":"info","message":"✅ متصل بـ MongoDB"}
{"level":"info","message":"ℹ️ تم إزالة حقل username من المستندات"}
{"level":"info","message":"✅ تم حذف الفهرس القديم screenToken_1"}
{"level":"info","message":"✅ تم التأكد من وجود فهرس فريد على email"}
{"level":"info","message":"✅ تم إنشاء فهرس فريد لـ screenToken"}
{"level":"info","message":"ℹ️ لم يتم العثور على gifts.json، سيتم إنشاء الهدايا لاحقاً عبر API"}
{"level":"info","message":"✅ متصل بحساب @54.zoro للمستخدم 69c8447cff8e24bfd57a888b"}
{"level":"info","message":"✅ السيرفر يعمل على http://localhost:3000"}
{"level":"info","message":"🎵 الصوت عبر Cloudinary"}
{"level":"info","message":"🎬 الفيديو عبر Cloudinary"}
{"level":"info","message":"✅ متصل بـ MongoDB"}
{"level":"info","message":"ℹ️ تم إزالة حقل username من المستندات"}
{"level":"info","message":"✅ تم حذف الفهرس القديم screenToken_1"}
{"level":"info","message":"✅ تم التأكد من وجود فهرس فريد على email"}
{"level":"info","message":"✅ تم إنشاء فهرس فريد لـ screenToken"}
{"level":"info","message":"ℹ️ لم يتم العثور على gifts.json، سيتم إنشاء الهدايا لاحقاً عبر API"}
{"level":"info","message":"✅ السيرفر يعمل على http://localhost:3000"}
{"level":"info","message":"🎵 الصوت عبر Cloudinary"}
{"level":"info","message":"🎬 الفيديو عبر Cloudinary"}
{"level":"info","message":"✅ متصل بـ MongoDB"}
{"level":"info","message":"ℹ️ تم إزالة حقل username من المستندات"}
{"level":"info","message":"✅ تم حذف الفهرس القديم screenToken_1"}
{"level":"info","message":"✅ تم التأكد من وجود فهرس فريد على email"}
{"level":"info","message":"✅ تم إنشاء فهرس فريد لـ screenToken"}
{"level":"info","message":"ℹ️ لم يتم العثور على gifts.json، سيتم إنشاء الهدايا لاحقاً عبر API"}
{"level":"info","message":"✅ متصل بحساب @54.zoro للمستخدم 69c8447cff8e24bfd57a888b"}
{"level":"info","message":"📌 تم قطع اتصال TikTok للمستخدم 69c8447cff8e24bfd57a888b"}
{"level":"info","message":"✅ متصل بحساب @54.zoro للمستخدم 69c8447cff8e24bfd57a888b"}
{"level":"info","message":"📌 تم قطع اتصال TikTok للمستخدم 69c8447cff8e24bfd57a888b"}
{"level":"info","message":"✅ السيرفر يعمل على http://localhost:3000"}
{"level":"info","message":"🎵 الصوت عبر Cloudinary"}
{"level":"info","message":"🎬 الفيديو عبر Cloudinary"}
{"level":"info","message":"✅ متصل بـ MongoDB"}
{"level":"info","message":"ℹ️ تم إزالة حقل username من المستندات"}
{"level":"info","message":"✅ تم حذف الفهرس القديم screenToken_1"}
{"level":"info","message":"✅ تم التأكد من وجود فهرس فريد على email"}
{"level":"info","message":"✅ تم إنشاء فهرس فريد لـ screenToken"}
{"level":"info","message":"ℹ️ لم يتم العثور على gifts.json، سيتم إنشاء الهدايا لاحقاً عبر API"}
{"level":"info","message":"✅ متصل بحساب @54.zoro للمستخدم 69c8447cff8e24bfd57a888b"}
{"level":"info","message":"📌 تم قطع اتصال TikTok للمستخدم 69c8447cff8e24bfd57a888b"}
{"level":"info","message":"✅ متصل بحساب @54.zoro للمستخدم 69c8447cff8e24bfd57a888b"}
{"level":"info","message":"📌 تم قطع اتصال TikTok للمستخدم 69c8447cff8e24bfd57a888b"}
{"level":"info","message":"✅ السيرفر يعمل على http://localhost:3000"}
{"level":"info","message":"✅ السيرفر يعمل على http://localhost:3000"}
{"level":"info","message":"🎵 الصوت عبر Cloudinary"}
{"level":"info","message":"🎬 الفيديو عبر Cloudinary"}
{"level":"info","message":"✅ متصل بـ MongoDB"}
{"level":"info","message":"ℹ️ تم إزالة حقل username من المستندات"}
{"level":"info","message":"✅ تم حذف الفهرس القديم screenToken_1"}
{"level":"info","message":"✅ تم التأكد من وجود فهرس فريد على email"}
{"level":"info","message":"✅ تم إنشاء فهرس فريد لـ screenToken"}
{"level":"info","message":"ℹ️ لم يتم العثور على gifts.json، سيتم إنشاء الهدايا لاحقاً عبر API"}
{"level":"info","message":"✅ متصل بحساب @54.zoro للمستخدم 69c8447cff8e24bfd57a888b"}
{"level":"info","message":"📌 تم قطع اتصال TikTok للمستخدم 69c8447cff8e24bfd57a888b"}
{"level":"info","message":"✅ السيرفر يعمل على http://localhost:3000"}
{"level":"info","message":"🎵 الصوت عبر Cloudinary"}
{"level":"info","message":"🎬 الفيديو عبر Cloudinary"}
{"level":"info","message":"✅ متصل بـ MongoDB"}
{"level":"info","message":"ℹ️ تم إزالة حقل username من المستندات"}
{"level":"info","message":"✅ تم حذف الفهرس القديم screenToken_1"}
{"level":"info","message":"✅ تم التأكد من وجود فهرس فريد على email"}
{"level":"info","message":"✅ تم إنشاء فهرس فريد لـ screenToken"}
{"level":"info","message":"ℹ️ لم يتم العثور على gifts.json، سيتم إنشاء الهدايا لاحقاً عبر API"}
{"level":"info","message":"⚠️ الحساب @kiynk03 ليس لايف حالياً للمستخدم 69c8442dff8e24bfd57a8772"}
{"level":"info","message":"✅ السيرفر يعمل على http://localhost:3000"}
{"level":"info","message":"🎵 الصوت عبر Cloudinary"}
{"level":"info","message":"🎬 الفيديو عبر Cloudinary"}
{"level":"info","message":"✅ متصل بـ MongoDB"}
{"level":"info","message":"ℹ️ تم إزالة حقل username من المستندات"}
{"level":"info","message":"✅ تم حذف الفهرس القديم screenToken_1"}
{"level":"info","message":"✅ تم التأكد من وجود فهرس فريد على email"}
{"level":"info","message":"✅ تم إنشاء فهرس فريد لـ screenToken"}
{"level":"info","message":"ℹ️ لم يتم العثور على gifts.json، سيتم إنشاء الهدايا لاحقاً عبر API"}
{"level":"info","message":"✅ السيرفر يعمل على http://localhost:3000"}
{"level":"info","message":"🎵 الصوت عبر Cloudinary"}
{"level":"info","message":"🎬 الفيديو عبر Cloudinary"}
{"level":"info","message":"✅ متصل بـ MongoDB"}
{"level":"info","message":"ℹ️ تم إزالة حقل username من المستندات"}
{"level":"info","message":"✅ تم حذف الفهرس القديم screenToken_1"}
{"level":"info","message":"✅ تم التأكد من وجود فهرس فريد على email"}
{"level":"info","message":"✅ تم إنشاء فهرس فريد لـ screenToken"}
{"level":"info","message":"ℹ️ لم يتم العثور على gifts.json، سيتم إنشاء الهدايا لاحقاً عبر API"}
{"level":"info","message":"♻️ تم تحديث الكاش للمستخدم 69c8442dff8e24bfd57a8772"}
{"level":"info","message":"♻️ تم تحديث الكاش للمستخدم 69c8442dff8e24bfd57a8772"}
{"level":"info","message":"⚠️ الحساب @kiynk03 ليس لايف حالياً للمستخدم 69c8442dff8e24bfd57a8772"}
{"level":"info","message":"✅ متصل بحساب @alpraz_xmg للمستخدم 69c8442dff8e24bfd57a8772"}
{"level":"info","message":"♻️ تم تحديث الكاش للمستخدم 69c8442dff8e24bfd57a8772"}
{"level":"info","message":"📌 تم قطع اتصال TikTok للمستخدم 69c8442dff8e24bfd57a8772"}
{"level":"info","message":"✅ متصل بحساب @garibalawaran99 للمستخدم 69c8442dff8e24bfd57a8772"}
{"level":"info","message":"✅ تم رفع الصوت إلى Cloudinary: https://res.cloudinary.com/dm9ixdpzz/raw/upload/v1774927886/blackmoon_audio/ssstik-io-1771529638623-1774927814761"}
{"level":"info","message":"♻️ تم تحديث الكاش للمستخدم 69c8442dff8e24bfd57a8772"}
{"level":"info","message":"🔊 تم إرسال أمر تشغيل الصوت https://res.cloudinary.com/dm9ixdpzz/raw/upload/v1774927886/blackmoon_audio/ssstik-io-1771529638623-1774927814761 إلى غرفة user-69c8442dff8e24bfd57a8772"}
{"level":"info","message":"🔊 تم إرسال أمر تشغيل الصوت https://res.cloudinary.com/dm9ixdpzz/raw/upload/v1774927886/blackmoon_audio/ssstik-io-1771529638623-1774927814761 إلى غرفة user-69c8442dff8e24bfd57a8772"}
{"level":"info","message":"🔊 تم إرسال أمر تشغيل الصوت https://res.cloudinary.com/dm9ixdpzz/raw/upload/v1774927886/blackmoon_audio/ssstik-io-1771529638623-1774927814761 إلى غرفة user-69c8442dff8e24bfd57a8772"}
{"level":"info","message":"📌 تم قطع اتصال TikTok للمستخدم 69c8442dff8e24bfd57a8772"}
{"level":"info","message":"✅ متصل بحساب @garibalawaran99 للمستخدم 69c8442dff8e24bfd57a8772"}
{"level":"info","message":"🔊 تم إرسال أمر تشغيل الصوت https://res.cloudinary.com/dm9ixdpzz/raw/upload/v1774927886/blackmoon_audio/ssstik-io-1771529638623-1774927814761 إلى غرفة user-69c8442dff8e24bfd57a8772"}
{"level":"info","message":"🔊 تم إرسال أمر تشغيل الصوت https://res.cloudinary.com/dm9ixdpzz/raw/upload/v1774927886/blackmoon_audio/ssstik-io-1771529638623-1774927814761 إلى غرفة user-69c8442dff8e24bfd57a8772"}
{"level":"info","message":"🔊 تم إرسال أمر تشغيل الصوت https://res.cloudinary.com/dm9ixdpzz/raw/upload/v1774927886/blackmoon_audio/ssstik-io-1771529638623-1774927814761 إلى غرفة user-69c8442dff8e24bfd57a8772"}
{"level":"info","message":"🔊 تم إرسال أمر تشغيل الصوت https://res.cloudinary.com/dm9ixdpzz/raw/upload/v1774927886/blackmoon_audio/ssstik-io-1771529638623-1774927814761 إلى غرفة user-69c8442dff8e24bfd57a8772"}
{"level":"info","message":"🔊 تم إرسال أمر تشغيل الصوت https://res.cloudinary.com/dm9ixdpzz/raw/upload/v1774927886/blackmoon_audio/ssstik-io-1771529638623-1774927814761 إلى غرفة user-69c8442dff8e24bfd57a8772"}
{"level":"info","message":"🔊 تم إرسال أمر تشغيل الصوت https://res.cloudinary.com/dm9ixdpzz/raw/upload/v1774927886/blackmoon_audio/ssstik-io-1771529638623-1774927814761 إلى غرفة user-69c8442dff8e24bfd57a8772"}
{"level":"info","message":"🔊 تم إرسال أمر تشغيل الصوت https://res.cloudinary.com/dm9ixdpzz/raw/upload/v1774927886/blackmoon_audio/ssstik-io-1771529638623-1774927814761 إلى غرفة user-69c8442dff8e24bfd57a8772"}
{"level":"info","message":"✅ السيرفر يعمل على http://localhost:3000"}
{"level":"info","message":"🎵 الصوت عبر Cloudinary"}
{"level":"info","message":"🎬 الفيديو عبر Cloudinary"}
{"level":"info","message":"✅ متصل بـ MongoDB"}
{"level":"info","message":"ℹ️ تم إزالة حقل username من المستندات"}
{"level":"info","message":"✅ تم حذف الفهرس القديم screenToken_1"}
{"level":"info","message":"✅ تم التأكد من وجود فهرس فريد على email"}
{"level":"info","message":"✅ تم إنشاء فهرس فريد لـ screenToken"}
{"level":"info","message":"ℹ️ لم يتم العثور على gifts.json، سيتم إنشاء الهدايا لاحقاً عبر API"}
{"level":"info","message":"✅ السيرفر يعمل على http://localhost:3000"}
{"level":"info","message":"🎵 الصوت عبر Cloudinary"}
{"level":"info","message":"🎬 الفيديو عبر Cloudinary"}
{"level":"info","message":"✅ متصل بـ MongoDB"}
{"level":"info","message":"ℹ️ تم إزالة حقل username من المستندات"}
{"level":"info","message":"✅ تم حذف الفهرس القديم screenToken_1"}
{"level":"info","message":"✅ تم التأكد من وجود فهرس فريد على email"}
{"level":"info","message":"✅ تم إنشاء فهرس فريد لـ screenToken"}
{"level":"info","message":"ℹ️ لم يتم العثور على gifts.json، سيتم إنشاء الهدايا لاحقاً عبر API"}
{"level":"info","message":"✅ السيرفر يعمل على http://localhost:3000"}
{"level":"info","message":"🎵 الصوت عبر Cloudinary"}
{"level":"info","message":"🎬 الفيديو عبر Cloudinary"}
{"level":"info","message":"✅ متصل بـ MongoDB"}
{"level":"info","message":"ℹ️ تم إزالة حقل username من المستندات"}
{"level":"info","message":"✅ تم حذف الفهرس القديم screenToken_1"}
{"level":"info","message":"✅ تم التأكد من وجود فهرس فريد على email"}
{"level":"info","message":"✅ تم إنشاء فهرس فريد لـ screenToken"}
{"level":"info","message":"ℹ️ لم يتم العثور على gifts.json، سيتم إنشاء الهدايا لاحقاً عبر API"}
{"level":"info","message":"✅ السيرفر يعمل على http://localhost:3000"}
{"level":"info","message":"🎵 الصوت عبر Cloudinary"}
{"level":"info","message":"🎬 الفيديو عبر Cloudinary"}
{"level":"info","message":"✅ متصل بـ MongoDB"}
{"level":"info","message":"ℹ️ تم إزالة حقل username من المستندات"}
{"level":"info","message":"✅ تم حذف الفهرس القديم screenToken_1"}
{"level":"info","message":"✅ تم التأكد من وجود فهرس فريد على email"}
{"level":"info","message":"✅ تم إنشاء فهرس فريد لـ screenToken"}
{"level":"info","message":"ℹ️ لم يتم العثور على gifts.json، سيتم إنشاء الهدايا لاحقاً عبر API"}
{"level":"info","message":"✅ السيرفر يعمل على http://localhost:3000"}
{"level":"info","message":"🎵 الصوت عبر Cloudinary"}
{"level":"info","message":"🎬 الفيديو عبر Cloudinary"}
{"level":"info","message":"✅ متصل بـ MongoDB"}
{"level":"info","message":"ℹ️ تم إزالة حقل username من المستندات"}
{"level":"info","message":"✅ تم حذف الفهرس القديم screenToken_1"}
{"level":"info","message":"✅ تم التأكد من وجود فهرس فريد على email"}
{"level":"info","message":"✅ تم إنشاء فهرس فريد لـ screenToken"}
{"level":"info","message":"ℹ️ لم يتم العثور على gifts.json، سيتم إنشاء الهدايا لاحقاً عبر API"}
{"level":"info","message":"✅ السيرفر يعمل على http://localhost:3000"}
{"level":"info","message":"🎵 الصوت عبر Cloudinary"}
{"level":"info","message":"🎬 الفيديو عبر Cloudinary"}
{"level":"info","message":"✅ متصل بـ MongoDB"}
{"level":"info","message":"ℹ️ تم إزالة حقل username من المستندات"}
{"level":"info","message":"✅ تم حذف الفهرس القديم screenToken_1"}
{"level":"info","message":"✅ تم التأكد من وجود فهرس فريد على email"}
{"level":"info","message":"✅ تم إنشاء فهرس فريد لـ screenToken"}
{"level":"info","message":"ℹ️ لم يتم العثور على gifts.json، سيتم إنشاء الهدايا لاحقاً عبر API"}
{"level":"info","message":"✅ السيرفر يعمل على http://localhost:3000"}
{"level":"info","message":"🎵 الصوت عبر Cloudinary"}
{"level":"info","message":"🎬 الفيديو عبر Cloudinary"}
{"level":"info","message":"✅ متصل بـ MongoDB"}
{"level":"info","message":"ℹ️ تم إزالة حقل username من المستندات"}
{"level":"info","message":"✅ تم حذف الفهرس القديم screenToken_1"}
{"level":"info","message":"✅ تم التأكد من وجود فهرس فريد على email"}
{"level":"info","message":"✅ تم إنشاء فهرس فريد لـ screenToken"}
{"level":"info","message":"ℹ️ لم يتم العثور على gifts.json، سيتم إنشاء الهدايا لاحقاً عبر API"}
{"level":"info","message":"Checking expired subscriptions..."}
{"level":"info","message":"✅ السيرفر يعمل على http://localhost:3000"}
{"level":"info","message":"🎵 الصوت عبر Cloudinary"}
{"level":"info","message":"🎬 الفيديو عبر Cloudinary"}
{"level":"info","message":"✅ متصل بـ MongoDB"}
{"level":"info","message":"ℹ️ تم إزالة حقل username من المستندات"}
{"level":"info","message":"✅ تم حذف الفهرس القديم screenToken_1"}
{"level":"info","message":"✅ تم التأكد من وجود فهرس فريد على email"}
{"level":"info","message":"✅ تم إنشاء فهرس فريد لـ screenToken"}
{"level":"info","message":"ℹ️ لم يتم العثور على gifts.json، سيتم إنشاء الهدايا لاحقاً عبر API"}
{"level":"info","message":"✅ السيرفر يعمل على http://localhost:3000"}
{"level":"info","message":"🎵 الصوت عبر Cloudinary"}
{"level":"info","message":"🎬 الفيديو عبر Cloudinary"}
{"level":"info","message":"✅ متصل بـ MongoDB"}
{"level":"info","message":"ℹ️ تم إزالة حقل username من المستندات"}
{"level":"info","message":"✅ تم حذف الفهرس القديم screenToken_1"}
{"level":"info","message":"✅ تم التأكد من وجود فهرس فريد على email"}
{"level":"info","message":"✅ تم إنشاء فهرس فريد لـ screenToken"}
{"level":"info","message":"ℹ️ لم يتم العثور على gifts.json، سيتم إنشاء الهدايا لاحقاً عبر API"}
{"level":"info","message":"✅ السيرفر يعمل على http://localhost:3000"}
{"level":"info","message":"🎵 الصوت عبر Cloudinary"}
{"level":"info","message":"🎬 الفيديو عبر Cloudinary"}
{"level":"info","message":"✅ متصل بـ MongoDB"}
{"level":"info","message":"ℹ️ تم إزالة حقل username من المستندات"}
{"level":"info","message":"✅ تم حذف الفهرس القديم screenToken_1"}
{"level":"info","message":"✅ تم التأكد من وجود فهرس فريد على email"}
{"level":"info","message":"✅ تم إنشاء فهرس فريد لـ screenToken"}
{"level":"info","message":"ℹ️ لم يتم العثور على gifts.json، سيتم إنشاء الهدايا لاحقاً عبر API"}
{"level":"info","message":"✅ السيرفر يعمل على http://localhost:3000"}
{"level":"info","message":"🎵 الصوت عبر Cloudinary"}
{"level":"info","message":"🎬 الفيديو عبر Cloudinary"}
{"level":"info","message":"✅ متصل بـ MongoDB"}
{"level":"info","message":"ℹ️ تم إزالة حقل username من المستندات"}
{"level":"info","message":"✅ تم حذف الفهرس القديم screenToken_1"}
{"level":"info","message":"✅ تم التأكد من وجود فهرس فريد على email"}
{"level":"info","message":"✅ تم إنشاء فهرس فريد لـ screenToken"}
{"level":"info","message":"ℹ️ لم يتم العثور على gifts.json، سيتم إنشاء الهدايا لاحقاً عبر API"}
{"level":"info","message":"✅ السيرفر يعمل على http://localhost:3000"}
{"level":"info","message":"🎵 الصوت عبر Cloudinary"}
{"level":"info","message":"🎬 الفيديو عبر Cloudinary"}
{"level":"info","message":"✅ متصل بـ MongoDB"}
{"level":"info","message":"ℹ️ تم إزالة حقل username من المستندات"}
{"level":"info","message":"✅ تم حذف الفهرس القديم screenToken_1"}
{"level":"info","message":"✅ تم التأكد من وجود فهرس فريد على email"}
{"level":"info","message":"✅ تم إنشاء فهرس فريد لـ screenToken"}
{"level":"info","message":"ℹ️ لم يتم العثور على gifts.json، سيتم إنشاء الهدايا لاحقاً عبر API"}
{"level":"info","message":"Checking expired subscriptions..."}
{"level":"info","message":"Checking expired subscriptions..."}
{"level":"info","message":"Checking expired subscriptions..."}
{"level":"info","message":"Checking expired subscriptions..."}
{"level":"info","message":"Checking expired subscriptions..."}
{"level":"info","message":"Checking expired subscriptions..."}
{"level":"info","message":"Checking expired subscriptions..."}
{"level":"info","message":"✅ السيرفر يعمل على http://localhost:3000"}
{"level":"info","message":"🎵 الصوت عبر Cloudinary"}
{"level":"info","message":"🎬 الفيديو عبر Cloudinary"}
{"level":"info","message":"✅ متصل بـ MongoDB"}
{"level":"info","message":"ℹ️ تم إزالة حقل username من المستندات"}
{"level":"info","message":"✅ تم حذف الفهرس القديم screenToken_1"}
{"level":"info","message":"✅ تم التأكد من وجود فهرس فريد على email"}
{"level":"info","message":"✅ تم إنشاء فهرس فريد لـ screenToken"}
{"level":"info","message":"ℹ️ لم يتم العثور على gifts.json، سيتم إنشاء الهدايا لاحقاً عبر API"}
{"level":"info","message":"✅ السيرفر يعمل على http://localhost:3000"}
{"level":"info","message":"🎵 الصوت عبر Cloudinary"}
{"level":"info","message":"🎬 الفيديو عبر Cloudinary"}
{"level":"info","message":"✅ متصل بـ MongoDB"}
{"level":"info","message":"ℹ️ تم إزالة حقل username من المستندات"}
{"level":"info","message":"✅ تم حذف الفهرس القديم screenToken_1"}
{"level":"info","message":"✅ تم التأكد من وجود فهرس فريد على email"}
{"level":"info","message":"✅ تم إنشاء فهرس فريد لـ screenToken"}
{"level":"info","message":"ℹ️ لم يتم العثور على gifts.json، سيتم إنشاء الهدايا لاحقاً عبر API"}
{"level":"info","message":"Checking expired subscriptions..."}
{"level":"info","message":"♻️ تم تحديث الكاش للمستخدم 69c8442dff8e24bfd57a8772"}
{"level":"info","message":"♻️ تم تحديث الكاش للمستخدم 69c8442dff8e24bfd57a8772"}
{"level":"info","message":"♻️ تم تحديث الكاش للمستخدم 69c8442dff8e24bfd57a8772"}
{"level":"info","message":"✅ السيرفر يعمل على http://localhost:3000"}
{"level":"info","message":"🎵 الصوت عبر Cloudinary"}
{"level":"info","message":"🎬 الفيديو عبر Cloudinary"}
{"level":"info","message":"✅ متصل بـ MongoDB"}
{"level":"info","message":"ℹ️ تم إزالة حقل username من المستندات"}
{"level":"info","message":"✅ تم حذف الفهرس القديم screenToken_1"}
{"level":"info","message":"✅ تم التأكد من وجود فهرس فريد على email"}
{"level":"warn","message":"⚠️ فشل إنشاء فهارس:"}
{"level":"info","message":"ℹ️ لم يتم العثور على gifts.json، سيتم إنشاء الهدايا لاحقاً عبر API"}
{"level":"info","message":"♻️ تم تحديث الكاش للمستخدم 69c8442dff8e24bfd57a8772"}
{"level":"info","message":"Checking expired subscriptions..."}
{"level":"info","message":"✅ السيرفر يعمل على http://localhost:3000"}
{"level":"info","message":"🎵 الصوت عبر Cloudinary"}
{"level":"info","message":"🎬 الفيديو عبر Cloudinary"}
{"level":"info","message":"✅ متصل بـ MongoDB"}
{"level":"info","message":"ℹ️ تم إزالة حقل username من المستندات"}
{"level":"info","message":"✅ تم التأكد من وجود فهرس فريد على email"}
{"level":"warn","message":"⚠️ فشل إنشاء فهارس:"}
{"level":"info","message":"ℹ️ لم يتم العثور على gifts.json، سيتم إنشاء الهدايا لاحقاً عبر API"}
{"level":"info","message":"✅ السيرفر يعمل على http://localhost:3000"}
{"level":"info","message":"🎵 الصوت عبر Cloudinary"}
{"level":"info","message":"🎬 الفيديو عبر Cloudinary"}
{"level":"info","message":"✅ متصل بـ MongoDB"}
{"level":"info","message":"ℹ️ تم إزالة حقل username من المستندات"}
{"level":"info","message":"✅ تم التأكد من وجود فهرس فريد على email"}
{"level":"warn","message":"⚠️ فشل إنشاء فهارس:"}
{"level":"info","message":"ℹ️ لم يتم العثور على gifts.json، سيتم إنشاء الهدايا لاحقاً عبر API"}
{"level":"info","message":"✅ السيرفر يعمل على http://localhost:3000"}
{"level":"info","message":"🎵 الصوت عبر Cloudinary"}
{"level":"info","message":"🎬 الفيديو عبر Cloudinary"}
{"level":"info","message":"✅ متصل بـ MongoDB"}
{"level":"info","message":"ℹ️ تم إزالة حقل username من المستندات"}
{"level":"info","message":"✅ تم التأكد من وجود فهرس فريد على email"}
{"level":"warn","message":"⚠️ فشل إنشاء فهارس:"}
{"level":"info","message":"ℹ️ لم يتم العثور على gifts.json، سيتم إنشاء الهدايا لاحقاً عبر API"}
{"level":"info","message":"✅ السيرفر يعمل على http://localhost:3000"}
{"level":"info","message":"🎵 الصوت عبر Cloudinary"}
{"level":"info","message":"🎬 الفيديو عبر Cloudinary"}
{"level":"info","message":"✅ متصل بـ MongoDB"}
{"level":"info","message":"ℹ️ تم إزالة حقل username من المستندات"}
{"level":"info","message":"✅ تم التأكد من وجود فهرس فريد على email"}
{"level":"warn","message":"⚠️ فشل إنشاء فهارس:"}
{"level":"info","message":"ℹ️ لم يتم العثور على gifts.json، سيتم إنشاء الهدايا لاحقاً عبر API"}
{"level":"info","message":"✅ السيرفر يعمل على http://localhost:3000"}
{"level":"info","message":"🎵 الصوت عبر Cloudinary"}
{"level":"info","message":"🎬 الفيديو عبر Cloudinary"}
{"level":"info","message":"✅ متصل بـ MongoDB"}
{"level":"info","message":"ℹ️ تم إزالة حقل username من المستندات"}
{"level":"info","message":"✅ تم التأكد من وجود فهرس فريد على email"}
{"level":"warn","message":"⚠️ فشل إنشاء فهارس:"}
{"level":"info","message":"ℹ️ لم يتم العثور على gifts.json، سيتم إنشاء الهدايا لاحقاً عبر API"}
{"level":"info","message":"♻️ تم تحديث الكاش للمستخدم 69c8442dff8e24bfd57a8772"}
{"level":"info","message":"♻️ تم تحديث الكاش للمستخدم 69c8442dff8e24bfd57a8772"}
{"level":"info","message":"♻️ تم تحديث الكاش للمستخدم 69c8442dff8e24bfd57a8772"}
{"level":"info","message":"✅ السيرفر يعمل على http://localhost:3000"}
{"level":"info","message":"🎵 الصوت عبر Cloudinary"}
{"level":"info","message":"🎬 الفيديو عبر Cloudinary"}
{"level":"info","message":"✅ متصل بـ MongoDB"}
{"level":"info","message":"ℹ️ تم إزالة حقل username من المستندات"}
{"level":"info","message":"✅ تم حذف الفهرس القديم screenToken_1"}
{"level":"info","message":"✅ تم التأكد من وجود فهرس فريد على email"}
{"level":"info","message":"✅ تم إنشاء فهرس فريد لـ screenToken"}
{"level":"info","message":"ℹ️ لم يتم العثور على gifts.json، سيتم إنشاء الهدايا لاحقاً عبر API"}
{"level":"info","message":"✅ السيرفر يعمل على http://localhost:3000"}
{"level":"info","message":"🎵 الصوت عبر Cloudinary"}
{"level":"info","message":"🎬 الفيديو عبر Cloudinary"}
{"level":"info","message":"✅ متصل بـ MongoDB"}
{"level":"info","message":"ℹ️ تم إزالة حقل username من المستندات"}
{"level":"info","message":"✅ تم حذف الفهرس القديم screenToken_1"}
{"level":"info","message":"✅ تم التأكد من وجود فهرس فريد على email"}
{"level":"info","message":"✅ تم إنشاء فهرس فريد لـ screenToken"}
{"level":"info","message":"ℹ️ لم يتم العثور على gifts.json، سيتم إنشاء الهدايا لاحقاً عبر API"}
{"level":"info","message":"♻️ تم تحديث الكاش للمستخدم 69c8442dff8e24bfd57a8772"}
{"level":"info","message":"✅ السيرفر يعمل على http://localhost:3000"}
{"level":"info","message":"🎵 الصوت عبر Cloudinary"}
{"level":"info","message":"🎬 الفيديو عبر Cloudinary"}
{"level":"info","message":"✅ متصل بـ MongoDB"}
{"level":"info","message":"ℹ️ تم إزالة حقل username من المستندات"}
{"level":"info","message":"✅ تم حذف الفهرس القديم screenToken_1"}
{"level":"info","message":"✅ تم التأكد من وجود فهرس فريد على email"}
{"level":"info","message":"✅ تم إنشاء فهرس فريد لـ screenToken"}
{"level":"info","message":"ℹ️ لم يتم العثور على gifts.json، سيتم إنشاء الهدايا لاحقاً عبر API"}
{"level":"info","message":"♻️ تم تحديث الكاش للمستخدم 69c8442dff8e24bfd57a8772"}
{"level":"info","message":"♻️ تم تحديث الكاش للمستخدم 69c8442dff8e24bfd57a8772"}
{"level":"info","message":"♻️ تم تحديث الكاش للمستخدم 69c8442dff8e24bfd57a8772"}
{"level":"info","message":"♻️ تم تحديث الكاش للمستخدم 69c8442dff8e24bfd57a8772"}
{"level":"info","message":"♻️ تم تحديث الكاش للمستخدم 69c8442dff8e24bfd57a8772"}
{"level":"info","message":"♻️ تم تحديث الكاش للمستخدم 69c8442dff8e24bfd57a8772"}
{"level":"info","message":"♻️ تم تحديث الكاش للمستخدم 69c8442dff8e24bfd57a8772"}
{"level":"info","message":"♻️ تم تحديث الكاش للمستخدم 69c8442dff8e24bfd57a8772"}
{"level":"info","message":"✅ السيرفر يعمل على http://localhost:3000"}
{"level":"info","message":"🎵 الصوت عبر Cloudinary"}
{"level":"info","message":"🎬 الفيديو عبر Cloudinary"}
{"level":"info","message":"✅ متصل بـ MongoDB"}
{"level":"info","message":"ℹ️ تم إزالة حقل username من المستندات"}
{"level":"info","message":"✅ تم حذف الفهرس القديم screenToken_1"}
{"level":"info","message":"✅ تم التأكد من وجود فهرس فريد على email"}
{"level":"info","message":"✅ تم إنشاء فهرس فريد لـ screenToken"}
{"level":"info","message":"ℹ️ لم يتم العثور على gifts.json، سيتم إنشاء الهدايا لاحقاً عبر API"}
{"level":"info","message":"♻️ تم تحديث الكاش للمستخدم 69c8442dff8e24bfd57a8772"}
{"level":"info","message":"♻️ تم تحديث الكاش للمستخدم 69c8442dff8e24bfd57a8772"}
{"level":"info","message":"♻️ تم تحديث الكاش للمستخدم 69c8442dff8e24bfd57a8772"}
{"level":"info","message":"♻️ تم تحديث الكاش للمستخدم 69c8442dff8e24bfd57a8772"}
{"level":"info","message":"Checking expired subscriptions..."}
{"level":"info","message":"✅ السيرفر يعمل على http://localhost:3000"}
{"level":"info","message":"🎵 الصوت عبر Cloudinary"}
{"level":"info","message":"🎬 الفيديو عبر Cloudinary"}
{"level":"info","message":"✅ متصل بـ MongoDB"}
{"level":"info","message":"ℹ️ تم إزالة حقل username من المستندات"}
{"level":"info","message":"✅ تم حذف الفهرس القديم screenToken_1"}
{"level":"info","message":"✅ تم التأكد من وجود فهرس فريد على email"}
{"level":"info","message":"✅ تم إنشاء فهرس فريد لـ screenToken"}
{"level":"info","message":"ℹ️ لم يتم العثور على gifts.json، سيتم إنشاء الهدايا لاحقاً عبر API"}
{"level":"info","message":"♻️ تم تحديث الكاش للمستخدم 69c8442dff8e24bfd57a8772"}
{"level":"info","message":"♻️ تم تحديث الكاش للمستخدم 69c8442dff8e24bfd57a8772"}
{"level":"info","message":"♻️ تم تحديث الكاش للمستخدم 69c8442dff8e24bfd57a8772"}
{"level":"info","message":"♻️ تم تحديث الكاش للمستخدم 69c8442dff8e24bfd57a8772"}
{"level":"info","message":"✅ السيرفر يعمل على http://localhost:3000"}
{"level":"info","message":"🎵 الصوت عبر Cloudinary"}
{"level":"info","message":"🎬 الفيديو عبر Cloudinary"}
{"level":"info","message":"✅ متصل بـ MongoDB"}
{"level":"info","message":"ℹ️ تم إزالة حقل username من المستندات"}
{"level":"info","message":"✅ تم حذف الفهرس القديم screenToken_1"}
{"level":"info","message":"✅ تم التأكد من وجود فهرس فريد على email"}
{"level":"info","message":"✅ تم إنشاء فهرس فريد لـ screenToken"}
{"level":"info","message":"ℹ️ لم يتم العثور على gifts.json، سيتم إنشاء الهدايا لاحقاً عبر API"}
{"level":"info","message":"♻️ تم تحديث الكاش للمستخدم 69c8442dff8e24bfd57a8772"}
{"level":"info","message":"♻️ تم تحديث الكاش للمستخدم 69c8442dff8e24bfd57a8772"}
{"level":"info","message":"♻️ تم تحديث الكاش للمستخدم 69c8442dff8e24bfd57a8772"}
{"level":"info","message":"⏳ انتظار 2000 مللي ثانية قبل التنفيذ..."}
{"level":"info","message":"♻️ تم تحديث الكاش للمستخدم 69c8442dff8e24bfd57a8772"}
{"level":"info","message":"⏳ انتظار 2000 مللي ثانية قبل التنفيذ..."}
{"level":"info","message":"✅ السيرفر يعمل على http://localhost:3000"}
{"level":"info","message":"🎵 الصوت عبر Cloudinary"}
{"level":"info","message":"🎬 الفيديو عبر Cloudinary"}
{"level":"info","message":"🖥️ دعم العميل المحلي لتنفيذ الكيبورد الحقيقي عبر /agent"}
{"level":"info","message":"✅ متصل بـ MongoDB"}
{"level":"info","message":"ℹ️ تم إزالة حقل username من المستندات"}
{"level":"info","message":"✅ تم حذف الفهرس القديم screenToken_1"}
{"level":"info","message":"✅ تم التأكد من وجود فهرس فريد على email"}
{"level":"info","message":"✅ تم إنشاء فهرس فريد لـ screenToken"}
{"level":"info","message":"ℹ️ لم يتم العثور على gifts.json، سيتم إنشاء الهدايا لاحقاً عبر API"}
{"level":"info","message":"✅ السيرفر يعمل على http://localhost:3000"}
{"level":"info","message":"🎵 الصوت عبر Cloudinary"}
{"level":"info","message":"🎬 الفيديو عبر Cloudinary"}
{"level":"info","message":"🖥️ دعم العميل المحلي لتنفيذ الكيبورد الحقيقي عبر /agent"}
{"level":"info","message":"✅ متصل بـ MongoDB"}
{"level":"info","message":"ℹ️ تم إزالة حقل username من المستندات"}
{"level":"info","message":"✅ تم حذف الفهرس القديم screenToken_1"}
{"level":"info","message":"✅ تم التأكد من وجود فهرس فريد على email"}
{"level":"info","message":"✅ تم إنشاء فهرس فريد لـ screenToken"}
{"level":"info","message":"ℹ️ لم يتم العثور على gifts.json، سيتم إنشاء الهدايا لاحقاً عبر API"}
{"level":"info","message":"✅ السيرفر يعمل على http://localhost:3000"}
{"level":"info","message":"🎵 الصوت عبر Cloudinary"}
{"level":"info","message":"🎬 الفيديو عبر Cloudinary"}
{"level":"info","message":"🖥️ دعم العميل المحلي لتنفيذ الكيبورد الحقيقي عبر /agent"}
{"level":"info","message":"✅ متصل بـ MongoDB"}
{"level":"info","message":"ℹ️ تم إزالة حقل username من المستندات"}
{"level":"info","message":"✅ تم حذف الفهرس القديم screenToken_1"}
{"level":"info","message":"✅ تم التأكد من وجود فهرس فريد على email"}
{"level":"warn","message":"⚠️ فشل إنشاء فهارس:"}
{"level":"info","message":"ℹ️ لم يتم العثور على gifts.json، سيتم إنشاء الهدايا لاحقاً عبر API"}
{"level":"info","message":"✅ السيرفر يعمل على http://localhost:3000"}
{"level":"info","message":"🎵 الصوت عبر Cloudinary"}
{"level":"info","message":"🎬 الفيديو عبر Cloudinary"}
{"level":"info","message":"🖥️ دعم العميل المحلي لتنفيذ الكيبورد الحقيقي عبر /agent"}
{"level":"info","message":"✅ متصل بـ MongoDB"}
{"level":"info","message":"ℹ️ تم إزالة حقل username من المستندات"}
{"level":"info","message":"✅ تم التأكد من وجود فهرس فريد على email"}
{"level":"warn","message":"⚠️ فشل إنشاء فهارس:"}
{"level":"info","message":"ℹ️ لم يتم العثور على gifts.json، سيتم إنشاء الهدايا لاحقاً عبر API"}
{"level":"info","message":"✅ السيرفر يعمل على http://localhost:3000"}
{"level":"info","message":"🎵 الصوت عبر Cloudinary"}
{"level":"info","message":"🎬 الفيديو عبر Cloudinary"}
{"level":"info","message":"🖥️ دعم العميل المحلي لتنفيذ الكيبورد الحقيقي عبر /agent"}
{"level":"info","message":"✅ متصل بـ MongoDB"}
{"level":"info","message":"ℹ️ تم إزالة حقل username من المستندات"}
{"level":"info","message":"✅ تم التأكد من وجود فهرس فريد على email"}
{"level":"warn","message":"⚠️ فشل إنشاء فهارس:"}
{"level":"info","message":"ℹ️ لم يتم العثور على gifts.json، سيتم إنشاء الهدايا لاحقاً عبر API"}
{"level":"info","message":"✅ السيرفر يعمل على http://localhost:3000"}
{"level":"info","message":"🎵 الصوت عبر Cloudinary"}
{"level":"info","message":"🎬 الفيديو عبر Cloudinary"}
{"level":"info","message":"🖥️ دعم العميل المحلي لتنفيذ الكيبورد الحقيقي عبر /agent"}
{"level":"info","message":"✅ متصل بـ MongoDB"}
{"level":"info","message":"ℹ️ تم إزالة حقل username من المستندات"}
{"level":"info","message":"✅ تم التأكد من وجود فهرس فريد على email"}
{"level":"warn","message":"⚠️ فشل إنشاء فهارس:"}
{"level":"info","message":"ℹ️ لم يتم العثور على gifts.json، سيتم إنشاء الهدايا لاحقاً عبر API"}
{"level":"info","message":"✅ السيرفر يعمل على http://localhost:3000"}
{"level":"info","message":"🎵 الصوت عبر Cloudinary"}
{"level":"info","message":"🎬 الفيديو عبر Cloudinary"}
{"level":"info","message":"🖥️ دعم العميل المحلي لتنفيذ الكيبورد الحقيقي عبر /agent"}
{"level":"info","message":"✅ متصل بـ MongoDB"}
{"level":"info","message":"ℹ️ تم إزالة حقل username من المستندات"}
{"level":"info","message":"✅ تم التأكد من وجود فهرس فريد على email"}
{"level":"warn","message":"⚠️ فشل إنشاء فهارس:"}
{"level":"info","message":"ℹ️ لم يتم العثور على gifts.json، سيتم إنشاء الهدايا لاحقاً عبر API"}
{"level":"info","message":"✅ السيرفر يعمل على http://localhost:3000"}
{"level":"info","message":"🎵 الصوت عبر Cloudinary"}
{"level":"info","message":"🎬 الفيديو عبر Cloudinary"}
{"level":"info","message":"🖥️ دعم العميل المحلي لتنفيذ الكيبورد الحقيقي عبر /agent"}
{"level":"info","message":"✅ متصل بـ MongoDB"}
{"level":"info","message":"ℹ️ تم إزالة حقل username من المستندات"}
{"level":"info","message":"✅ تم التأكد من وجود فهرس فريد على email"}
{"level":"warn","message":"⚠️ فشل إنشاء فهارس:"}
{"level":"info","message":"ℹ️ لم يتم العثور على gifts.json، سيتم إنشاء الهدايا لاحقاً عبر API"}
{"level":"info","message":"✅ السيرفر يعمل على http://localhost:3000"}
{"level":"info","message":"🎵 الصوت عبر Cloudinary"}
{"level":"info","message":"🎬 الفيديو عبر Cloudinary"}
{"level":"info","message":"🖥️ دعم العميل المحلي لتنفيذ الكيبورد الحقيقي عبر /agent"}
{"level":"info","message":"✅ متصل بـ MongoDB"}
{"level":"info","message":"ℹ️ تم إزالة حقل username من المستندات"}
{"level":"info","message":"✅ تم التأكد من وجود فهرس فريد على email"}
{"level":"warn","message":"⚠️ فشل إنشاء فهارس:"}
{"level":"info","message":"ℹ️ لم يتم العثور على gifts.json، سيتم إنشاء الهدايا لاحقاً عبر API"}
{"level":"info","message":"✅ السيرفر يعمل على http://localhost:3000"}
{"level":"info","message":"🎵 الصوت عبر Cloudinary"}
{"level":"info","message":"🎬 الفيديو عبر Cloudinary"}
{"level":"info","message":"🖥️ دعم العميل المحلي لتنفيذ الكيبورد الحقيقي عبر /agent"}
{"level":"info","message":"✅ متصل بـ MongoDB"}
{"level":"info","message":"ℹ️ تم إزالة حقل username من المستندات"}
{"level":"info","message":"✅ تم التأكد من وجود فهرس فريد على email"}
{"level":"warn","message":"⚠️ فشل إنشاء فهارس:"}
{"level":"info","message":"ℹ️ لم يتم العثور على gifts.json، سيتم إنشاء الهدايا لاحقاً عبر API"}
{"level":"info","message":"✅ السيرفر يعمل على http://localhost:3000"}
{"level":"info","message":"🎵 الصوت عبر Cloudinary"}
{"level":"info","message":"🎬 الفيديو عبر Cloudinary"}
{"level":"info","message":"🖥️ دعم العميل المحلي لتنفيذ الكيبورد الحقيقي عبر /agent"}
{"level":"info","message":"✅ متصل بـ MongoDB"}
{"level":"info","message":"ℹ️ تم إزالة حقل username من المستندات"}
{"level":"info","message":"✅ تم التأكد من وجود فهرس فريد على email"}
{"level":"warn","message":"⚠️ فشل إنشاء فهارس:"}
{"level":"info","message":"ℹ️ لم يتم العثور على gifts.json، سيتم إنشاء الهدايا لاحقاً عبر API"}
{"level":"info","message":"🖥️ العميل المحلي للمستخدم 69c8442dff8e24bfd57a8772 متصل"}
{"level":"info","message":"🖥️ العميل المحلي للمستخدم 69c8442dff8e24bfd57a8772 متصل"}
{"level":"info","message":"Checking expired subscriptions..."}
{"level":"info","message":"♻️ تم تحديث الكاش للمستخدم 69c8442dff8e24bfd57a8772"}
{"level":"info","message":"⏳ انتظار 2000 مللي ثانية قبل التنفيذ..."}
{"level":"info","message":"♻️ تم تحديث الكاش للمستخدم 69c8442dff8e24bfd57a8772"}
{"level":"info","message":"⏳ انتظار 2000 مللي ثانية قبل التنفيذ..."}
{"level":"info","message":"🖥️ العميل المحلي للمستخدم 69c8442dff8e24bfd57a8772 قطع الاتصال"}
{"level":"info","message":"🖥️ العميل المحلي للمستخدم 69c8442dff8e24bfd57a8772 قطع الاتصال"}
{"level":"info","message":"🖥️ العميل المحلي للمستخدم 69c8442dff8e24bfd57a8772 متصل"}
{"level":"info","message":"✅ السيرفر يعمل على http://localhost:3000"}
{"level":"info","message":"🎵 الصوت عبر Cloudinary"}
{"level":"info","message":"🎬 الفيديو عبر Cloudinary"}
{"level":"info","message":"🖥️ دعم العميل المحلي لتنفيذ الكيبورد الحقيقي عبر /agent"}
{"level":"info","message":"✅ متصل بـ MongoDB"}
{"level":"info","message":"ℹ️ تم إزالة حقل username من المستندات"}
{"level":"info","message":"✅ تم التأكد من وجود فهرس فريد على email"}
{"level":"warn","message":"⚠️ فشل إنشاء فهارس:"}
{"level":"info","message":"ℹ️ لم يتم العثور على gifts.json، سيتم إنشاء الهدايا لاحقاً عبر API"}
{"level":"info","message":"✅ السيرفر يعمل على http://localhost:3000"}
{"level":"info","message":"🎵 الصوت عبر Cloudinary"}
{"level":"info","message":"🎬 الفيديو عبر Cloudinary"}
{"level":"info","message":"🖥️ دعم العميل المحلي لتنفيذ الكيبورد الحقيقي عبر /agent"}
{"level":"info","message":"✅ متصل بـ MongoDB"}
{"level":"info","message":"ℹ️ تم إزالة حقل username من المستندات"}
{"level":"info","message":"✅ تم التأكد من وجود فهرس فريد على email"}
{"level":"warn","message":"⚠️ فشل إنشاء فهارس:"}
{"level":"info","message":"ℹ️ لم يتم العثور على gifts.json، سيتم إنشاء الهدايا لاحقاً عبر API"}
{"level":"info","message":"🖥️ العميل المحلي للمستخدم 69c8442dff8e24bfd57a8772 متصل"}
{"level":"info","message":"♻️ تم تحديث الكاش للمستخدم 69c8442dff8e24bfd57a8772"}
{"level":"info","message":"⏳ انتظار 2000 مللي ثانية قبل التنفيذ..."}
{"level":"info","message":"🖥️ العميل المحلي للمستخدم 69c8442dff8e24bfd57a8772 قطع الاتصال"}
{"level":"info","message":"🖥️ العميل المحلي للمستخدم 69c8442dff8e24bfd57a8772 متصل"}
{"level":"info","message":"♻️ تم تحديث الكاش للمستخدم 69c8442dff8e24bfd57a8772"}
{"level":"info","message":"⏳ انتظار 2000 مللي ثانية قبل التنفيذ..."}
{"level":"info","message":"🖥️ العميل المحلي للمستخدم 69c8442dff8e24bfd57a8772 قطع الاتصال"}
{"level":"info","message":"🖥️ العميل المحلي للمستخدم 69c8442dff8e24bfd57a8772 متصل"}
{"level":"info","message":"♻️ تم تحديث الكاش للمستخدم 69c8442dff8e24bfd57a8772"}
{"level":"info","message":"⏳ انتظار 2000 مللي ثانية قبل التنفيذ..."}
{"level":"info","message":"♻️ تم تحديث الكاش للمستخدم 69c8442dff8e24bfd57a8772"}
{"level":"info","message":"⏳ انتظار 2000 مللي ثانية قبل التنفيذ..."}
{"level":"info","message":"♻️ تم تحديث الكاش للمستخدم 69c8442dff8e24bfd57a8772"}
{"level":"info","message":"⏳ انتظار 2000 مللي ثانية قبل التنفيذ..."}
{"level":"info","message":"♻️ تم تحديث الكاش للمستخدم 69c8442dff8e24bfd57a8772"}
{"level":"info","message":"⏳ انتظار 2000 مللي ثانية قبل التنفيذ..."}
{"level":"info","message":"♻️ تم تحديث الكاش للمستخدم 69c8442dff8e24bfd57a8772"}
{"level":"info","message":"⏳ انتظار 2000 مللي ثانية قبل التنفيذ..."}
{"level":"info","message":"🖥️ العميل المحلي للمستخدم 69c8442dff8e24bfd57a8772 قطع الاتصال"}
{"level":"info","message":"🖥️ العميل المحلي للمستخدم 69c8442dff8e24bfd57a8772 متصل"}
{"level":"info","message":"♻️ تم تحديث الكاش للمستخدم 69c8442dff8e24bfd57a8772"}
{"level":"info","message":"⏳ انتظار 2000 مللي ثانية قبل التنفيذ..."}
{"level":"info","message":"♻️ تم تحديث الكاش للمستخدم 69c8442dff8e24bfd57a8772"}
{"level":"info","message":"⏳ انتظار 2000 مللي ثانية قبل التنفيذ..."}
{"level":"info","message":"♻️ تم تحديث الكاش للمستخدم 69c8442dff8e24bfd57a8772"}
{"level":"info","message":"⏳ انتظار 2000 مللي ثانية قبل التنفيذ..."}
{"level":"info","message":"♻️ تم تحديث الكاش للمستخدم 69c8442dff8e24bfd57a8772"}
{"level":"info","message":"⏳ انتظار 2000 مللي ثانية قبل التنفيذ..."}
{"level":"info","message":"♻️ تم تحديث الكاش للمستخدم 69c8442dff8e24bfd57a8772"}
{"level":"info","message":"♻️ تم تحديث الكاش للمستخدم 69c8442dff8e24bfd57a8772"}
{"level":"info","message":"♻️ تم تحديث الكاش للمستخدم 69c8442dff8e24bfd57a8772"}
{"level":"info","message":"♻️ تم تحديث الكاش للمستخدم 69c8442dff8e24bfd57a8772"}
{"level":"info","message":"♻️ تم تحديث الكاش للمستخدم 69c8442dff8e24bfd57a8772"}
{"level":"info","message":"♻️ تم تحديث الكاش للمستخدم 69c8442dff8e24bfd57a8772"}
{"level":"info","message":"♻️ تم تحديث الكاش للمستخدم 69c8442dff8e24bfd57a8772"}
{"level":"info","message":"♻️ تم تحديث الكاش للمستخدم 69c8442dff8e24bfd57a8772"}
{"level":"info","message":"♻️ تم تحديث الكاش للمستخدم 69c8442dff8e24bfd57a8772"}
{"level":"info","message":"⏳ انتظار 2000 مللي ثانية قبل التنفيذ..."}
{"level":"info","message":"♻️ تم تحديث الكاش للمستخدم 69c8442dff8e24bfd57a8772"}
{"level":"info","message":"⏳ انتظار 2000 مللي ثانية قبل التنفيذ..."}
{"level":"info","message":"♻️ تم تحديث الكاش للمستخدم 69c8442dff8e24bfd57a8772"}
{"level":"info","message":"♻️ تم تحديث الكاش للمستخدم 69c8442dff8e24bfd57a8772"}
{"level":"info","message":"♻️ تم تحديث الكاش للمستخدم 69c8442dff8e24bfd57a8772"}
{"level":"info","message":"♻️ تم تحديث الكاش للمستخدم 69c8442dff8e24bfd57a8772"}
{"level":"info","message":"⏳ انتظار 1000 مللي ثانية قبل التنفيذ..."}
{"level":"info","message":"✅ السيرفر يعمل على http://localhost:3000"}
{"level":"info","message":"🎵 الصوت عبر Cloudinary"}
{"level":"info","message":"🎬 الفيديو عبر Cloudinary"}
{"level":"info","message":"🖥️ دعم العميل المحلي لتنفيذ الكيبورد الحقيقي عبر /agent"}
{"level":"info","message":"✅ متصل بـ MongoDB"}
{"level":"info","message":"ℹ️ تم إزالة حقل username من المستندات"}
{"level":"info","message":"✅ تم التأكد من وجود فهرس فريد على email"}
{"level":"warn","message":"⚠️ فشل إنشاء فهارس:"}
{"level":"info","message":"ℹ️ لم يتم العثور على gifts.json، سيتم إنشاء الهدايا لاحقاً عبر API"}
{"level":"info","message":"♻️ تم تحديث الكاش للمستخدم 69c8442dff8e24bfd57a8772"}
{"level":"info","message":"♻️ تم تحديث الكاش للمستخدم 69c8442dff8e24bfd57a8772"}
{"level":"info","message":"♻️ تم تحديث الكاش للمستخدم 69c8442dff8e24bfd57a8772"}
{"level":"info","message":"⏳ انتظار 1000 مللي ثانية قبل التنفيذ..."}
{"level":"info","message":"♻️ تم تحديث الكاش للمستخدم 69c8442dff8e24bfd57a8772"}
{"level":"info","message":"♻️ تم تحديث الكاش للمستخدم 69c8442dff8e24bfd57a8772"}
{"level":"info","message":"✅ السيرفر يعمل على http://localhost:3000"}
{"level":"info","message":"🎵 الصوت عبر Cloudinary"}
{"level":"info","message":"🎬 الفيديو عبر Cloudinary"}
{"level":"info","message":"🖥️ دعم العميل المحلي لتنفيذ الكيبورد الحقيقي عبر /agent"}
{"level":"info","message":"✅ متصل بـ MongoDB"}
{"level":"info","message":"ℹ️ تم إزالة حقل username من المستندات"}
{"level":"info","message":"✅ تم التأكد من وجود فهرس فريد على email"}
{"level":"warn","message":"⚠️ فشل إنشاء فهارس:"}
{"level":"info","message":"ℹ️ لم يتم العثور على gifts.json، سيتم إنشاء الهدايا لاحقاً عبر API"}
{"level":"info","message":"✅ السيرفر يعمل على http://localhost:3000"}
{"level":"info","message":"🎵 الصوت عبر Cloudinary"}
{"level":"info","message":"🎬 الفيديو عبر Cloudinary"}
{"level":"info","message":"🖥️ دعم العميل المحلي لتنفيذ الكيبورد الحقيقي عبر /agent"}
{"level":"info","message":"✅ متصل بـ MongoDB"}
{"level":"info","message":"ℹ️ تم إزالة حقل username من المستندات"}
{"level":"info","message":"✅ تم التأكد من وجود فهرس فريد على email"}
{"level":"warn","message":"⚠️ فشل إنشاء فهارس:"}
{"level":"info","message":"ℹ️ لم يتم العثور على gifts.json، سيتم إنشاء الهدايا لاحقاً عبر API"}
{"level":"info","message":"✅ السيرفر يعمل على http://localhost:3000"}
{"level":"info","message":"🎵 الصوت عبر Cloudinary"}
{"level":"info","message":"🎬 الفيديو عبر Cloudinary"}
{"level":"info","message":"🖥️ دعم العميل المحلي لتنفيذ الكيبورد الحقيقي عبر /agent"}
{"level":"info","message":"✅ متصل بـ MongoDB"}
{"level":"info","message":"ℹ️ تم إزالة حقل username من المستندات"}
{"level":"info","message":"✅ تم التأكد من وجود فهرس فريد على email"}
{"level":"warn","message":"⚠️ فشل إنشاء فهارس:"}
{"level":"info","message":"ℹ️ لم يتم العثور على gifts.json، سيتم إنشاء الهدايا لاحقاً عبر API"}
{"level":"info","message":"✅ السيرفر يعمل على http://localhost:3000"}
{"level":"info","message":"🎵 الصوت عبر Cloudinary"}
{"level":"info","message":"🎬 الفيديو عبر Cloudinary"}
{"level":"info","message":"🖥️ دعم العميل المحلي لتنفيذ الكيبورد الحقيقي عبر /agent"}
{"level":"info","message":"✅ متصل بـ MongoDB"}
{"level":"info","message":"ℹ️ تم إزالة حقل username من المستندات"}
{"level":"info","message":"✅ تم التأكد من وجود فهرس فريد على email"}
{"level":"warn","message":"⚠️ فشل إنشاء فهارس:"}
{"level":"info","message":"ℹ️ لم يتم العثور على gifts.json، سيتم إنشاء الهدايا لاحقاً عبر API"}
{"level":"info","message":"✅ السيرفر يعمل على http://localhost:3000"}
{"level":"info","message":"🎵 الصوت عبر Cloudinary"}
{"level":"info","message":"🎬 الفيديو عبر Cloudinary"}
{"level":"info","message":"🖥️ دعم العميل المحلي لتنفيذ الكيبورد الحقيقي عبر /agent"}
{"level":"info","message":"✅ متصل بـ MongoDB"}
{"level":"info","message":"ℹ️ تم إزالة حقل username من المستندات"}
{"level":"info","message":"✅ تم التأكد من وجود فهرس فريد على email"}
{"level":"warn","message":"⚠️ فشل إنشاء فهارس:"}
{"level":"info","message":"ℹ️ لم يتم العثور على gifts.json، سيتم إنشاء الهدايا لاحقاً عبر API"}
{"level":"info","message":"✅ السيرفر يعمل على http://localhost:3000"}
{"level":"info","message":"🎵 الصوت عبر Cloudinary"}
{"level":"info","message":"🎬 الفيديو عبر Cloudinary"}
{"level":"info","message":"🖥️ دعم العميل المحلي لتنفيذ الكيبورد الحقيقي عبر /agent"}
{"level":"info","message":"✅ متصل بـ MongoDB"}
{"level":"info","message":"ℹ️ تم إزالة حقل username من المستندات"}
{"level":"info","message":"✅ تم التأكد من وجود فهرس فريد على email"}
{"level":"warn","message":"⚠️ فشل إنشاء فهارس:"}
{"level":"info","message":"ℹ️ لم يتم العثور على gifts.json، سيتم إنشاء الهدايا لاحقاً عبر API"}
{"level":"info","message":"♻️ تم تحديث الكاش للمستخدم 69c8442dff8e24bfd57a8772"}
{"level":"info","message":"♻️ تم تحديث الكاش للمستخدم 69c8442dff8e24bfd57a8772"}
{"level":"info","message":"Checking expired subscriptions..."}
{"level":"info","message":"♻️ تم تحديث الكاش للمستخدم 69c8442dff8e24bfd57a8772"}
{"level":"info","message":"♻️ تم تحديث الكاش للمستخدم 69c8442dff8e24bfd57a8772"}
{"level":"info","message":"♻️ تم تحديث الكاش للمستخدم 69c8442dff8e24bfd57a8772"}
{"level":"info","message":"✅ السيرفر يعمل على http://localhost:3000"}
{"level":"info","message":"🎵 الصوت عبر Cloudinary"}
{"level":"info","message":"🎬 الفيديو عبر Cloudinary"}
{"level":"info","message":"🖥️ دعم العميل المحلي لتنفيذ الكيبورد الحقيقي عبر /agent"}
{"level":"info","message":"✅ متصل بـ MongoDB"}
{"level":"info","message":"ℹ️ تم إزالة حقل username من المستندات"}
{"level":"info","message":"✅ تم حذف الفهرس القديم screenToken_1"}
{"level":"info","message":"✅ تم التأكد من وجود فهرس فريد على email"}
{"level":"info","message":"✅ تم إنشاء فهرس فريد لـ screenToken"}
{"level":"info","message":"ℹ️ لم يتم العثور على gifts.json، سيتم إنشاء الهدايا لاحقاً عبر API"}
{"level":"info","message":"Checking expired subscriptions..."}
{"level":"info","message":"✅ السيرفر يعمل على http://localhost:3000"}
{"level":"info","message":"🎵 الصوت عبر Cloudinary"}
{"level":"info","message":"🎬 الفيديو عبر Cloudinary"}
{"level":"info","message":"🖥️ دعم العميل المحلي لتنفيذ الكيبورد الحقيقي عبر /agent"}
{"level":"info","message":"✅ متصل بـ MongoDB"}
{"level":"info","message":"ℹ️ تم إزالة حقل username من المستندات"}
{"level":"info","message":"✅ تم حذف الفهرس القديم screenToken_1"}
{"level":"info","message":"✅ تم التأكد من وجود فهرس فريد على email"}
{"level":"info","message":"✅ تم إنشاء فهرس فريد لـ screenToken"}
{"level":"info","message":"ℹ️ لم يتم العثور على gifts.json، سيتم إنشاء الهدايا لاحقاً عبر API"}
{"level":"info","message":"✅ السيرفر يعمل على http://localhost:3000"}
{"level":"info","message":"🎵 الصوت عبر Cloudinary"}
{"level":"info","message":"🎬 الفيديو عبر Cloudinary"}
{"level":"info","message":"🖥️ دعم العميل المحلي لتنفيذ الكيبورد الحقيقي عبر /agent"}
{"level":"info","message":"✅ متصل بـ MongoDB"}
{"level":"info","message":"ℹ️ تم إزالة حقل username من المستندات"}
{"level":"info","message":"✅ تم حذف الفهرس القديم screenToken_1"}
{"level":"info","message":"✅ تم التأكد من وجود فهرس فريد على email"}
{"level":"info","message":"✅ تم إنشاء فهرس فريد لـ screenToken"}
{"level":"info","message":"ℹ️ لم يتم العثور على gifts.json، سيتم إنشاء الهدايا لاحقاً عبر API"}
{"level":"info","message":"✅ السيرفر يعمل على http://localhost:3000"}
{"level":"info","message":"🎵 الصوت عبر Cloudinary"}
{"level":"info","message":"🎬 الفيديو عبر Cloudinary"}
{"level":"info","message":"🖥️ دعم العميل المحلي لتنفيذ الكيبورد الحقيقي عبر /agent"}
{"level":"info","message":"✅ متصل بـ MongoDB"}
{"level":"info","message":"ℹ️ تم إزالة حقل username من المستندات"}
{"level":"info","message":"✅ تم حذف الفهرس القديم screenToken_1"}
{"level":"info","message":"✅ تم التأكد من وجود فهرس فريد على email"}
{"level":"info","message":"✅ تم إنشاء فهرس فريد لـ screenToken"}
{"level":"info","message":"ℹ️ لم يتم العثور على gifts.json، سيتم إنشاء الهدايا لاحقاً عبر API"}
{"level":"info","message":"✅ السيرفر يعمل على http://localhost:3000"}
{"level":"info","message":"🎵 الصوت عبر Cloudinary"}
{"level":"info","message":"🎬 الفيديو عبر Cloudinary"}
{"level":"info","message":"🖥️ دعم العميل المحلي لتنفيذ الكيبورد الحقيقي عبر /agent"}
{"level":"info","message":"✅ متصل بـ MongoDB"}
{"level":"info","message":"ℹ️ تم إزالة حقل username من المستندات"}
{"level":"info","message":"✅ تم حذف الفهرس القديم screenToken_1"}
{"level":"info","message":"✅ تم التأكد من وجود فهرس فريد على email"}
{"level":"info","message":"✅ تم إنشاء فهرس فريد لـ screenToken"}
{"level":"info","message":"ℹ️ لم يتم العثور على gifts.json، سيتم إنشاء الهدايا لاحقاً عبر API"}
{"level":"info","message":"✅ السيرفر يعمل على http://localhost:3000"}
{"level":"info","message":"🎵 الصوت عبر Cloudinary"}
{"level":"info","message":"🎬 الفيديو عبر Cloudinary"}
{"level":"info","message":"🖥️ دعم العميل المحلي لتنفيذ الكيبورد الحقيقي عبر /agent"}
{"level":"info","message":"✅ متصل بـ MongoDB"}
{"level":"info","message":"ℹ️ تم إزالة حقل username من المستندات"}
{"level":"info","message":"✅ تم حذف الفهرس القديم screenToken_1"}
{"level":"info","message":"✅ تم التأكد من وجود فهرس فريد على email"}
{"level":"info","message":"✅ تم إنشاء فهرس فريد لـ screenToken"}
{"level":"info","message":"ℹ️ لم يتم العثور على gifts.json، سيتم إنشاء الهدايا لاحقاً عبر API"}
{"level":"info","message":"🖥️ العميل المحلي للمستخدم 69c8442dff8e24bfd57a8772 متصل"}
{"level":"info","message":"♻️ تم تحديث الكاش للمستخدم 69c8442dff8e24bfd57a8772"}
{"level":"info","message":"🖥️ العميل المحلي للمستخدم 69c8442dff8e24bfd57a8772 قطع الاتصال"}
{"level":"info","message":"🖥️ العميل المحلي للمستخدم 69c8442dff8e24bfd57a8772 متصل"}
{"level":"info","message":"♻️ تم تحديث الكاش للمستخدم 69c8442dff8e24bfd57a8772"}
{"level":"info","message":"♻️ تم تحديث الكاش للمستخدم 69c8442dff8e24bfd57a8772"}
{"level":"info","message":"♻️ تم تحديث الكاش للمستخدم 69c8442dff8e24bfd57a8772"}
{"level":"info","message":"♻️ تم تحديث الكاش للمستخدم 69c8442dff8e24bfd57a8772"}
{"level":"info","message":"♻️ تم تحديث الكاش للمستخدم 69c8442dff8e24bfd57a8772"}
{"level":"info","message":"♻️ تم تحديث الكاش للمستخدم 69c8442dff8e24bfd57a8772"}
{"level":"info","message":"♻️ تم تحديث الكاش للمستخدم 69c8442dff8e24bfd57a8772"}
{"level":"info","message":"♻️ تم تحديث الكاش للمستخدم 69c8442dff8e24bfd57a8772"}
{"level":"info","message":"♻️ تم تحديث الكاش للمستخدم 69c8442dff8e24bfd57a8772"}
{"level":"info","message":"♻️ تم تحديث الكاش للمستخدم 69c8442dff8e24bfd57a8772"}
{"level":"info","message":"♻️ تم تحديث الكاش للمستخدم 69c8442dff8e24bfd57a8772"}
{"level":"info","message":"♻️ تم تحديث الكاش للمستخدم 69c8442dff8e24bfd57a8772"}
{"level":"info","message":"♻️ تم تحديث الكاش للمستخدم 69c8442dff8e24bfd57a8772"}
{"level":"info","message":"♻️ تم تحديث الكاش للمستخدم 69c8442dff8e24bfd57a8772"}
{"level":"info","message":"♻️ تم تحديث الكاش للمستخدم 69c8442dff8e24bfd57a8772"}
{"level":"info","message":"♻️ تم تحديث الكاش للمستخدم 69c8442dff8e24bfd57a8772"}
{"level":"info","message":"✅ السيرفر يعمل على http://localhost:3000"}
{"level":"info","message":"🎵 الصوت عبر Cloudinary"}
{"level":"info","message":"🎬 الفيديو عبر Cloudinary"}
{"level":"info","message":"🖥️ دعم العميل المحلي لتنفيذ الكيبورد الحقيقي عبر /agent"}
{"level":"info","message":"✅ متصل بـ MongoDB"}
{"level":"info","message":"ℹ️ تم إزالة حقل username من المستندات"}
{"level":"info","message":"✅ تم حذف الفهرس القديم screenToken_1"}
{"level":"info","message":"✅ تم التأكد من وجود فهرس فريد على email"}
{"level":"info","message":"✅ تم إنشاء فهرس فريد لـ screenToken"}
{"level":"info","message":"ℹ️ لم يتم العثور على gifts.json، سيتم إنشاء الهدايا لاحقاً عبر API"}
{"level":"info","message":"✅ السيرفر يعمل على http://localhost:3000"}
{"level":"info","message":"🎵 الصوت عبر Cloudinary"}
{"level":"info","message":"🎬 الفيديو عبر Cloudinary"}
{"level":"info","message":"🖥️ دعم العميل المحلي لتنفيذ الكيبورد الحقيقي عبر /agent"}
{"level":"info","message":"✅ متصل بـ MongoDB"}
{"level":"info","message":"ℹ️ تم إزالة حقل username من المستندات"}
{"level":"info","message":"✅ تم حذف الفهرس القديم screenToken_1"}
{"level":"info","message":"✅ تم التأكد من وجود فهرس فريد على email"}
{"level":"info","message":"✅ تم إنشاء فهرس فريد لـ screenToken"}
{"level":"info","message":"ℹ️ لم يتم العثور على gifts.json، سيتم إنشاء الهدايا لاحقاً عبر API"}
{"level":"info","message":"🖥️ العميل المحلي للمستخدم 69c8442dff8e24bfd57a8772 متصل"}
{"level":"info","message":"🖥️ العميل المحلي للمستخدم 69c8442dff8e24bfd57a8772 قطع الاتصال"}
{"level":"info","message":"🖥️ العميل المحلي للمستخدم 69c8442dff8e24bfd57a8772 متصل"}
{"level":"info","message":"♻️ تم تحديث الكاش للمستخدم 69c8442dff8e24bfd57a8772"}
{"level":"info","message":"✅ السيرفر يعمل على http://localhost:3000"}
{"level":"info","message":"🎵 الصوت عبر Cloudinary"}
{"level":"info","message":"🎬 الفيديو عبر Cloudinary"}
{"level":"info","message":"🖥️ دعم العميل المحلي لتنفيذ الكيبورد الحقيقي عبر /agent"}
{"level":"info","message":"✅ متصل بـ MongoDB"}
{"level":"info","message":"ℹ️ تم إزالة حقل username من المستندات"}
{"level":"info","message":"✅ تم حذف الفهرس القديم screenToken_1"}
{"level":"info","message":"✅ تم التأكد من وجود فهرس فريد على email"}
{"level":"info","message":"✅ تم إنشاء فهرس فريد لـ screenToken"}
{"level":"info","message":"ℹ️ لم يتم العثور على gifts.json، سيتم إنشاء الهدايا لاحقاً عبر API"}
{"level":"info","message":"🖥️ العميل المحلي للمستخدم 69c8442dff8e24bfd57a8772 متصل"}
{"level":"info","message":"♻️ تم تحديث الكاش للمستخدم 69c8442dff8e24bfd57a8772"}
{"level":"info","message":"♻️ تم تحديث الكاش للمستخدم 69c8442dff8e24bfd57a8772"}
{"level":"info","message":"♻️ تم تحديث الكاش للمستخدم 69c8442dff8e24bfd57a8772"}
{"level":"info","message":"♻️ تم تحديث الكاش للمستخدم 69c8442dff8e24bfd57a8772"}
{"level":"info","message":"♻️ تم تحديث الكاش للمستخدم 69c8442dff8e24bfd57a8772"}
{"level":"info","message":"♻️ تم تحديث الكاش للمستخدم 69c8442dff8e24bfd57a8772"}
{"level":"info","message":"♻️ تم تحديث الكاش للمستخدم 69c8442dff8e24bfd57a8772"}
{"level":"info","message":"♻️ تم تحديث الكاش للمستخدم 69c8442dff8e24bfd57a8772"}
{"level":"info","message":"♻️ تم تحديث الكاش للمستخدم 69c8442dff8e24bfd57a8772"}
{"level":"info","message":"✅ السيرفر يعمل على http://localhost:3000"}
{"level":"info","message":"🎵 الصوت عبر Cloudinary"}
{"level":"info","message":"🎬 الفيديو عبر Cloudinary"}
{"level":"info","message":"🖥️ دعم العميل المحلي لتنفيذ الكيبورد الحقيقي عبر /agent"}
{"level":"info","message":"✅ متصل بـ MongoDB"}
{"level":"info","message":"ℹ️ تم إزالة حقل username من المستندات"}
{"level":"info","message":"✅ تم حذف الفهرس القديم screenToken_1"}
{"level":"info","message":"✅ تم التأكد من وجود فهرس فريد على email"}
{"level":"info","message":"✅ تم إنشاء فهرس فريد لـ screenToken"}
{"level":"info","message":"ℹ️ لم يتم العثور على gifts.json، سيتم إنشاء الهدايا لاحقاً عبر API"}
{"level":"info","message":"🖥️ العميل المحلي للمستخدم 69c8442dff8e24bfd57a8772 متصل"}
{"level":"info","message":"♻️ تم تحديث الكاش للمستخدم 69c8442dff8e24bfd57a8772"}
{"level":"info","message":"♻️ تم تحديث الكاش للمستخدم 69c8442dff8e24bfd57a8772"}
{"level":"info","message":"♻️ تم تحديث الكاش للمستخدم 69c8442dff8e24bfd57a8772"}
{"level":"info","message":"♻️ تم تحديث الكاش للمستخدم 69c8442dff8e24bfd57a8772"}
{"level":"info","message":"✅ السيرفر يعمل على http://localhost:3000"}
{"level":"info","message":"🎵 الصوت عبر Cloudinary"}
{"level":"info","message":"🎬 الفيديو عبر Cloudinary"}
{"level":"info","message":"🖥️ دعم العميل المحلي لتنفيذ الكيبورد الحقيقي عبر /agent"}
{"level":"info","message":"✅ متصل بـ MongoDB"}
{"level":"info","message":"ℹ️ تم إزالة حقل username من المستندات"}
{"level":"info","message":"✅ تم حذف الفهرس القديم screenToken_1"}
{"level":"info","message":"✅ تم التأكد من وجود فهرس فريد على email"}
{"level":"info","message":"✅ تم إنشاء فهرس فريد لـ screenToken"}
{"level":"info","message":"ℹ️ لم يتم العثور على gifts.json، سيتم إنشاء الهدايا لاحقاً عبر API"}
{"level":"info","message":"✅ السيرفر يعمل على http://localhost:3000"}
{"level":"info","message":"🎵 الصوت عبر Cloudinary"}
{"level":"info","message":"🎬 الفيديو عبر Cloudinary"}
{"level":"info","message":"🖥️ دعم العميل المحلي لتنفيذ الكيبورد الحقيقي عبر /agent"}
{"level":"info","message":"✅ متصل بـ MongoDB"}
{"level":"info","message":"ℹ️ تم إزالة حقل username من المستندات"}
{"level":"info","message":"✅ تم حذف الفهرس القديم screenToken_1"}
{"level":"info","message":"✅ تم التأكد من وجود فهرس فريد على email"}
{"level":"info","message":"✅ تم إنشاء فهرس فريد لـ screenToken"}
{"level":"info","message":"ℹ️ لم يتم العثور على gifts.json، سيتم إنشاء الهدايا لاحقاً عبر API"}
{"level":"info","message":"🖥️ العميل المحلي للمستخدم 69c8442dff8e24bfd57a8772 متصل"}
{"level":"info","message":"✅ السيرفر يعمل على http://localhost:3000"}
{"level":"info","message":"🎵 الصوت عبر Cloudinary"}
{"level":"info","message":"🎬 الفيديو عبر Cloudinary"}
{"level":"info","message":"🖥️ دعم العميل المحلي لتنفيذ الكيبورد الحقيقي عبر /agent"}
{"level":"info","message":"✅ متصل بـ MongoDB"}
{"level":"info","message":"ℹ️ تم إزالة حقل username من المستندات"}
{"level":"info","message":"✅ تم حذف الفهرس القديم screenToken_1"}
{"level":"info","message":"✅ تم التأكد من وجود فهرس فريد على email"}
{"level":"info","message":"✅ تم إنشاء فهرس فريد لـ screenToken"}
{"level":"info","message":"ℹ️ لم يتم العثور على gifts.json، سيتم إنشاء الهدايا لاحقاً عبر API"}
{"level":"info","message":"🖥️ العميل المحلي للمستخدم 69c8442dff8e24bfd57a8772 متصل"}
{"level":"info","message":"✅ السيرفر يعمل على http://localhost:3000"}
{"level":"info","message":"🎵 الصوت عبر Cloudinary"}
{"level":"info","message":"🎬 الفيديو عبر Cloudinary"}
{"level":"info","message":"🖥️ دعم العميل المحلي لتنفيذ الكيبورد الحقيقي عبر /agent"}
{"level":"info","message":"✅ متصل بـ MongoDB"}
{"level":"info","message":"ℹ️ تم إزالة حقل username من المستندات"}
{"level":"info","message":"✅ تم حذف الفهرس القديم screenToken_1"}
{"level":"info","message":"✅ تم التأكد من وجود فهرس فريد على email"}
{"level":"info","message":"✅ تم إنشاء فهرس فريد لـ screenToken"}
{"level":"info","message":"ℹ️ لم يتم العثور على gifts.json، سيتم إنشاء الهدايا لاحقاً عبر API"}
{"level":"info","message":"✅ السيرفر يعمل على http://localhost:3000"}
{"level":"info","message":"🎵 الصوت عبر Cloudinary"}
{"level":"info","message":"🎬 الفيديو عبر Cloudinary"}
{"level":"info","message":"🖥️ دعم العميل المحلي لتنفيذ الكيبورد الحقيقي عبر /agent"}
{"level":"info","message":"✅ متصل بـ MongoDB"}
{"level":"info","message":"ℹ️ تم إزالة حقل username من المستندات"}
{"level":"info","message":"✅ تم حذف الفهرس القديم screenToken_1"}
{"level":"info","message":"✅ تم التأكد من وجود فهرس فريد على email"}
{"level":"info","message":"✅ تم إنشاء فهرس فريد لـ screenToken"}
{"level":"info","message":"ℹ️ لم يتم العثور على gifts.json، سيتم إنشاء الهدايا لاحقاً عبر API"}
{"level":"info","message":"🖥️ العميل المحلي للمستخدم 69c8442dff8e24bfd57a8772 متصل"}
{"level":"info","message":"♻️ تم تحديث الكاش للمستخدم 69c8442dff8e24bfd57a8772"}
{"level":"info","message":"🖥️ العميل المحلي للمستخدم 69c8442dff8e24bfd57a8772 قطع الاتصال"}
{"level":"info","message":"✅ السيرفر يعمل على http://localhost:3000"}
{"level":"info","message":"🎵 الصوت عبر Cloudinary"}
{"level":"info","message":"🎬 الفيديو عبر Cloudinary"}
{"level":"info","message":"🖥️ دعم العميل المحلي لتنفيذ الكيبورد الحقيقي عبر /agent"}
{"level":"info","message":"✅ متصل بـ MongoDB"}
{"level":"info","message":"ℹ️ تم إزالة حقل username من المستندات"}
{"level":"info","message":"✅ تم حذف الفهرس القديم screenToken_1"}
{"level":"info","message":"✅ تم التأكد من وجود فهرس فريد على email"}
{"level":"info","message":"✅ تم إنشاء فهرس فريد لـ screenToken"}
{"level":"info","message":"ℹ️ لم يتم العثور على gifts.json، سيتم إنشاء الهدايا لاحقاً عبر API"}
{"level":"info","message":"✅ السيرفر يعمل على http://localhost:3000"}
{"level":"info","message":"🎵 الصوت عبر Cloudinary"}
{"level":"info","message":"🎬 الفيديو عبر Cloudinary"}
{"level":"info","message":"🖥️ دعم العميل المحلي لتنفيذ الكيبورد الحقيقي عبر /agent"}
{"level":"info","message":"✅ متصل بـ MongoDB"}
{"level":"info","message":"ℹ️ تم إزالة حقل username من المستندات"}
{"level":"info","message":"✅ تم حذف الفهرس القديم screenToken_1"}
{"level":"info","message":"✅ تم التأكد من وجود فهرس فريد على email"}
{"level":"info","message":"✅ تم إنشاء فهرس فريد لـ screenToken"}
{"level":"info","message":"ℹ️ لم يتم العثور على gifts.json، سيتم إنشاء الهدايا لاحقاً عبر API"}
{"level":"info","message":"🖥️ العميل المحلي للمستخدم 69c8442dff8e24bfd57a8772 متصل"}
{"level":"info","message":"♻️ تم تحديث الكاش للمستخدم 69c8442dff8e24bfd57a8772"}
{"level":"info","message":"✅ السيرفر يعمل على http://localhost:3000"}
{"level":"info","message":"🎵 الصوت عبر Cloudinary"}
{"level":"info","message":"🎬 الفيديو عبر Cloudinary"}
{"level":"info","message":"🖥️ دعم العميل المحلي لتنفيذ الكيبورد الحقيقي عبر /agent"}
{"level":"info","message":"✅ متصل بـ MongoDB"}
{"level":"info","message":"ℹ️ تم إزالة حقل username من المستندات"}
{"level":"info","message":"✅ تم حذف الفهرس القديم screenToken_1"}
{"level":"info","message":"✅ تم التأكد من وجود فهرس فريد على email"}
{"level":"info","message":"✅ تم إنشاء فهرس فريد لـ screenToken"}
{"level":"info","message":"ℹ️ لم يتم العثور على gifts.json، سيتم إنشاء الهدايا لاحقاً عبر API"}
{"level":"info","message":"✅ السيرفر يعمل على http://localhost:3000"}
{"level":"info","message":"🎵 الصوت عبر Cloudinary"}
{"level":"info","message":"🎬 الفيديو عبر Cloudinary"}
{"level":"info","message":"🖥️ دعم العميل المحلي لتنفيذ الكيبورد الحقيقي عبر /agent"}
{"level":"info","message":"✅ متصل بـ MongoDB"}
{"level":"info","message":"ℹ️ تم إزالة حقل username من المستندات"}
{"level":"info","message":"✅ تم حذف الفهرس القديم screenToken_1"}
{"level":"info","message":"✅ تم التأكد من وجود فهرس فريد على email"}
{"level":"info","message":"✅ تم إنشاء فهرس فريد لـ screenToken"}
{"level":"info","message":"ℹ️ لم يتم العثور على gifts.json، سيتم إنشاء الهدايا لاحقاً عبر API"}
{"level":"info","message":"🖥️ العميل المحلي للمستخدم 69c8442dff8e24bfd57a8772 متصل"}
{"level":"info","message":"✅ السيرفر يعمل على http://localhost:3000"}
{"level":"info","message":"🎵 الصوت عبر Cloudinary"}
{"level":"info","message":"🎬 الفيديو عبر Cloudinary"}
{"level":"info","message":"🖥️ دعم العميل المحلي لتنفيذ الكيبورد الحقيقي عبر /agent"}
{"level":"info","message":"✅ متصل بـ MongoDB"}
{"level":"info","message":"ℹ️ تم إزالة حقل username من المستندات"}
{"level":"info","message":"✅ تم حذف الفهرس القديم screenToken_1"}
{"level":"info","message":"✅ تم التأكد من وجود فهرس فريد على email"}
{"level":"info","message":"✅ تم إنشاء فهرس فريد لـ screenToken"}
{"level":"info","message":"ℹ️ لم يتم العثور على gifts.json، سيتم إنشاء الهدايا لاحقاً عبر API"}
{"level":"info","message":"🖥️ العميل المحلي للمستخدم 69c8442dff8e24bfd57a8772 متصل"}
{"level":"info","message":"✅ السيرفر يعمل على http://localhost:3000"}
{"level":"info","message":"🎵 الصوت عبر Cloudinary"}
{"level":"info","message":"🎬 الفيديو عبر Cloudinary"}
{"level":"info","message":"🖥️ دعم العميل المحلي لتنفيذ الكيبورد الحقيقي عبر /agent"}
{"level":"info","message":"✅ متصل بـ MongoDB"}
{"level":"info","message":"ℹ️ تم إزالة حقل username من المستندات"}
{"level":"info","message":"✅ تم حذف الفهرس القديم screenToken_1"}
{"level":"info","message":"✅ تم التأكد من وجود فهرس فريد على email"}
{"level":"info","message":"✅ تم إنشاء فهرس فريد لـ screenToken"}
{"level":"info","message":"ℹ️ لم يتم العثور على gifts.json، سيتم إنشاء الهدايا لاحقاً عبر API"}
{"level":"info","message":"🖥️ العميل المحلي للمستخدم 69c8442dff8e24bfd57a8772 متصل"}
{"level":"info","message":"♻️ تم تحديث الكاش للمستخدم 69c8442dff8e24bfd57a8772"}
{"level":"info","message":"♻️ تم تحديث الكاش للمستخدم 69c8442dff8e24bfd57a8772"}
{"level":"info","message":"♻️ تم تحديث الكاش للمستخدم 69c8442dff8e24bfd57a8772"}
{"level":"info","message":"♻️ تم تحديث الكاش للمستخدم 69c8442dff8e24bfd57a8772"}
{"level":"info","message":"✅ السيرفر يعمل على http://localhost:3000"}
{"level":"info","message":"🎵 الصوت عبر Cloudinary"}
{"level":"info","message":"🎬 الفيديو عبر Cloudinary"}
{"level":"info","message":"🖥️ دعم العميل المحلي لتنفيذ الكيبورد الحقيقي عبر /agent"}
{"level":"info","message":"✅ متصل بـ MongoDB"}
{"level":"info","message":"ℹ️ تم إزالة حقل username من المستندات"}
{"level":"info","message":"✅ تم حذف الفهرس القديم screenToken_1"}
{"level":"info","message":"✅ تم التأكد من وجود فهرس فريد على email"}
{"level":"info","message":"✅ تم إنشاء فهرس فريد لـ screenToken"}
{"level":"info","message":"ℹ️ لم يتم العثور على gifts.json، سيتم إنشاء الهدايا لاحقاً عبر API"}
{"level":"info","message":"♻️ تم تحديث الكاش للمستخدم 69c8442dff8e24bfd57a8772"}
{"level":"info","message":"⏳ انتظار 2000 مللي ثانية قبل التنفيذ..."}
{"level":"info","message":"🖥️ العميل المحلي للمستخدم 69c8442dff8e24bfd57a8772 متصل"}
{"level":"info","message":"♻️ تم تحديث الكاش للمستخدم 69c8442dff8e24bfd57a8772"}
{"level":"info","message":"♻️ تم تحديث الكاش للمستخدم 69c8442dff8e24bfd57a8772"}
{"level":"info","message":"♻️ تم تحديث الكاش للمستخدم 69c8442dff8e24bfd57a8772"}
{"level":"info","message":"♻️ تم تحديث الكاش للمستخدم 69c8442dff8e24bfd57a8772"}
{"level":"info","message":"✅ السيرفر يعمل على http://localhost:3000"}
{"level":"info","message":"🎵 الصوت عبر Cloudinary"}
{"level":"info","message":"🎬 الفيديو عبر Cloudinary"}
{"level":"info","message":"🖥️ دعم العميل المحلي لتنفيذ الكيبورد الحقيقي عبر /agent"}
{"level":"info","message":"✅ متصل بـ MongoDB"}
{"level":"info","message":"ℹ️ تم إزالة حقل username من المستندات"}
{"level":"info","message":"✅ تم حذف الفهرس القديم screenToken_1"}
{"level":"info","message":"✅ تم التأكد من وجود فهرس فريد على email"}
{"level":"info","message":"✅ تم إنشاء فهرس فريد لـ screenToken"}
{"level":"info","message":"ℹ️ لم يتم العثور على gifts.json، سيتم إنشاء الهدايا لاحقاً عبر API"}
{"level":"info","message":"✅ السيرفر يعمل على http://localhost:3000"}
{"level":"info","message":"🎵 الصوت عبر Cloudinary"}
{"level":"info","message":"🎬 الفيديو عبر Cloudinary"}
{"level":"info","message":"🖥️ دعم العميل المحلي لتنفيذ الكيبورد الحقيقي عبر /agent"}
{"level":"info","message":"✅ متصل بـ MongoDB"}
{"level":"info","message":"ℹ️ تم إزالة حقل username من المستندات"}
{"level":"info","message":"✅ تم حذف الفهرس القديم screenToken_1"}
{"level":"info","message":"✅ تم التأكد من وجود فهرس فريد على email"}
{"level":"info","message":"✅ تم إنشاء فهرس فريد لـ screenToken"}
{"level":"info","message":"ℹ️ لم يتم العثور على gifts.json، سيتم إنشاء الهدايا لاحقاً عبر API"}
{"level":"info","message":"✅ السيرفر يعمل على http://localhost:3000"}
{"level":"info","message":"🎵 الصوت عبر Cloudinary"}
{"level":"info","message":"🎬 الفيديو عبر Cloudinary"}
{"level":"info","message":"🖥️ دعم العميل المحلي لتنفيذ الكيبورد الحقيقي عبر /agent"}
{"level":"info","message":"✅ متصل بـ MongoDB"}
{"level":"info","message":"ℹ️ تم إزالة حقل username من المستندات"}
{"level":"info","message":"✅ تم حذف الفهرس القديم screenToken_1"}
{"level":"info","message":"✅ تم التأكد من وجود فهرس فريد على email"}
{"level":"info","message":"✅ تم إنشاء فهرس فريد لـ screenToken"}
{"level":"info","message":"ℹ️ لم يتم العثور على gifts.json، سيتم إنشاء الهدايا لاحقاً عبر API"}
{"level":"info","message":"🖥️ العميل المحلي للمستخدم 69c8442dff8e24bfd57a8772 متصل"}
{"level":"info","message":"♻️ تم تحديث الكاش للمستخدم 69c8442dff8e24bfd57a8772"}
{"level":"info","message":"♻️ تم تحديث الكاش للمستخدم 69c8442dff8e24bfd57a8772"}
{"level":"info","message":"♻️ تم تحديث الكاش للمستخدم 69c8442dff8e24bfd57a8772"}
{"level":"info","message":"♻️ تم تحديث الكاش للمستخدم 69c8442dff8e24bfd57a8772"}
{"level":"info","message":"♻️ تم تحديث الكاش للمستخدم 69c8442dff8e24bfd57a8772"}
{"level":"info","message":"♻️ تم تحديث الكاش للمستخدم 69c8442dff8e24bfd57a8772"}
{"level":"info","message":"⏳ انتظار 2000 مللي ثانية قبل التنفيذ..."}
{"level":"info","message":"♻️ تم تحديث الكاش للمستخدم 69c8442dff8e24bfd57a8772"}
{"level":"info","message":"⏳ انتظار 2000 مللي ثانية قبل التنفيذ..."}
{"level":"info","message":"Checking expired subscriptions..."}
{"level":"info","message":"♻️ تم تحديث الكاش للمستخدم 69c8442dff8e24bfd57a8772"}
{"level":"info","message":"♻️ تم تحديث الكاش للمستخدم 69c8442dff8e24bfd57a8772"}
{"level":"info","message":"♻️ تم تحديث الكاش للمستخدم 69c8442dff8e24bfd57a8772"}
{"level":"info","message":"✅ السيرفر يعمل على http://localhost:3000"}
{"level":"info","message":"🎵 الصوت عبر Cloudinary"}
{"level":"info","message":"🎬 الفيديو عبر Cloudinary"}
{"level":"info","message":"🖥️ دعم العميل المحلي لتنفيذ الكيبورد الحقيقي عبر /agent"}
{"level":"info","message":"✅ متصل بـ MongoDB"}
{"level":"info","message":"ℹ️ تم إزالة حقل username من المستندات"}
{"level":"info","message":"✅ تم حذف الفهرس القديم screenToken_1"}
{"level":"info","message":"✅ تم التأكد من وجود فهرس فريد على email"}
{"level":"info","message":"✅ تم إنشاء فهرس فريد لـ screenToken"}
{"level":"info","message":"ℹ️ لم يتم العثور على gifts.json، سيتم إنشاء الهدايا لاحقاً عبر API"}
{"level":"info","message":"🖥️ العميل المحلي للمستخدم 69c8442dff8e24bfd57a8772 متصل"}
{"level":"info","message":"♻️ تم تحديث الكاش للمستخدم 69c8442dff8e24bfd57a8772"}
{"level":"info","message":"✅ السيرفر يعمل على http://localhost:3000"}
{"level":"info","message":"🎵 الصوت عبر Cloudinary"}
{"level":"info","message":"🎬 الفيديو عبر Cloudinary"}
{"level":"info","message":"🖥️ دعم العميل المحلي لتنفيذ الكيبورد الحقيقي عبر /agent"}
{"level":"info","message":"✅ متصل بـ MongoDB"}
{"level":"info","message":"ℹ️ تم إزالة حقل username من المستندات"}
{"level":"info","message":"✅ تم حذف الفهرس القديم screenToken_1"}
{"level":"info","message":"✅ تم التأكد من وجود فهرس فريد على email"}
{"level":"info","message":"✅ تم إنشاء فهرس فريد لـ screenToken"}
{"level":"info","message":"ℹ️ لم يتم العثور على gifts.json، سيتم إنشاء الهدايا لاحقاً عبر API"}
{"level":"info","message":"🖥️ العميل المحلي للمستخدم 69c8442dff8e24bfd57a8772 متصل"}
{"level":"info","message":"♻️ تم تحديث الكاش للمستخدم 69c8442dff8e24bfd57a8772"}
{"level":"info","message":"♻️ تم تحديث الكاش للمستخدم 69c8442dff8e24bfd57a8772"}
{"level":"info","message":"♻️ تم تحديث الكاش للمستخدم 69c8442dff8e24bfd57a8772"}
{"level":"info","message":"♻️ تم تحديث الكاش للمستخدم 69c8442dff8e24bfd57a8772"}
{"level":"info","message":"♻️ تم تحديث الكاش للمستخدم 69c8442dff8e24bfd57a8772"}
{"level":"info","message":"⏳ انتظار 2000 مللي ثانية قبل التنفيذ..."}
{"level":"info","message":"♻️ تم تحديث الكاش للمستخدم 69c8442dff8e24bfd57a8772"}
{"level":"info","message":"⏳ انتظار 2000 مللي ثانية قبل التنفيذ..."}
{"level":"info","message":"♻️ تم تحديث الكاش للمستخدم 69c8442dff8e24bfd57a8772"}
{"level":"info","message":"⏳ انتظار 2000 مللي ثانية قبل التنفيذ..."}
{"level":"info","message":"♻️ تم تحديث الكاش للمستخدم 69c8442dff8e24bfd57a8772"}
{"level":"info","message":"⏳ انتظار 2000 مللي ثانية قبل التنفيذ..."}
{"level":"info","message":"♻️ تم تحديث الكاش للمستخدم 69c8442dff8e24bfd57a8772"}
{"level":"info","message":"⏳ انتظار 2000 مللي ثانية قبل التنفيذ..."}
{"level":"info","message":"♻️ تم تحديث الكاش للمستخدم 69c8442dff8e24bfd57a8772"}
{"level":"info","message":"⏳ انتظار 2000 مللي ثانية قبل التنفيذ..."}
{"level":"info","message":"♻️ تم تحديث الكاش للمستخدم 69c8442dff8e24bfd57a8772"}
{"level":"info","message":"⏳ انتظار 2000 مللي ثانية قبل التنفيذ..."}
{"level":"info","message":"♻️ تم تحديث الكاش للمستخدم 69c8442dff8e24bfd57a8772"}
{"level":"info","message":"⏳ انتظار 2000 مللي ثانية قبل التنفيذ..."}
{"level":"info","message":"♻️ تم تحديث الكاش للمستخدم 69c8442dff8e24bfd57a8772"}
{"level":"info","message":"⏳ انتظار 2000 مللي ثانية قبل التنفيذ..."}
{"level":"info","message":"♻️ تم تحديث الكاش للمستخدم 69c8442dff8e24bfd57a8772"}
{"level":"info","message":"⏳ انتظار 2000 مللي ثانية قبل التنفيذ..."}
{"level":"info","message":"♻️ تم تحديث الكاش للمستخدم 69c8442dff8e24bfd57a8772"}
{"level":"info","message":"⏳ انتظار 2000 مللي ثانية قبل التنفيذ..."}
{"level":"info","message":"♻️ تم تحديث الكاش للمستخدم 69c8442dff8e24bfd57a8772"}
{"level":"info","message":"⏳ انتظار 2000 مللي ثانية قبل التنفيذ..."}
{"level":"info","message":"♻️ تم تحديث الكاش للمستخدم 69c8442dff8e24bfd57a8772"}
{"level":"info","message":"♻️ تم تحديث الكاش للمستخدم 69c8442dff8e24bfd57a8772"}
{"level":"info","message":"♻️ تم تحديث الكاش للمستخدم 69c8442dff8e24bfd57a8772"}
{"level":"info","message":"♻️ تم تحديث الكاش للمستخدم 69c8442dff8e24bfd57a8772"}
{"level":"info","message":"♻️ تم تحديث الكاش للمستخدم 69c8442dff8e24bfd57a8772"}
{"level":"info","message":"♻️ تم تحديث الكاش للمستخدم 69c8442dff8e24bfd57a8772"}
{"level":"info","message":"♻️ تم تحديث الكاش للمستخدم 69c8442dff8e24bfd57a8772"}
{"level":"info","message":"⏳ انتظار 2000 مللي ثانية قبل التنفيذ..."}
{"level":"info","message":"♻️ تم تحديث الكاش للمستخدم 69c8442dff8e24bfd57a8772"}
{"level":"info","message":"⏳ انتظار 2000 مللي ثانية قبل التنفيذ..."}
{"level":"info","message":"♻️ تم تحديث الكاش للمستخدم 69c8442dff8e24bfd57a8772"}
{"level":"info","message":"⏳ انتظار 2000 مللي ثانية قبل التنفيذ..."}
{"level":"info","message":"♻️ تم تحديث الكاش للمستخدم 69c8442dff8e24bfd57a8772"}
{"level":"info","message":"⏳ انتظار 2000 مللي ثانية قبل التنفيذ..."}
{"level":"info","message":"♻️ تم تحديث الكاش للمستخدم 69c8442dff8e24bfd57a8772"}
{"level":"info","message":"♻️ تم تحديث الكاش للمستخدم 69c8442dff8e24bfd57a8772"}
{"level":"info","message":"⏳ انتظار 2000 مللي ثانية قبل التنفيذ..."}
{"level":"info","message":"♻️ تم تحديث الكاش للمستخدم 69c8442dff8e24bfd57a8772"}
{"level":"info","message":"⏳ انتظار 2000 مللي ثانية قبل التنفيذ..."}
{"level":"info","message":"♻️ تم تحديث الكاش للمستخدم 69c8442dff8e24bfd57a8772"}
{"level":"info","message":"⏳ انتظار 2000 مللي ثانية قبل التنفيذ..."}
{"level":"info","message":"♻️ تم تحديث الكاش للمستخدم 69c8442dff8e24bfd57a8772"}
{"level":"info","message":"⏳ انتظار 2000 مللي ثانية قبل التنفيذ..."}
{"level":"info","message":"♻️ تم تحديث الكاش للمستخدم 69c8442dff8e24bfd57a8772"}
{"level":"info","message":"⏳ انتظار 2000 مللي ثانية قبل التنفيذ..."}
{"level":"info","message":"♻️ تم تحديث الكاش للمستخدم 69c8442dff8e24bfd57a8772"}
{"level":"info","message":"⏳ انتظار 2000 مللي ثانية قبل التنفيذ..."}
{"level":"info","message":"♻️ تم تحديث الكاش للمستخدم 69c8442dff8e24bfd57a8772"}
{"level":"info","message":"⏳ انتظار 2000 مللي ثانية قبل التنفيذ..."}
{"level":"info","message":"♻️ تم تحديث الكاش للمستخدم 69c8442dff8e24bfd57a8772"}
{"level":"info","message":"⏳ انتظار 2000 مللي ثانية قبل التنفيذ..."}
{"level":"info","message":"♻️ تم تحديث الكاش للمستخدم 69c8442dff8e24bfd57a8772"}
{"level":"info","message":"⏳ انتظار 2000 مللي ثانية قبل التنفيذ..."}
{"level":"info","message":"♻️ تم تحديث الكاش للمستخدم 69c8442dff8e24bfd57a8772"}
{"level":"info","message":"⏳ انتظار 2000 مللي ثانية قبل التنفيذ..."}
{"level":"info","message":"♻️ تم تحديث الكاش للمستخدم 69c8442dff8e24bfd57a8772"}
{"level":"info","message":"⏳ انتظار 2000 مللي ثانية قبل التنفيذ..."}
{"level":"info","message":"♻️ تم تحديث الكاش للمستخدم 69c8442dff8e24bfd57a8772"}
{"level":"info","message":"⏳ انتظار 2000 مللي ثانية قبل التنفيذ..."}
{"level":"info","message":"♻️ تم تحديث الكاش للمستخدم 69c8442dff8e24bfd57a8772"}
{"level":"info","message":"⏳ انتظار 2000 مللي ثانية قبل التنفيذ..."}
{"level":"info","message":"♻️ تم تحديث الكاش للمستخدم 69c8442dff8e24bfd57a8772"}
{"level":"info","message":"⏳ انتظار 2000 مللي ثانية قبل التنفيذ..."}
{"level":"info","message":"✅ السيرفر يعمل على http://localhost:3000"}
{"level":"info","message":"🎵 الصوت عبر Cloudinary"}
{"level":"info","message":"🎬 الفيديو عبر Cloudinary"}
{"level":"info","message":"🖥️ دعم العميل المحلي لتنفيذ الكيبورد الحقيقي عبر /agent"}
{"level":"info","message":"✅ متصل بـ MongoDB"}
{"level":"info","message":"ℹ️ تم إزالة حقل username من المستندات"}
{"level":"info","message":"✅ تم حذف الفهرس القديم screenToken_1"}
{"level":"info","message":"✅ تم التأكد من وجود فهرس فريد على email"}
{"level":"info","message":"✅ تم إنشاء فهرس فريد لـ screenToken"}
{"level":"info","message":"ℹ️ لم يتم العثور على gifts.json، سيتم إنشاء الهدايا لاحقاً عبر API"}
{"level":"info","message":"✅ السيرفر يعمل على http://localhost:3000"}
{"level":"info","message":"🎵 الصوت عبر Cloudinary"}
{"level":"info","message":"🎬 الفيديو عبر Cloudinary"}
{"level":"info","message":"🖥️ دعم العميل المحلي لتنفيذ الكيبورد الحقيقي عبر /agent"}
{"level":"info","message":"✅ متصل بـ MongoDB"}
{"level":"info","message":"ℹ️ تم إزالة حقل username من المستندات"}
{"level":"info","message":"✅ تم حذف الفهرس القديم screenToken_1"}
{"level":"info","message":"✅ تم التأكد من وجود فهرس فريد على email"}
{"level":"info","message":"✅ تم إنشاء فهرس فريد لـ screenToken"}
{"level":"info","message":"ℹ️ لم يتم العثور على gifts.json، سيتم إنشاء الهدايا لاحقاً عبر API"}
{"level":"info","message":"✅ السيرفر يعمل على http://localhost:3000"}
{"level":"info","message":"🎵 الصوت عبر Cloudinary"}
{"level":"info","message":"🎬 الفيديو عبر Cloudinary"}
{"level":"info","message":"🖥️ دعم العميل المحلي لتنفيذ الكيبورد الحقيقي عبر /agent"}
{"level":"info","message":"✅ متصل بـ MongoDB"}
{"level":"info","message":"ℹ️ تم إزالة حقل username من المستندات"}
{"level":"info","message":"✅ تم حذف الفهرس القديم screenToken_1"}
{"level":"info","message":"✅ تم التأكد من وجود فهرس فريد على email"}
{"level":"info","message":"✅ تم إنشاء فهرس فريد لـ screenToken"}
{"level":"info","message":"ℹ️ لم يتم العثور على gifts.json، سيتم إنشاء الهدايا لاحقاً عبر API"}
{"level":"info","message":"🖥️ العميل المحلي للمستخدم 69c8442dff8e24bfd57a8772 متصل"}
{"level":"info","message":"♻️ تم تحديث الكاش للمستخدم 69c8442dff8e24bfd57a8772"}
{"level":"info","message":"♻️ تم تحديث الكاش للمستخدم 69c8442dff8e24bfd57a8772"}
{"level":"info","message":"♻️ تم تحديث الكاش للمستخدم 69c8442dff8e24bfd57a8772"}
{"level":"info","message":"♻️ تم تحديث الكاش للمستخدم 69c8442dff8e24bfd57a8772"}
{"level":"info","message":"♻️ تم تحديث الكاش للمستخدم 69c8442dff8e24bfd57a8772"}
{"level":"info","message":"♻️ تم تحديث الكاش للمستخدم 69c8442dff8e24bfd57a8772"}
{"level":"info","message":"♻️ تم تحديث الكاش للمستخدم 69c8442dff8e24bfd57a8772"}
{"level":"info","message":"♻️ تم تحديث الكاش للمستخدم 69c8442dff8e24bfd57a8772"}
{"level":"info","message":"♻️ تم تحديث الكاش للمستخدم 69c8442dff8e24bfd57a8772"}
{"level":"info","message":"♻️ تم تحديث الكاش للمستخدم 69c8442dff8e24bfd57a8772"}
{"level":"info","message":"♻️ تم تحديث الكاش للمستخدم 69c8442dff8e24bfd57a8772"}
{"level":"info","message":"♻️ تم تحديث الكاش للمستخدم 69c8442dff8e24bfd57a8772"}
{"level":"info","message":"♻️ تم تحديث الكاش للمستخدم 69c8442dff8e24bfd57a8772"}
{"level":"info","message":"♻️ تم تحديث الكاش للمستخدم 69c8442dff8e24bfd57a8772"}
{"level":"info","message":"⏳ انتظار 2000 مللي ثانية قبل التنفيذ..."}
{"level":"info","message":"♻️ تم تحديث الكاش للمستخدم 69c8442dff8e24bfd57a8772"}
{"level":"info","message":"♻️ تم تحديث الكاش للمستخدم 69c8442dff8e24bfd57a8772"}
{"level":"info","message":"♻️ تم تحديث الكاش للمستخدم 69c8442dff8e24bfd57a8772"}
{"level":"info","message":"♻️ تم تحديث الكاش للمستخدم 69c8442dff8e24bfd57a8772"}
{"level":"info","message":"♻️ تم تحديث الكاش للمستخدم 69c8442dff8e24bfd57a8772"}
{"level":"info","message":"♻️ تم تحديث الكاش للمستخدم 69c8442dff8e24bfd57a8772"}
{"level":"info","message":"♻️ تم تحديث الكاش للمستخدم 69c8442dff8e24bfd57a8772"}
{"level":"info","message":"♻️ تم تحديث الكاش للمستخدم 69c8442dff8e24bfd57a8772"}
{"level":"info","message":"♻️ تم تحديث الكاش للمستخدم 69c8442dff8e24bfd57a8772"}
{"level":"info","message":"♻️ تم تحديث الكاش للمستخدم 69c8442dff8e24bfd57a8772"}
{"level":"info","message":"⏳ انتظار 2000 مللي ثانية قبل التنفيذ..."}
{"level":"info","message":"♻️ تم تحديث الكاش للمستخدم 69c8442dff8e24bfd57a8772"}
{"level":"info","message":"⏳ انتظار 2000 مللي ثانية قبل التنفيذ..."}
{"level":"info","message":"♻️ تم تحديث الكاش للمستخدم 69c8442dff8e24bfd57a8772"}
{"level":"info","message":"⏳ انتظار 2000 مللي ثانية قبل التنفيذ..."}
{"level":"info","message":"♻️ تم تحديث الكاش للمستخدم 69c8442dff8e24bfd57a8772"}
{"level":"info","message":"⏳ انتظار 2000 مللي ثانية قبل التنفيذ..."}
{"level":"info","message":"♻️ تم تحديث الكاش للمستخدم 69c8442dff8e24bfd57a8772"}
{"level":"info","message":"⏳ انتظار 2000 مللي ثانية قبل التنفيذ..."}
{"level":"info","message":"♻️ تم تحديث الكاش للمستخدم 69c8442dff8e24bfd57a8772"}
{"level":"info","message":"⏳ انتظار 2000 مللي ثانية قبل التنفيذ..."}
{"level":"info","message":"♻️ تم تحديث الكاش للمستخدم 69c8442dff8e24bfd57a8772"}
{"level":"info","message":"⏳ انتظار 2000 مللي ثانية قبل التنفيذ..."}
{"level":"info","message":"♻️ تم تحديث الكاش للمستخدم 69c8442dff8e24bfd57a8772"}
{"level":"info","message":"⏳ انتظار 2000 مللي ثانية قبل التنفيذ..."}
{"level":"info","message":"♻️ تم تحديث الكاش للمستخدم 69c8442dff8e24bfd57a8772"}
{"level":"info","message":"⏳ انتظار 2000 مللي ثانية قبل التنفيذ..."}
{"level":"info","message":"♻️ تم تحديث الكاش للمستخدم 69c8442dff8e24bfd57a8772"}
{"level":"info","message":"⏳ انتظار 2000 مللي ثانية قبل التنفيذ..."}
{"level":"info","message":"🖥️ العميل المحلي للمستخدم 69c8442dff8e24bfd57a8772 قطع الاتصال"}
{"level":"info","message":"🖥️ العميل المحلي للمستخدم 69c8442dff8e24bfd57a8772 متصل"}
{"level":"info","message":"♻️ تم تحديث الكاش للمستخدم 69c8442dff8e24bfd57a8772"}
{"level":"info","message":"⏳ انتظار 2000 مللي ثانية قبل التنفيذ..."}
{"level":"info","message":"♻️ تم تحديث الكاش للمستخدم 69c8442dff8e24bfd57a8772"}
{"level":"info","message":"⏳ انتظار 2000 مللي ثانية قبل التنفيذ..."}
{"level":"info","message":"♻️ تم تحديث الكاش للمستخدم 69c8442dff8e24bfd57a8772"}
{"level":"info","message":"⏳ انتظار 2000 مللي ثانية قبل التنفيذ..."}
{"level":"info","message":"♻️ تم تحديث الكاش للمستخدم 69c8442dff8e24bfd57a8772"}
{"level":"info","message":"⏳ انتظار 2000 مللي ثانية قبل التنفيذ..."}
{"level":"info","message":"♻️ تم تحديث الكاش للمستخدم 69c8442dff8e24bfd57a8772"}
{"level":"info","message":"⏳ انتظار 2000 مللي ثانية قبل التنفيذ..."}
{"level":"info","message":"♻️ تم تحديث الكاش للمستخدم 69c8442dff8e24bfd57a8772"}
{"level":"info","message":"⏳ انتظار 2000 مللي ثانية قبل التنفيذ..."}
{"level":"info","message":"♻️ تم تحديث الكاش للمستخدم 69c8442dff8e24bfd57a8772"}
{"level":"info","message":"⏳ انتظار 2000 مللي ثانية قبل التنفيذ..."}
{"level":"info","message":"♻️ تم تحديث الكاش للمستخدم 69c8442dff8e24bfd57a8772"}
{"level":"info","message":"⏳ انتظار 2000 مللي ثانية قبل التنفيذ..."}
{"level":"info","message":"♻️ تم تحديث الكاش للمستخدم 69c8442dff8e24bfd57a8772"}
{"level":"info","message":"⏳ انتظار 2000 مللي ثانية قبل التنفيذ..."}
{"level":"info","message":"♻️ تم تحديث الكاش للمستخدم 69c8442dff8e24bfd57a8772"}
{"level":"info","message":"⏳ انتظار 2000 مللي ثانية قبل التنفيذ..."}
{"level":"info","message":"♻️ تم تحديث الكاش للمستخدم 69c8442dff8e24bfd57a8772"}
{"level":"info","message":"⏳ انتظار 2000 مللي ثانية قبل التنفيذ..."}
{"level":"info","message":"♻️ تم تحديث الكاش للمستخدم 69c8442dff8e24bfd57a8772"}
{"level":"info","message":"⏳ انتظار 2000 مللي ثانية قبل التنفيذ..."}
{"level":"info","message":"♻️ تم تحديث الكاش للمستخدم 69c8442dff8e24bfd57a8772"}
{"level":"info","message":"⏳ انتظار 2000 مللي ثانية قبل التنفيذ..."}
{"level":"info","message":"♻️ تم تحديث الكاش للمستخدم 69c8442dff8e24bfd57a8772"}
{"level":"info","message":"⏳ انتظار 2000 مللي ثانية قبل التنفيذ..."}
{"level":"info","message":"♻️ تم تحديث الكاش للمستخدم 69c8442dff8e24bfd57a8772"}
{"level":"info","message":"⏳ انتظار 2000 مللي ثانية قبل التنفيذ..."}
{"level":"info","message":"♻️ تم تحديث الكاش للمستخدم 69c8442dff8e24bfd57a8772"}
{"level":"info","message":"⏳ انتظار 2000 مللي ثانية قبل التنفيذ..."}
{"level":"info","message":"♻️ تم تحديث الكاش للمستخدم 69c8442dff8e24bfd57a8772"}
{"level":"info","message":"⏳ انتظار 2000 مللي ثانية قبل التنفيذ..."}
{"level":"info","message":"♻️ تم تحديث الكاش للمستخدم 69c8442dff8e24bfd57a8772"}
{"level":"info","message":"⏳ انتظار 2000 مللي ثانية قبل التنفيذ..."}
{"level":"info","message":"♻️ تم تحديث الكاش للمستخدم 69c8442dff8e24bfd57a8772"}
{"level":"info","message":"♻️ تم تحديث الكاش للمستخدم 69c8442dff8e24bfd57a8772"}
{"level":"info","message":"♻️ تم تحديث الكاش للمستخدم 69c8442dff8e24bfd57a8772"}
{"level":"info","message":"⏳ انتظار 2000 مللي ثانية قبل التنفيذ..."}
{"level":"info","message":"♻️ تم تحديث الكاش للمستخدم 69c8442dff8e24bfd57a8772"}
{"level":"info","message":"⏳ انتظار 2000 مللي ثانية قبل التنفيذ..."}
{"level":"info","message":"♻️ تم تحديث الكاش للمستخدم 69c8442dff8e24bfd57a8772"}
{"level":"info","message":"♻️ تم تحديث الكاش للمستخدم 69c8442dff8e24bfd57a8772"}
{"level":"info","message":"⏳ انتظار 2000 مللي ثانية قبل التنفيذ..."}
{"level":"info","message":"♻️ تم تحديث الكاش للمستخدم 69c8442dff8e24bfd57a8772"}
{"level":"info","message":"⏳ انتظار 2000 مللي ثانية قبل التنفيذ..."}
{"level":"info","message":"♻️ تم تحديث الكاش للمستخدم 69c8442dff8e24bfd57a8772"}
{"level":"info","message":"⏳ انتظار 2000 مللي ثانية قبل التنفيذ..."}
{"level":"info","message":"✅ السيرفر يعمل على http://localhost:3000"}
{"level":"info","message":"🎵 الصوت عبر Cloudinary"}
{"level":"info","message":"🎬 الفيديو عبر Cloudinary"}
{"level":"info","message":"🖥️ دعم العميل المحلي لتنفيذ الكيبورد الحقيقي عبر /agent"}
{"level":"info","message":"✅ متصل بـ MongoDB"}
{"level":"info","message":"ℹ️ تم إزالة حقل username من المستندات"}
{"level":"info","message":"✅ تم حذف الفهرس القديم screenToken_1"}
{"level":"info","message":"✅ تم التأكد من وجود فهرس فريد على email"}
{"level":"info","message":"✅ تم إنشاء فهرس فريد لـ screenToken"}
{"level":"info","message":"ℹ️ لم يتم العثور على gifts.json، سيتم إنشاء الهدايا لاحقاً عبر API"}
{"level":"info","message":"✅ السيرفر يعمل على http://localhost:3000"}
{"level":"info","message":"🎵 الصوت عبر Cloudinary"}
{"level":"info","message":"🎬 الفيديو عبر Cloudinary"}
{"level":"info","message":"🖥️ دعم العميل المحلي لتنفيذ الكيبورد الحقيقي عبر /agent"}
{"level":"info","message":"✅ متصل بـ MongoDB"}
{"level":"info","message":"ℹ️ تم إزالة حقل username من المستندات"}
{"level":"info","message":"✅ تم حذف الفهرس القديم screenToken_1"}
{"level":"info","message":"✅ تم التأكد من وجود فهرس فريد على email"}
{"level":"info","message":"✅ تم إنشاء فهرس فريد لـ screenToken"}
{"level":"info","message":"ℹ️ لم يتم العثور على gifts.json، سيتم إنشاء الهدايا لاحقاً عبر API"}
{"level":"info","message":"✅ السيرفر يعمل على http://localhost:3000"}
{"level":"info","message":"🎵 الصوت عبر Cloudinary"}
{"level":"info","message":"🎬 الفيديو عبر Cloudinary"}
{"level":"info","message":"🖥️ دعم العميل المحلي لتنفيذ الكيبورد الحقيقي عبر /agent"}
{"level":"info","message":"✅ متصل بـ MongoDB"}
{"level":"info","message":"ℹ️ تم إزالة حقل username من المستندات"}
{"level":"info","message":"✅ تم حذف الفهرس القديم screenToken_1"}
{"level":"info","message":"✅ تم التأكد من وجود فهرس فريد على email"}
{"level":"info","message":"✅ تم إنشاء فهرس فريد لـ screenToken"}
{"level":"info","message":"ℹ️ لم يتم العثور على gifts.json، سيتم إنشاء الهدايا لاحقاً عبر API"}
{"level":"info","message":"✅ السيرفر يعمل على http://localhost:3000"}
{"level":"info","message":"🎵 الصوت عبر Cloudinary"}
{"level":"info","message":"🎬 الفيديو عبر Cloudinary"}
{"level":"info","message":"🖥️ دعم العميل المحلي لتنفيذ الكيبورد الحقيقي عبر /agent"}
{"level":"info","message":"✅ متصل بـ MongoDB"}
{"level":"info","message":"ℹ️ تم إزالة حقل username من المستندات"}
{"level":"info","message":"✅ تم حذف الفهرس القديم screenToken_1"}
{"level":"info","message":"✅ تم التأكد من وجود فهرس فريد على email"}
{"level":"info","message":"✅ تم إنشاء فهرس فريد لـ screenToken"}
{"level":"info","message":"ℹ️ لم يتم العثور على gifts.json، سيتم إنشاء الهدايا لاحقاً عبر API"}
{"level":"info","message":"✅ السيرفر يعمل على http://localhost:3000"}
{"level":"info","message":"🎵 الصوت عبر Cloudinary"}
{"level":"info","message":"🎬 الفيديو عبر Cloudinary"}
{"level":"info","message":"🖥️ دعم العميل المحلي لتنفيذ الكيبورد الحقيقي عبر /agent"}
{"level":"info","message":"✅ متصل بـ MongoDB"}
{"level":"info","message":"ℹ️ تم إزالة حقل username من المستندات"}
{"level":"info","message":"✅ تم حذف الفهرس القديم screenToken_1"}
{"level":"info","message":"✅ تم التأكد من وجود فهرس فريد على email"}
{"level":"info","message":"✅ تم إنشاء فهرس فريد لـ screenToken"}
{"level":"info","message":"ℹ️ لم يتم العثور على gifts.json، سيتم إنشاء الهدايا لاحقاً عبر API"}
{"level":"info","message":"✅ السيرفر يعمل على http://localhost:3000"}
{"level":"info","message":"🎵 الصوت عبر Cloudinary"}
{"level":"info","message":"🎬 الفيديو عبر Cloudinary"}
{"level":"info","message":"🖥️ دعم العميل المحلي لتنفيذ الكيبورد الحقيقي عبر /agent"}
{"level":"info","message":"✅ متصل بـ MongoDB"}
{"level":"info","message":"ℹ️ تم إزالة حقل username من المستندات"}
{"level":"info","message":"✅ تم حذف الفهرس القديم screenToken_1"}
{"level":"info","message":"✅ تم التأكد من وجود فهرس فريد على email"}
{"level":"info","message":"✅ تم إنشاء فهرس فريد لـ screenToken"}
{"level":"info","message":"ℹ️ لم يتم العثور على gifts.json، سيتم إنشاء الهدايا لاحقاً عبر API"}
{"level":"info","message":"✅ السيرفر يعمل على http://localhost:3000"}
{"level":"info","message":"🎵 الصوت عبر Cloudinary"}
{"level":"info","message":"🎬 الفيديو عبر Cloudinary"}
{"level":"info","message":"🖥️ دعم العميل المحلي لتنفيذ الكيبورد الحقيقي عبر /agent"}
{"level":"info","message":"✅ متصل بـ MongoDB"}
{"level":"info","message":"ℹ️ تم إزالة حقل username من المستندات"}
{"level":"info","message":"✅ تم حذف الفهرس القديم screenToken_1"}
{"level":"info","message":"✅ تم التأكد من وجود فهرس فريد على email"}
{"level":"info","message":"✅ تم إنشاء فهرس فريد لـ screenToken"}
{"level":"info","message":"ℹ️ لم يتم العثور على gifts.json، سيتم إنشاء الهدايا لاحقاً عبر API"}
{"level":"info","message":"✅ السيرفر يعمل على http://localhost:3000"}
{"level":"info","message":"🎵 الصوت عبر Cloudinary"}
{"level":"info","message":"🎬 الفيديو عبر Cloudinary"}
{"level":"info","message":"🖥️ دعم العميل المحلي لتنفيذ الكيبورد الحقيقي عبر /agent"}
{"level":"info","message":"✅ متصل بـ MongoDB"}
{"level":"info","message":"ℹ️ تم إزالة حقل username من المستندات"}
{"level":"info","message":"✅ تم حذف الفهرس القديم screenToken_1"}
{"level":"info","message":"✅ تم التأكد من وجود فهرس فريد على email"}
{"level":"info","message":"✅ تم إنشاء فهرس فريد لـ screenToken"}
{"level":"info","message":"ℹ️ لم يتم العثور على gifts.json، سيتم إنشاء الهدايا لاحقاً عبر API"}
{"level":"info","message":"✅ السيرفر يعمل على http://localhost:3000"}
{"level":"info","message":"🎵 الصوت عبر Cloudinary"}
{"level":"info","message":"🎬 الفيديو عبر Cloudinary"}
{"level":"info","message":"🖥️ دعم العميل المحلي لتنفيذ الكيبورد الحقيقي عبر /agent"}
{"level":"info","message":"✅ متصل بـ MongoDB"}
{"level":"info","message":"ℹ️ تم إزالة حقل username من المستندات"}
{"level":"info","message":"✅ تم حذف الفهرس القديم screenToken_1"}
{"level":"info","message":"✅ تم التأكد من وجود فهرس فريد على email"}
{"level":"info","message":"✅ تم إنشاء فهرس فريد لـ screenToken"}
{"level":"info","message":"ℹ️ لم يتم العثور على gifts.json، سيتم إنشاء الهدايا لاحقاً عبر API"}
{"level":"info","message":"✅ السيرفر يعمل على http://localhost:3000"}
{"level":"info","message":"🎵 الصوت عبر Cloudinary"}
{"level":"info","message":"🎬 الفيديو عبر Cloudinary"}
{"level":"info","message":"🖥️ دعم العميل المحلي لتنفيذ الكيبورد الحقيقي عبر /agent"}
{"level":"info","message":"✅ متصل بـ MongoDB"}
{"level":"info","message":"ℹ️ تم إزالة حقل username من المستندات"}
{"level":"info","message":"✅ تم حذف الفهرس القديم screenToken_1"}
{"level":"info","message":"✅ تم التأكد من وجود فهرس فريد على email"}
{"level":"info","message":"✅ تم إنشاء فهرس فريد لـ screenToken"}
{"level":"info","message":"ℹ️ لم يتم العثور على gifts.json، سيتم إنشاء الهدايا لاحقاً عبر API"}
{"level":"info","message":"✅ السيرفر يعمل على http://localhost:3000"}
{"level":"info","message":"🎵 الصوت عبر Cloudinary"}
{"level":"info","message":"🎬 الفيديو عبر Cloudinary"}
{"level":"info","message":"🖥️ دعم العميل المحلي لتنفيذ الكيبورد الحقيقي عبر /agent"}
{"level":"info","message":"✅ متصل بـ MongoDB"}
{"level":"info","message":"ℹ️ تم إزالة حقل username من المستندات"}
{"level":"info","message":"✅ تم حذف الفهرس القديم screenToken_1"}
{"level":"info","message":"✅ تم التأكد من وجود فهرس فريد على email"}
{"level":"info","message":"✅ تم إنشاء فهرس فريد لـ screenToken"}
{"level":"info","message":"ℹ️ لم يتم العثور على gifts.json، سيتم إنشاء الهدايا لاحقاً عبر API"}
{"level":"info","message":"♻️ تم تحديث الكاش للمستخدم 69c8442dff8e24bfd57a8772"}
{"level":"info","message":"♻️ تم تحديث الكاش للمستخدم 69c8442dff8e24bfd57a8772"}
{"level":"info","message":"♻️ تم تحديث الكاش للمستخدم 69c8442dff8e24bfd57a8772"}
{"level":"info","message":"♻️ تم تحديث الكاش للمستخدم 69c8442dff8e24bfd57a8772"}
{"level":"info","message":"⏳ انتظار 2000 مللي ثانية قبل التنفيذ..."}
{"level":"info","message":"♻️ تم تحديث الكاش للمستخدم 69c8442dff8e24bfd57a8772"}
{"level":"info","message":"♻️ تم تحديث الكاش للمستخدم 69c8442dff8e24bfd57a8772"}
{"level":"info","message":"✅ السيرفر يعمل على http://localhost:3000"}
{"level":"info","message":"🎵 الصوت عبر Cloudinary"}
{"level":"info","message":"🎬 الفيديو عبر Cloudinary"}
{"level":"info","message":"🖥️ دعم العميل المحلي لتنفيذ الكيبورد الحقيقي عبر /agent"}
{"level":"info","message":"✅ متصل بـ MongoDB"}
{"level":"info","message":"ℹ️ تم إزالة حقل username من المستندات"}
{"level":"info","message":"✅ تم حذف الفهرس القديم screenToken_1"}
{"level":"info","message":"✅ تم التأكد من وجود فهرس فريد على email"}
{"level":"warn","message":"⚠️ فشل إنشاء فهارس:"}
{"level":"info","message":"ℹ️ لم يتم العثور على gifts.json، سيتم إنشاء الهدايا لاحقاً عبر API"}
{"level":"info","message":"✅ السيرفر يعمل على http://localhost:3000"}
{"level":"info","message":"🎵 الصوت عبر Cloudinary"}
{"level":"info","message":"🎬 الفيديو عبر Cloudinary"}
{"level":"info","message":"🖥️ دعم العميل المحلي لتنفيذ الكيبورد الحقيقي عبر /agent"}
{"level":"info","message":"✅ متصل بـ MongoDB"}
{"level":"info","message":"ℹ️ تم إزالة حقل username من المستندات"}
{"level":"info","message":"✅ تم حذف الفهرس القديم screenToken_1"}
{"level":"info","message":"✅ تم التأكد من وجود فهرس فريد على email"}
{"level":"info","message":"✅ تم إنشاء فهرس فريد لـ screenToken"}
{"level":"info","message":"ℹ️ لم يتم العثور على gifts.json، سيتم إنشاء الهدايا لاحقاً عبر API"}
{"level":"info","message":"✅ السيرفر يعمل على http://localhost:3000"}
{"level":"info","message":"🎵 الصوت عبر Cloudinary"}
{"level":"info","message":"🎬 الفيديو عبر Cloudinary"}
{"level":"info","message":"🖥️ دعم العميل المحلي لتنفيذ الكيبورد الحقيقي عبر /agent"}
{"level":"info","message":"✅ متصل بـ MongoDB"}
{"level":"info","message":"ℹ️ تم إزالة حقل username من المستندات"}
{"level":"info","message":"✅ تم حذف الفهرس القديم screenToken_1"}
{"level":"info","message":"✅ تم التأكد من وجود فهرس فريد على email"}
{"level":"info","message":"✅ تم إنشاء فهرس فريد لـ screenToken"}
{"level":"info","message":"ℹ️ لم يتم العثور على gifts.json، سيتم إنشاء الهدايا لاحقاً عبر API"}
{"level":"info","message":"✅ السيرفر يعمل على http://localhost:3000"}
{"level":"info","message":"🎵 الصوت عبر Cloudinary"}
{"level":"info","message":"🎬 الفيديو عبر Cloudinary"}
{"level":"info","message":"🖥️ دعم العميل المحلي لتنفيذ الكيبورد الحقيقي عبر /agent"}
{"level":"info","message":"✅ متصل بـ MongoDB"}
{"level":"info","message":"ℹ️ تم إزالة حقل username من المستندات"}
{"level":"info","message":"✅ تم حذف الفهرس القديم screenToken_1"}
{"level":"info","message":"✅ تم التأكد من وجود فهرس فريد على email"}
{"level":"info","message":"✅ تم إنشاء فهرس فريد لـ screenToken"}
{"level":"info","message":"ℹ️ لم يتم العثور على gifts.json، سيتم إنشاء الهدايا لاحقاً عبر API"}
{"level":"info","message":"♻️ تم تحديث الكاش للمستخدم 69c8442dff8e24bfd57a8772"}
{"level":"info","message":"⌨️ تم تنفيذ كيستروك: Ctrl+K"}
{"level":"info","message":"♻️ تم تحديث الكاش للمستخدم 69c8442dff8e24bfd57a8772"}
{"level":"info","message":"⌨️ تم تنفيذ كيستروك: Ctrl+K"}
{"level":"info","message":"♻️ تم تحديث الكاش للمستخدم 69c8442dff8e24bfd57a8772"}
{"level":"info","message":"♻️ تم تحديث الكاش للمستخدم 69c8442dff8e24bfd57a8772"}
{"level":"info","message":"⌨️ تم تنفيذ كيستروك: Ctrl+K"}
{"level":"info","message":"⏳ انتظار 2000 مللي ثانية قبل التنفيذ..."}
{"level":"info","message":"✅ السيرفر يعمل على http://localhost:3000"}
{"level":"info","message":"🎵 الصوت عبر Cloudinary"}
{"level":"info","message":"🎬 الفيديو عبر Cloudinary"}
{"level":"info","message":"🖥️ دعم العميل المحلي لتنفيذ الكيبورد الحقيقي عبر /agent"}
{"level":"info","message":"✅ متصل بـ MongoDB"}
{"level":"info","message":"ℹ️ تم إزالة حقل username من المستندات"}
{"level":"info","message":"✅ تم حذف الفهرس القديم screenToken_1"}
{"level":"info","message":"✅ تم التأكد من وجود فهرس فريد على email"}
{"level":"info","message":"✅ تم إنشاء فهرس فريد لـ screenToken"}
{"level":"info","message":"ℹ️ لم يتم العثور على gifts.json، سيتم إنشاء الهدايا لاحقاً عبر API"}
{"level":"info","message":"✅ السيرفر يعمل على http://localhost:3000"}
{"level":"info","message":"🎵 الصوت عبر Cloudinary"}
{"level":"info","message":"🎬 الفيديو عبر Cloudinary"}
{"level":"info","message":"🖥️ دعم العميل المحلي لتنفيذ الكيبورد الحقيقي عبر /agent"}
{"level":"info","message":"✅ متصل بـ MongoDB"}
{"level":"info","message":"ℹ️ تم إزالة حقل username من المستندات"}
{"level":"info","message":"✅ تم حذف الفهرس القديم screenToken_1"}
{"level":"info","message":"✅ تم التأكد من وجود فهرس فريد على email"}
{"level":"info","message":"✅ تم إنشاء فهرس فريد لـ screenToken"}
{"level":"info","message":"ℹ️ لم يتم العثور على gifts.json، سيتم إنشاء الهدايا لاحقاً عبر API"}
{"level":"info","message":"✅ السيرفر يعمل على http://localhost:3000"}
{"level":"info","message":"🎵 الصوت عبر Cloudinary"}
{"level":"info","message":"🎬 الفيديو عبر Cloudinary"}
{"level":"info","message":"🖥️ دعم العميل المحلي لتنفيذ الكيبورد الحقيقي عبر /agent"}
{"level":"info","message":"✅ متصل بـ MongoDB"}
{"level":"info","message":"ℹ️ تم إزالة حقل username من المستندات"}
{"level":"info","message":"✅ تم حذف الفهرس القديم screenToken_1"}
{"level":"info","message":"✅ تم التأكد من وجود فهرس فريد على email"}
{"level":"info","message":"✅ تم إنشاء فهرس فريد لـ screenToken"}
{"level":"info","message":"ℹ️ لم يتم العثور على gifts.json، سيتم إنشاء الهدايا لاحقاً عبر API"}
{"level":"info","message":"♻️ تم تحديث الكاش للمستخدم 69c8442dff8e24bfd57a8772"}
{"level":"error","message":"❌ خطأ في تنفيذ أمر الهدية:"}
{"level":"info","message":"♻️ تم تحديث الكاش للمستخدم 69c8442dff8e24bfd57a8772"}
{"level":"error","message":"❌ خطأ في تنفيذ أمر الهدية:"}
{"level":"info","message":"Checking expired subscriptions..."}
{"level":"info","message":"✅ السيرفر يعمل على http://localhost:3000"}
{"level":"info","message":"🎵 الصوت عبر Cloudinary"}
{"level":"info","message":"🎬 الفيديو عبر Cloudinary"}
{"level":"info","message":"🖥️ دعم العميل المحلي لتنفيذ الكيبورد الحقيقي عبر /agent"}
{"level":"info","message":"✅ متصل بـ MongoDB"}
{"level":"info","message":"ℹ️ تم إزالة حقل username من المستندات"}
{"level":"info","message":"✅ تم حذف الفهرس القديم screenToken_1"}
{"level":"info","message":"✅ تم التأكد من وجود فهرس فريد على email"}
{"level":"warn","message":"⚠️ فشل إنشاء فهارس:"}
{"level":"info","message":"ℹ️ لم يتم العثور على gifts.json، سيتم إنشاء الهدايا لاحقاً عبر API"}
{"level":"info","message":"✅ السيرفر يعمل على http://localhost:3000"}
{"level":"info","message":"🎵 الصوت عبر Cloudinary"}
{"level":"info","message":"🎬 الفيديو عبر Cloudinary"}
{"level":"info","message":"🖥️ دعم العميل المحلي لتنفيذ الكيبورد الحقيقي عبر /agent"}
{"level":"info","message":"✅ متصل بـ MongoDB"}
{"level":"info","message":"ℹ️ تم إزالة حقل username من المستندات"}
{"level":"info","message":"✅ تم التأكد من وجود فهرس فريد على email"}
{"level":"warn","message":"⚠️ فشل إنشاء فهارس:"}
{"level":"info","message":"ℹ️ لم يتم العثور على gifts.json، سيتم إنشاء الهدايا لاحقاً عبر API"}
{"level":"info","message":"✅ السيرفر يعمل على http://localhost:3000"}
{"level":"info","message":"🎵 الصوت عبر Cloudinary"}
{"level":"info","message":"🎬 الفيديو عبر Cloudinary"}
{"level":"info","message":"🖥️ دعم العميل المحلي لتنفيذ الكيبورد الحقيقي عبر /agent"}
{"level":"info","message":"✅ متصل بـ MongoDB"}
{"level":"info","message":"ℹ️ تم إزالة حقل username من المستندات"}
{"level":"info","message":"✅ تم التأكد من وجود فهرس فريد على email"}
{"level":"warn","message":"⚠️ فشل إنشاء فهارس:"}
{"level":"info","message":"ℹ️ لم يتم العثور على gifts.json، سيتم إنشاء الهدايا لاحقاً عبر API"}
{"level":"info","message":"✅ السيرفر يعمل على http://localhost:3000"}
{"level":"info","message":"🎵 الصوت عبر Cloudinary"}
{"level":"info","message":"🎬 الفيديو عبر Cloudinary"}
{"level":"info","message":"🖥️ دعم العميل المحلي لتنفيذ الكيبورد الحقيقي عبر /agent"}
{"level":"info","message":"✅ متصل بـ MongoDB"}
{"level":"info","message":"ℹ️ تم إزالة حقل username من المستندات"}
{"level":"info","message":"✅ تم التأكد من وجود فهرس فريد على email"}
{"level":"warn","message":"⚠️ فشل إنشاء فهارس:"}
{"level":"info","message":"ℹ️ لم يتم العثور على gifts.json، سيتم إنشاء الهدايا لاحقاً عبر API"}
{"level":"info","message":"✅ السيرفر يعمل على http://localhost:3000"}
{"level":"info","message":"🎵 الصوت عبر Cloudinary"}
{"level":"info","message":"🎬 الفيديو عبر Cloudinary"}
{"level":"info","message":"🖥️ دعم العميل المحلي لتنفيذ الكيبورد الحقيقي عبر /agent"}
{"level":"info","message":"✅ متصل بـ MongoDB"}
{"level":"info","message":"ℹ️ تم إزالة حقل username من المستندات"}
{"level":"info","message":"✅ تم التأكد من وجود فهرس فريد على email"}
{"level":"warn","message":"⚠️ فشل إنشاء فهارس:"}
{"level":"info","message":"ℹ️ لم يتم العثور على gifts.json، سيتم إنشاء الهدايا لاحقاً عبر API"}
{"level":"info","message":"✅ السيرفر يعمل على http://localhost:3000"}
{"level":"info","message":"🎵 الصوت عبر Cloudinary"}
{"level":"info","message":"🎬 الفيديو عبر Cloudinary"}
{"level":"info","message":"🖥️ دعم العميل المحلي لتنفيذ الكيبورد الحقيقي عبر /agent"}
{"level":"info","message":"✅ متصل بـ MongoDB"}
{"level":"info","message":"ℹ️ تم إزالة حقل username من المستندات"}
{"level":"info","message":"✅ تم التأكد من وجود فهرس فريد على email"}
{"level":"warn","message":"⚠️ فشل إنشاء فهارس:"}
{"level":"info","message":"ℹ️ لم يتم العثور على gifts.json، سيتم إنشاء الهدايا لاحقاً عبر API"}
{"level":"info","message":"✅ السيرفر يعمل على http://localhost:3000"}
{"level":"info","message":"🎵 الصوت عبر Cloudinary"}
{"level":"info","message":"🎬 الفيديو عبر Cloudinary"}
{"level":"info","message":"🖥️ دعم العميل المحلي لتنفيذ الكيبورد الحقيقي عبر /agent"}
{"level":"info","message":"✅ متصل بـ MongoDB"}
{"level":"info","message":"ℹ️ تم إزالة حقل username من المستندات"}
{"level":"info","message":"✅ تم التأكد من وجود فهرس فريد على email"}
{"level":"warn","message":"⚠️ فشل إنشاء فهارس:"}
{"level":"info","message":"ℹ️ لم يتم العثور على gifts.json، سيتم إنشاء الهدايا لاحقاً عبر API"}
{"level":"info","message":"✅ السيرفر يعمل على http://localhost:3000"}
{"level":"info","message":"🎵 الصوت عبر Cloudinary"}
{"level":"info","message":"🎬 الفيديو عبر Cloudinary"}
{"level":"info","message":"🖥️ دعم العميل المحلي لتنفيذ الكيبورد الحقيقي عبر /agent"}
{"level":"info","message":"✅ متصل بـ MongoDB"}
{"level":"info","message":"ℹ️ تم إزالة حقل username من المستندات"}
{"level":"info","message":"✅ تم التأكد من وجود فهرس فريد على email"}
{"level":"warn","message":"⚠️ فشل إنشاء فهارس:"}
{"level":"info","message":"ℹ️ لم يتم العثور على gifts.json، سيتم إنشاء الهدايا لاحقاً عبر API"}
{"level":"info","message":"✅ السيرفر يعمل على http://localhost:3000"}
{"level":"info","message":"🎵 الصوت عبر Cloudinary"}
{"level":"info","message":"🎬 الفيديو عبر Cloudinary"}
{"level":"info","message":"🖥️ دعم العميل المحلي لتنفيذ الكيبورد الحقيقي عبر /agent"}
{"level":"info","message":"✅ متصل بـ MongoDB"}
{"level":"info","message":"ℹ️ تم إزالة حقل username من المستندات"}
{"level":"info","message":"✅ تم التأكد من وجود فهرس فريد على email"}
{"level":"warn","message":"⚠️ فشل إنشاء فهارس:"}
{"level":"info","message":"ℹ️ لم يتم العثور على gifts.json، سيتم إنشاء الهدايا لاحقاً عبر API"}
{"level":"info","message":"♻️ تم تحديث الكاش للمستخدم 69c8442dff8e24bfd57a8772"}
{"level":"info","message":"⌨️ تم تنفيذ كيستروك: Ctrl+K"}
{"level":"info","message":"⏳ انتظار 2000 مللي ثانية قبل التنفيذ..."}
{"level":"info","message":"♻️ تم تحديث الكاش للمستخدم 69c8442dff8e24bfd57a8772"}
{"level":"info","message":"⌨️ تم تنفيذ كيستروك: Ctrl+K"}
{"level":"info","message":"⏳ انتظار 2000 مللي ثانية قبل التنفيذ..."}
{"level":"info","message":"✅ السيرفر يعمل على http://localhost:3000"}
{"level":"info","message":"🎵 الصوت عبر Cloudinary"}
{"level":"info","message":"🎬 الفيديو عبر Cloudinary"}
{"level":"info","message":"🖥️ دعم العميل المحلي لتنفيذ الكيبورد الحقيقي عبر /agent"}
{"level":"info","message":"✅ متصل بـ MongoDB"}
{"level":"info","message":"ℹ️ تم إزالة حقل username من المستندات"}
{"level":"info","message":"✅ تم التأكد من وجود فهرس فريد على email"}
{"level":"warn","message":"⚠️ فشل إنشاء فهارس:"}
{"level":"info","message":"ℹ️ لم يتم العثور على gifts.json، سيتم إنشاء الهدايا لاحقاً عبر API"}
{"level":"info","message":"✅ السيرفر يعمل على http://localhost:3000"}
{"level":"info","message":"🎵 الصوت عبر Cloudinary"}
{"level":"info","message":"🎬 الفيديو عبر Cloudinary"}
{"level":"info","message":"🖥️ دعم العميل المحلي لتنفيذ الكيبورد الحقيقي عبر /agent"}
{"level":"info","message":"✅ متصل بـ MongoDB"}
{"level":"info","message":"ℹ️ تم إزالة حقل username من المستندات"}
{"level":"info","message":"✅ تم التأكد من وجود فهرس فريد على email"}
{"level":"warn","message":"⚠️ فشل إنشاء فهارس:"}
{"level":"info","message":"ℹ️ لم يتم العثور على gifts.json، سيتم إنشاء الهدايا لاحقاً عبر API"}
{"level":"info","message":"✅ السيرفر يعمل على http://localhost:3000"}
{"level":"info","message":"🎵 الصوت عبر Cloudinary"}
{"level":"info","message":"🎬 الفيديو عبر Cloudinary"}
{"level":"info","message":"🖥️ دعم العميل المحلي لتنفيذ الكيبورد الحقيقي عبر /agent"}
{"level":"info","message":"✅ متصل بـ MongoDB"}
{"level":"info","message":"ℹ️ تم إزالة حقل username من المستندات"}
{"level":"info","message":"✅ تم التأكد من وجود فهرس فريد على email"}
{"level":"warn","message":"⚠️ فشل إنشاء فهارس:"}
{"level":"info","message":"ℹ️ لم يتم العثور على gifts.json، سيتم إنشاء الهدايا لاحقاً عبر API"}
{"level":"info","message":"✅ السيرفر يعمل على http://localhost:3000"}
{"level":"info","message":"🎵 الصوت عبر Cloudinary"}
{"level":"info","message":"🎬 الفيديو عبر Cloudinary"}
{"level":"info","message":"🖥️ دعم العميل المحلي لتنفيذ الكيبورد الحقيقي عبر /agent"}
{"level":"info","message":"✅ متصل بـ MongoDB"}
{"level":"info","message":"ℹ️ تم إزالة حقل username من المستندات"}
{"level":"info","message":"✅ تم التأكد من وجود فهرس فريد على email"}
{"level":"warn","message":"⚠️ فشل إنشاء فهارس:"}
{"level":"info","message":"ℹ️ لم يتم العثور على gifts.json، سيتم إنشاء الهدايا لاحقاً عبر API"}
{"level":"info","message":"✅ السيرفر يعمل على http://localhost:3000"}
{"level":"info","message":"🎵 الصوت عبر Cloudinary"}
{"level":"info","message":"🎬 الفيديو عبر Cloudinary"}
{"level":"info","message":"🖥️ دعم العميل المحلي لتنفيذ الكيبورد الحقيقي عبر /agent"}
{"level":"info","message":"✅ متصل بـ MongoDB"}
{"level":"info","message":"ℹ️ تم إزالة حقل username من المستندات"}
{"level":"info","message":"✅ تم التأكد من وجود فهرس فريد على email"}
{"level":"warn","message":"⚠️ فشل إنشاء فهارس:"}
{"level":"info","message":"ℹ️ لم يتم العثور على gifts.json، سيتم إنشاء الهدايا لاحقاً عبر API"}
{"level":"info","message":"♻️ تم تحديث الكاش للمستخدم 69c8442dff8e24bfd57a8772"}
{"level":"info","message":"⌨️ تم تنفيذ كيستروك: Ctrl+K"}
{"level":"error","message":"❌ خطأ في تنفيذ أمر الهدية:"}
{"level":"info","message":"♻️ تم تحديث الكاش للمستخدم 69c8442dff8e24bfd57a8772"}
{"level":"info","message":"♻️ تم تحديث الكاش للمستخدم 69c8442dff8e24bfd57a8772"}
{"level":"info","message":"♻️ تم تحديث الكاش للمستخدم 69c8442dff8e24bfd57a8772"}
{"level":"info","message":"⌨️ تم تنفيذ كيستروك: Ctrl+K"}
{"level":"error","message":"❌ خطأ في تنفيذ أمر الهدية:"}
{"level":"info","message":"♻️ تم تحديث الكاش للمستخدم 69c8442dff8e24bfd57a8772"}
{"level":"info","message":"♻️ تم تحديث الكاش للمستخدم 69c8442dff8e24bfd57a8772"}
{"level":"info","message":"⌨️ تم تنفيذ كيستروك: Ctrl+K"}
{"level":"error","message":"❌ خطأ في تنفيذ أمر الهدية:"}
{"level":"info","message":"⌨️ تم تنفيذ كيستروك: Ctrl+K"}
{"level":"info","message":"⌨️ تم تنفيذ كيستروك: Ctrl+K"}
{"level":"info","message":"♻️ تم تحديث الكاش للمستخدم 69c8442dff8e24bfd57a8772"}
{"level":"info","message":"⌨️ تم تنفيذ كيستروك: Ctrl+K"}
{"level":"error","message":"❌ خطأ في تنفيذ أمر الهدية:"}
{"level":"info","message":"♻️ تم تحديث الكاش للمستخدم 69c8442dff8e24bfd57a8772"}
{"level":"info","message":"⌨️ تم تنفيذ كيستروك: Ctrl+K"}
{"level":"error","message":"❌ خطأ في تنفيذ أمر الهدية:"}
{"level":"info","message":"✅ السيرفر يعمل على http://localhost:3000"}
{"level":"info","message":"🎵 الصوت عبر Cloudinary"}
{"level":"info","message":"🎬 الفيديو عبر Cloudinary"}
{"level":"info","message":"🖥️ دعم العميل المحلي لتنفيذ الكيبورد الحقيقي عبر /agent"}
{"level":"info","message":"✅ متصل بـ MongoDB"}
{"level":"info","message":"ℹ️ تم إزالة حقل username من المستندات"}
{"level":"info","message":"✅ تم التأكد من وجود فهرس فريد على email"}
{"level":"warn","message":"⚠️ فشل إنشاء فهارس:"}
{"level":"info","message":"ℹ️ لم يتم العثور على gifts.json، سيتم إنشاء الهدايا لاحقاً عبر API"}
{"level":"info","message":"♻️ تم تحديث الكاش للمستخدم 69c8442dff8e24bfd57a8772"}
{"level":"info","message":"⌨️ تم تنفيذ كيستروك: Ctrl+K"}
{"level":"info","message":"⏳ انتظار 2000 مللي ثانية قبل التنفيذ..."}
{"level":"info","message":"⌨️ تم تنفيذ كيستروك: Ctrl+K"}
{"level":"info","message":"♻️ تم تحديث الكاش للمستخدم 69c8442dff8e24bfd57a8772"}
{"level":"info","message":"⌨️ تم تنفيذ كيستروك: Ctrl+K"}
{"level":"info","message":"⏳ انتظار 2000 مللي ثانية قبل التنفيذ..."}
{"level":"info","message":"⌨️ تم تنفيذ كيستروك: Ctrl+K"}
{"level":"info","message":"✅ السيرفر يعمل على http://localhost:3000"}
{"level":"info","message":"🎵 الصوت عبر Cloudinary"}
{"level":"info","message":"🎬 الفيديو عبر Cloudinary"}
{"level":"info","message":"🖥️ دعم العميل المحلي لتنفيذ الكيبورد الحقيقي عبر /agent"}
{"level":"info","message":"✅ متصل بـ MongoDB"}
{"level":"info","message":"ℹ️ تم إزالة حقل username من المستندات"}
{"level":"info","message":"✅ تم التأكد من وجود فهرس فريد على email"}
{"level":"warn","message":"⚠️ فشل إنشاء فهارس:"}
{"level":"info","message":"ℹ️ لم يتم العثور على gifts.json، سيتم إنشاء الهدايا لاحقاً عبر API"}
{"level":"info","message":"✅ السيرفر يعمل على http://localhost:3000"}
{"level":"info","message":"🎵 الصوت عبر Cloudinary"}
{"level":"info","message":"🎬 الفيديو عبر Cloudinary"}
{"level":"info","message":"🖥️ دعم العميل المحلي لتنفيذ الكيبورد الحقيقي عبر /agent"}
{"level":"info","message":"✅ متصل بـ MongoDB"}
{"level":"info","message":"ℹ️ تم إزالة حقل username من المستندات"}
{"level":"info","message":"✅ تم التأكد من وجود فهرس فريد على email"}
{"level":"warn","message":"⚠️ فشل إنشاء فهارس:"}
{"level":"info","message":"ℹ️ لم يتم العثور على gifts.json، سيتم إنشاء الهدايا لاحقاً عبر API"}
{"level":"info","message":"✅ السيرفر يعمل على http://localhost:3000"}
{"level":"info","message":"🎵 الصوت عبر Cloudinary"}
{"level":"info","message":"🎬 الفيديو عبر Cloudinary"}
{"level":"info","message":"🖥️ دعم العميل المحلي لتنفيذ الكيبورد الحقيقي عبر /agent"}
{"level":"info","message":"✅ متصل بـ MongoDB"}
{"level":"info","message":"ℹ️ تم إزالة حقل username من المستندات"}
{"level":"info","message":"✅ تم التأكد من وجود فهرس فريد على email"}
{"level":"warn","message":"⚠️ فشل إنشاء فهارس:"}
{"level":"info","message":"ℹ️ لم يتم العثور على gifts.json، سيتم إنشاء الهدايا لاحقاً عبر API"}
{"level":"info","message":"✅ السيرفر يعمل على http://localhost:3000"}
{"level":"info","message":"🎵 الصوت عبر Cloudinary"}
{"level":"info","message":"🎬 الفيديو عبر Cloudinary"}
{"level":"info","message":"🖥️ دعم العميل المحلي لتنفيذ الكيبورد الحقيقي عبر /agent"}
{"level":"info","message":"✅ متصل بـ MongoDB"}
{"level":"info","message":"ℹ️ تم إزالة حقل username من المستندات"}
{"level":"info","message":"✅ تم التأكد من وجود فهرس فريد على email"}
{"level":"warn","message":"⚠️ فشل إنشاء فهارس:"}
{"level":"info","message":"ℹ️ لم يتم العثور على gifts.json، سيتم إنشاء الهدايا لاحقاً عبر API"}
{"level":"info","message":"♻️ تم تحديث الكاش للمستخدم 69c8442dff8e24bfd57a8772"}
{"level":"info","message":"⏳ انتظار 2000 مللي ثانية قبل التنفيذ..."}
{"level":"info","message":"⌨️ تم تنفيذ كيستروك: Ctrl+K"}
{"level":"info","message":"♻️ تم تحديث الكاش للمستخدم 69c8442dff8e24bfd57a8772"}
{"level":"info","message":"♻️ تم تحديث الكاش للمستخدم 69c8442dff8e24bfd57a8772"}
{"level":"info","message":"♻️ تم تحديث الكاش للمستخدم 69c8442dff8e24bfd57a8772"}
{"level":"info","message":"⏳ انتظار 3000 مللي ثانية قبل التنفيذ..."}
{"level":"info","message":"⌨️ تم تنفيذ كيستروك: F"}
{"level":"info","message":"♻️ تم تحديث الكاش للمستخدم 69c8442dff8e24bfd57a8772"}
{"level":"info","message":"⏳ انتظار 3000 مللي ثانية قبل التنفيذ..."}
{"level":"info","message":"⌨️ تم تنفيذ كيستروك: F"}
{"level":"info","message":"♻️ تم تحديث الكاش للمستخدم 69c8442dff8e24bfd57a8772"}
{"level":"info","message":"⏳ انتظار 3000 مللي ثانية قبل التنفيذ..."}
{"level":"info","message":"⌨️ تم تنفيذ كيستروك: F"}
{"level":"info","message":"♻️ تم تحديث الكاش للمستخدم 69c8442dff8e24bfd57a8772"}
{"level":"info","message":"⏳ انتظار 3000 مللي ثانية قبل التنفيذ..."}
{"level":"info","message":"⌨️ تم تنفيذ كيستروك: F"}
{"level":"info","message":"♻️ تم تحديث الكاش للمستخدم 69c8442dff8e24bfd57a8772"}
{"level":"info","message":"♻️ تم تحديث الكاش للمستخدم 69c8442dff8e24bfd57a8772"}
{"level":"info","message":"♻️ تم تحديث الكاش للمستخدم 69c8442dff8e24bfd57a8772"}
{"level":"info","message":"⌨️ تم تنفيذ كيستروك: F"}
{"level":"info","message":"🖥️ العميل المحلي للمستخدم 69c8442dff8e24bfd57a8772 متصل"}
{"level":"info","message":"♻️ تم تحديث الكاش للمستخدم 69c8442dff8e24bfd57a8772"}
{"level":"info","message":"♻️ تم تحديث الكاش للمستخدم 69c8442dff8e24bfd57a8772"}
{"level":"info","message":"⏳ انتظار 3000 مللي ثانية قبل التنفيذ..."}
{"level":"info","message":"⌨️ تم إرسال keystroke إلى العميل المحلي: F"}
{"level":"info","message":"♻️ تم تحديث الكاش للمستخدم 69c8442dff8e24bfd57a8772"}
{"level":"info","message":"⏳ انتظار 3000 مللي ثانية قبل التنفيذ..."}
{"level":"info","message":"⌨️ تم إرسال keystroke إلى العميل المحلي: F"}
{"level":"info","message":"♻️ تم تحديث الكاش للمستخدم 69c8442dff8e24bfd57a8772"}
{"level":"info","message":"⏳ انتظار 3000 مللي ثانية قبل التنفيذ..."}
{"level":"info","message":"⌨️ تم إرسال keystroke إلى العميل المحلي: F"}
{"level":"info","message":"♻️ تم تحديث الكاش للمستخدم 69c8442dff8e24bfd57a8772"}
{"level":"info","message":"⏳ انتظار 3000 مللي ثانية قبل التنفيذ..."}
{"level":"info","message":"⌨️ تم إرسال keystroke إلى العميل المحلي: F"}
{"level":"info","message":"✅ السيرفر يعمل على http://localhost:3000"}
{"level":"info","message":"🎵 الصوت عبر Cloudinary"}
{"level":"info","message":"🎬 الفيديو عبر Cloudinary"}
{"level":"info","message":"🖥️ دعم العميل المحلي لتنفيذ الكيبورد الحقيقي عبر /agent"}
{"level":"info","message":"✅ متصل بـ MongoDB"}
{"level":"info","message":"ℹ️ تم إزالة حقل username من المستندات"}
{"level":"info","message":"✅ تم التأكد من وجود فهرس فريد على email"}
{"level":"warn","message":"⚠️ فشل إنشاء فهارس:"}
{"level":"info","message":"ℹ️ لم يتم العثور على gifts.json، سيتم إنشاء الهدايا لاحقاً عبر API"}
{"level":"info","message":"✅ السيرفر يعمل على http://localhost:3000"}
{"level":"info","message":"🎵 الصوت عبر Cloudinary"}
{"level":"info","message":"🎬 الفيديو عبر Cloudinary"}
{"level":"info","message":"🖥️ دعم العميل المحلي لتنفيذ الكيبورد الحقيقي عبر /agent"}
{"level":"info","message":"✅ متصل بـ MongoDB"}
{"level":"info","message":"ℹ️ تم إزالة حقل username من المستندات"}
{"level":"info","message":"✅ تم التأكد من وجود فهرس فريد على email"}
{"level":"warn","message":"⚠️ فشل إنشاء فهارس:"}
{"level":"info","message":"ℹ️ لم يتم العثور على gifts.json، سيتم إنشاء الهدايا لاحقاً عبر API"}
{"level":"info","message":"♻️ تم تحديث الكاش للمستخدم 69c8442dff8e24bfd57a8772"}
{"level":"info","message":"⏳ انتظار 3000 مللي ثانية قبل التنفيذ..."}
{"level":"info","message":"⌨️ تم تنفيذ كيستروك: F"}
{"level":"info","message":"♻️ تم تحديث الكاش للمستخدم 69c8442dff8e24bfd57a8772"}
{"level":"info","message":"⏳ انتظار 3000 مللي ثانية قبل التنفيذ..."}
{"level":"info","message":"♻️ تم تحديث الكاش للمستخدم 69c8442dff8e24bfd57a8772"}
{"level":"info","message":"⏳ انتظار 3000 مللي ثانية قبل التنفيذ..."}
{"level":"info","message":"♻️ تم تحديث الكاش للمستخدم 69c8442dff8e24bfd57a8772"}
{"level":"info","message":"⏳ انتظار 3000 مللي ثانية قبل التنفيذ..."}
{"level":"info","message":"♻️ تم تحديث الكاش للمستخدم 69c8442dff8e24bfd57a8772"}
{"level":"info","message":"⏳ انتظار 3000 مللي ثانية قبل التنفيذ..."}
{"level":"info","message":"⌨️ تم تنفيذ كيستروك: F"}
{"level":"info","message":"⌨️ تم تنفيذ كيستروك: F"}
{"level":"info","message":"⌨️ تم تنفيذ كيستروك: F"}
{"level":"info","message":"⌨️ تم تنفيذ كيستروك: F"}
{"level":"info","message":"♻️ تم تحديث الكاش للمستخدم 69c8442dff8e24bfd57a8772"}
{"level":"info","message":"⏳ انتظار 3000 مللي ثانية قبل التنفيذ..."}
{"level":"info","message":"⌨️ تم تنفيذ كيستروك: F"}
{"level":"info","message":"♻️ تم تحديث الكاش للمستخدم 69c8442dff8e24bfd57a8772"}
{"level":"info","message":"⏳ انتظار 3000 مللي ثانية قبل التنفيذ..."}
{"level":"info","message":"⌨️ تم تنفيذ كيستروك: F"}
{"level":"info","message":"✅ السيرفر يعمل على http://localhost:3000"}
{"level":"info","message":"🎵 الصوت عبر Cloudinary"}
{"level":"info","message":"🎬 الفيديو عبر Cloudinary"}
{"level":"info","message":"🖥️ دعم العميل المحلي لتنفيذ الكيبورد الحقيقي عبر /agent"}
{"level":"info","message":"✅ متصل بـ MongoDB"}
{"level":"info","message":"ℹ️ تم إزالة حقل username من المستندات"}
{"level":"info","message":"✅ تم التأكد من وجود فهرس فريد على email"}
{"level":"warn","message":"⚠️ فشل إنشاء فهارس:"}
{"level":"info","message":"ℹ️ لم يتم العثور على gifts.json، سيتم إنشاء الهدايا لاحقاً عبر API"}
{"level":"info","message":"✅ السيرفر يعمل على http://localhost:3000"}
{"level":"info","message":"🎵 الصوت عبر Cloudinary"}
{"level":"info","message":"🎬 الفيديو عبر Cloudinary"}
{"level":"info","message":"🖥️ دعم العميل المحلي لتنفيذ الكيبورد الحقيقي عبر /agent"}
{"level":"info","message":"✅ متصل بـ MongoDB"}
{"level":"info","message":"ℹ️ تم إزالة حقل username من المستندات"}
{"level":"info","message":"✅ تم حذف الفهرس القديم screenToken_1"}
{"level":"info","message":"✅ تم التأكد من وجود فهرس فريد على email"}
{"level":"info","message":"✅ تم إنشاء فهرس فريد لـ screenToken"}
{"level":"info","message":"ℹ️ لم يتم العثور على gifts.json، سيتم إنشاء الهدايا لاحقاً عبر API"}
{"level":"info","message":"✅ متصل بحساب @9reh للمستخدم 69c8442dff8e24bfd57a8772"}
{"level":"info","message":"♻️ تم تحديث الكاش للمستخدم 69c8442dff8e24bfd57a8772"}
{"level":"info","message":"Checking expired subscriptions..."}
{"level":"info","message":"📌 تم قطع اتصال TikTok للمستخدم 69c8442dff8e24bfd57a8772"}
{"level":"info","message":"✅ متصل بحساب @9reh للمستخدم 69c8442dff8e24bfd57a8772"}
{"level":"info","message":"♻️ تم تحديث الكاش للمستخدم 69c8442dff8e24bfd57a8772"}
{"level":"info","message":"⏳ انتظار 3000 مللي ثانية قبل التنفيذ..."}
{"level":"info","message":"⌨️ تم تنفيذ كيستروك: F"}
{"level":"info","message":"✅ السيرفر يعمل على http://localhost:3000"}
{"level":"info","message":"🎵 الصوت عبر Cloudinary"}
{"level":"info","message":"🎬 الفيديو عبر Cloudinary"}
{"level":"info","message":"🖥️ دعم العميل المحلي لتنفيذ الكيبورد الحقيقي عبر /agent"}
{"level":"info","message":"✅ متصل بـ MongoDB"}
{"level":"info","message":"ℹ️ تم إزالة حقل username من المستندات"}
{"level":"info","message":"✅ تم حذف الفهرس القديم screenToken_1"}
{"level":"info","message":"✅ تم التأكد من وجود فهرس فريد على email"}
{"level":"info","message":"✅ تم إنشاء فهرس فريد لـ screenToken"}
{"level":"info","message":"ℹ️ لم يتم العثور على gifts.json، سيتم إنشاء الهدايا لاحقاً عبر API"}
{"level":"info","message":"✅ السيرفر يعمل على http://localhost:3000"}
{"level":"info","message":"🎵 الصوت عبر Cloudinary"}
{"level":"info","message":"🎬 الفيديو عبر Cloudinary"}
{"level":"info","message":"🖥️ دعم العميل المحلي لتنفيذ الكيبورد الحقيقي عبر /agent"}
{"level":"info","message":"✅ متصل بـ MongoDB"}
{"level":"info","message":"ℹ️ تم إزالة حقل username من المستندات"}
{"level":"info","message":"✅ تم حذف الفهرس القديم screenToken_1"}
{"level":"info","message":"✅ تم التأكد من وجود فهرس فريد على email"}
{"level":"info","message":"✅ تم إنشاء فهرس فريد لـ screenToken"}
{"level":"info","message":"ℹ️ لم يتم العثور على gifts.json، سيتم إنشاء الهدايا لاحقاً عبر API"}
{"level":"info","message":"✅ السيرفر يعمل على http://localhost:3000"}
{"level":"info","message":"🎵 الصوت عبر Cloudinary"}
{"level":"info","message":"🎬 الفيديو عبر Cloudinary"}
{"level":"info","message":"🖥️ دعم العميل المحلي لتنفيذ الكيبورد الحقيقي عبر /agent"}
{"level":"info","message":"✅ متصل بـ MongoDB"}
{"level":"info","message":"ℹ️ تم إزالة حقل username من المستندات"}
{"level":"info","message":"✅ تم حذف الفهرس القديم screenToken_1"}
{"level":"info","message":"✅ تم التأكد من وجود فهرس فريد على email"}
{"level":"info","message":"✅ تم إنشاء فهرس فريد لـ screenToken"}
{"level":"info","message":"ℹ️ لم يتم العثور على gifts.json، سيتم إنشاء الهدايا لاحقاً عبر API"}
{"level":"info","message":"✅ السيرفر يعمل على http://localhost:3000"}
{"level":"info","message":"🎵 الصوت عبر Cloudinary"}
{"level":"info","message":"🎬 الفيديو عبر Cloudinary"}
{"level":"info","message":"🖥️ دعم العميل المحلي لتنفيذ الكيبورد الحقيقي عبر /agent"}
{"level":"info","message":"✅ متصل بـ MongoDB"}
{"level":"info","message":"ℹ️ تم إزالة حقل username من المستندات"}
{"level":"info","message":"✅ تم حذف الفهرس القديم screenToken_1"}
{"level":"info","message":"✅ تم التأكد من وجود فهرس فريد على email"}
{"level":"info","message":"✅ تم إنشاء فهرس فريد لـ screenToken"}
{"level":"info","message":"ℹ️ لم يتم العثور على gifts.json، سيتم إنشاء الهدايا لاحقاً عبر API"}
{"level":"info","message":"✅ السيرفر يعمل على http://localhost:3000"}
{"level":"info","message":"🎵 الصوت عبر Cloudinary"}
{"level":"info","message":"🎬 الفيديو عبر Cloudinary"}
{"level":"info","message":"🖥️ دعم العميل المحلي لتنفيذ الكيبورد الحقيقي عبر /agent"}
{"level":"info","message":"✅ متصل بـ MongoDB"}
{"level":"info","message":"ℹ️ تم إزالة حقل username من المستندات"}
{"level":"info","message":"✅ تم حذف الفهرس القديم screenToken_1"}
{"level":"info","message":"✅ تم التأكد من وجود فهرس فريد على email"}
{"level":"info","message":"✅ تم إنشاء فهرس فريد لـ screenToken"}
{"level":"info","message":"ℹ️ لم يتم العثور على gifts.json، سيتم إنشاء الهدايا لاحقاً عبر API"}
{"level":"info","message":"✅ السيرفر يعمل على http://localhost:3000"}
{"level":"info","message":"🎵 الصوت عبر Cloudinary"}
{"level":"info","message":"🎬 الفيديو عبر Cloudinary"}
{"level":"info","message":"🖥️ دعم العميل المحلي لتنفيذ الكيبورد الحقيقي عبر /agent"}
{"level":"info","message":"✅ متصل بـ MongoDB"}
{"level":"info","message":"ℹ️ تم إزالة حقل username من المستندات"}
{"level":"info","message":"✅ تم حذف الفهرس القديم screenToken_1"}
{"level":"info","message":"✅ تم التأكد من وجود فهرس فريد على email"}
{"level":"info","message":"✅ تم إنشاء فهرس فريد لـ screenToken"}
{"level":"info","message":"ℹ️ لم يتم العثور على gifts.json، سيتم إنشاء الهدايا لاحقاً عبر API"}
{"level":"info","message":"✅ السيرفر يعمل على http://localhost:3000"}
{"level":"info","message":"🎵 الصوت عبر Cloudinary"}
{"level":"info","message":"🎬 الفيديو عبر Cloudinary"}
{"level":"info","message":"🖥️ دعم العميل المحلي لتنفيذ الكيبورد الحقيقي عبر /agent"}
{"level":"info","message":"✅ متصل بـ MongoDB"}
{"level":"info","message":"ℹ️ تم إزالة حقل username من المستندات"}
{"level":"info","message":"✅ تم حذف الفهرس القديم screenToken_1"}
{"level":"info","message":"✅ تم التأكد من وجود فهرس فريد على email"}
{"level":"info","message":"✅ تم إنشاء فهرس فريد لـ screenToken"}
{"level":"info","message":"ℹ️ لم يتم العثور على gifts.json، سيتم إنشاء الهدايا لاحقاً عبر API"}
{"level":"info","message":"✅ السيرفر يعمل على http://localhost:3000"}
{"level":"info","message":"🎵 الصوت عبر Cloudinary"}
{"level":"info","message":"🎬 الفيديو عبر Cloudinary"}
{"level":"info","message":"🖥️ دعم العميل المحلي لتنفيذ الكيبورد الحقيقي عبر /agent"}
{"level":"info","message":"✅ متصل بـ MongoDB"}
{"level":"info","message":"ℹ️ تم إزالة حقل username من المستندات"}
{"level":"info","message":"✅ تم حذف الفهرس القديم screenToken_1"}
{"level":"info","message":"✅ تم التأكد من وجود فهرس فريد على email"}
{"level":"info","message":"✅ تم إنشاء فهرس فريد لـ screenToken"}
{"level":"info","message":"ℹ️ لم يتم العثور على gifts.json، سيتم إنشاء الهدايا لاحقاً عبر API"}
{"level":"info","message":"✅ السيرفر يعمل على http://localhost:3000"}
{"level":"info","message":"🎵 الصوت عبر Cloudinary"}
{"level":"info","message":"🎬 الفيديو عبر Cloudinary"}
{"level":"info","message":"🖥️ دعم العميل المحلي لتنفيذ الكيبورد الحقيقي عبر /agent"}
{"level":"info","message":"✅ متصل بـ MongoDB"}
{"level":"info","message":"ℹ️ تم إزالة حقل username من المستندات"}
{"level":"info","message":"✅ تم حذف الفهرس القديم screenToken_1"}
{"level":"info","message":"✅ تم التأكد من وجود فهرس فريد على email"}
{"level":"info","message":"✅ تم إنشاء فهرس فريد لـ screenToken"}
{"level":"info","message":"ℹ️ لم يتم العثور على gifts.json، سيتم إنشاء الهدايا لاحقاً عبر API"}
{"level":"info","message":"✅ السيرفر يعمل على http://localhost:3000"}
{"level":"info","message":"🎵 الصوت عبر Cloudinary"}
{"level":"info","message":"🎬 الفيديو عبر Cloudinary"}
{"level":"info","message":"🖥️ دعم العميل المحلي لتنفيذ الكيبورد الحقيقي عبر /agent"}
{"level":"info","message":"✅ متصل بـ MongoDB"}
{"level":"info","message":"ℹ️ تم إزالة حقل username من المستندات"}
{"level":"info","message":"✅ تم حذف الفهرس القديم screenToken_1"}
{"level":"info","message":"✅ تم التأكد من وجود فهرس فريد على email"}
{"level":"info","message":"✅ تم إنشاء فهرس فريد لـ screenToken"}
{"level":"info","message":"ℹ️ لم يتم العثور على gifts.json، سيتم إنشاء الهدايا لاحقاً عبر API"}
{"level":"info","message":"✅ السيرفر يعمل على http://localhost:3000"}
{"level":"info","message":"🎵 الصوت عبر Cloudinary"}
{"level":"info","message":"🎬 الفيديو عبر Cloudinary"}
{"level":"info","message":"🖥️ دعم العميل المحلي لتنفيذ الكيبورد الحقيقي عبر /agent"}
{"level":"info","message":"✅ متصل بـ MongoDB"}
{"level":"info","message":"ℹ️ تم إزالة حقل username من المستندات"}
{"level":"info","message":"✅ تم حذف الفهرس القديم screenToken_1"}
{"level":"info","message":"✅ تم التأكد من وجود فهرس فريد على email"}
{"level":"info","message":"✅ تم إنشاء فهرس فريد لـ screenToken"}
{"level":"info","message":"ℹ️ لم يتم العثور على gifts.json، سيتم إنشاء الهدايا لاحقاً عبر API"}
{"level":"info","message":"✅ السيرفر يعمل على http://localhost:3000"}
{"level":"info","message":"🎵 الصوت عبر Cloudinary"}
{"level":"info","message":"🎬 الفيديو عبر Cloudinary"}
{"level":"info","message":"🖥️ دعم العميل المحلي لتنفيذ الكيبورد الحقيقي عبر /agent"}
{"level":"info","message":"✅ متصل بـ MongoDB"}
{"level":"info","message":"ℹ️ تم إزالة حقل username من المستندات"}
{"level":"info","message":"✅ تم حذف الفهرس القديم screenToken_1"}
{"level":"info","message":"✅ تم التأكد من وجود فهرس فريد على email"}
{"level":"info","message":"✅ تم إنشاء فهرس فريد لـ screenToken"}
{"level":"info","message":"ℹ️ لم يتم العثور على gifts.json، سيتم إنشاء الهدايا لاحقاً عبر API"}
{"level":"info","message":"✅ السيرفر يعمل على http://localhost:3000"}
{"level":"info","message":"🎵 الصوت عبر Cloudinary"}
{"level":"info","message":"🎬 الفيديو عبر Cloudinary"}
{"level":"info","message":"🖥️ دعم العميل المحلي لتنفيذ الكيبورد الحقيقي عبر /agent"}
{"level":"info","message":"✅ متصل بـ MongoDB"}
{"level":"info","message":"ℹ️ تم إزالة حقل username من المستندات"}
{"level":"info","message":"✅ تم حذف الفهرس القديم screenToken_1"}
{"level":"info","message":"✅ تم التأكد من وجود فهرس فريد على email"}
{"level":"info","message":"✅ تم إنشاء فهرس فريد لـ screenToken"}
{"level":"info","message":"ℹ️ لم يتم العثور على gifts.json، سيتم إنشاء الهدايا لاحقاً عبر API"}
{"level":"info","message":"✅ متصل بحساب @kemoeldaly1 للمستخدم 69c8442dff8e24bfd57a8772"}
{"level":"info","message":"♻️ تم تحديث الكاش للمستخدم 69c8442dff8e24bfd57a8772"}
{"level":"info","message":"📌 تم قطع اتصال TikTok للمستخدم 69c8442dff8e24bfd57a8772"}
{"level":"info","message":"✅ متصل بحساب @thedragongamer88 للمستخدم 69c8442dff8e24bfd57a8772"}
{"level":"info","message":"♻️ تم تحديث الكاش للمستخدم 69c8442dff8e24bfd57a8772"}
{"level":"info","message":"⏳ انتظار 3000 مللي ثانية قبل التنفيذ..."}
{"level":"info","message":"⌨️ تم تنفيذ كيستروك: F"}
{"level":"info","message":"♻️ تم تحديث الكاش للمستخدم 69c8442dff8e24bfd57a8772"}
{"level":"info","message":"♻️ تم تحديث الكاش للمستخدم 69c8442dff8e24bfd57a8772"}
{"level":"info","message":"📌 تم قطع اتصال TikTok للمستخدم 69c8442dff8e24bfd57a8772"}
{"level":"info","message":"♻️ تم تحديث الكاش للمستخدم 69c8442dff8e24bfd57a8772"}
{"level":"info","message":"⌨️ تم تنفيذ كيستروك: F"}
{"level":"info","message":"✅ السيرفر يعمل على http://localhost:3000"}
{"level":"info","message":"🎵 الصوت عبر Cloudinary"}
{"level":"info","message":"🎬 الفيديو عبر Cloudinary"}
{"level":"info","message":"🖥️ دعم العميل المحلي لتنفيذ الكيبورد الحقيقي عبر /agent"}
{"level":"info","message":"✅ متصل بـ MongoDB"}
{"level":"info","message":"ℹ️ تم إزالة حقل username من المستندات"}
{"level":"info","message":"✅ تم حذف الفهرس القديم screenToken_1"}
{"level":"info","message":"✅ تم التأكد من وجود فهرس فريد على email"}
{"level":"info","message":"✅ تم إنشاء فهرس فريد لـ screenToken"}
{"level":"info","message":"ℹ️ لم يتم العثور على gifts.json، سيتم إنشاء الهدايا لاحقاً عبر API"}
{"level":"info","message":"♻️ تم تحديث الكاش للمستخدم 69c8442dff8e24bfd57a8772"}
{"level":"info","message":"⌨️ تم تنفيذ كيستروك: F"}
{"level":"info","message":"♻️ تم تحديث الكاش للمستخدم 69c8442dff8e24bfd57a8772"}
{"level":"info","message":"♻️ تم تحديث الكاش للمستخدم 69c8442dff8e24bfd57a8772"}
{"level":"info","message":"♻️ تم تحديث الكاش للمستخدم 69c8442dff8e24bfd57a8772"}
{"level":"info","message":"⌨️ تم تنفيذ كيستروك: F"}
{"level":"info","message":"✅ السيرفر يعمل على http://localhost:3000"}
{"level":"info","message":"🎵 الصوت عبر Cloudinary"}
{"level":"info","message":"🎬 الفيديو عبر Cloudinary"}
{"level":"info","message":"🖥️ دعم العميل المحلي لتنفيذ الكيبورد الحقيقي عبر /agent"}
{"level":"info","message":"✅ متصل بـ MongoDB"}
{"level":"info","message":"ℹ️ تم إزالة حقل username من المستندات"}
{"level":"info","message":"✅ تم حذف الفهرس القديم screenToken_1"}
{"level":"info","message":"✅ تم التأكد من وجود فهرس فريد على email"}
{"level":"info","message":"✅ تم إنشاء فهرس فريد لـ screenToken"}
{"level":"info","message":"ℹ️ لم يتم العثور على gifts.json، سيتم إنشاء الهدايا لاحقاً عبر API"}
{"level":"info","message":"♻️ تم تحديث الكاش للمستخدم 69c8442dff8e24bfd57a8772"}
{"level":"info","message":"✅ السيرفر يعمل على http://localhost:3000"}
{"level":"info","message":"🎵 الصوت عبر Cloudinary"}
{"level":"info","message":"🎬 الفيديو عبر Cloudinary"}
{"level":"info","message":"🖥️ دعم العميل المحلي لتنفيذ الكيبورد الحقيقي عبر /agent"}
{"level":"info","message":"✅ متصل بـ MongoDB"}
{"level":"info","message":"ℹ️ تم إزالة حقل username من المستندات"}
{"level":"info","message":"✅ تم حذف الفهرس القديم screenToken_1"}
{"level":"info","message":"✅ تم التأكد من وجود فهرس فريد على email"}
{"level":"info","message":"✅ تم إنشاء فهرس فريد لـ screenToken"}
{"level":"info","message":"ℹ️ لم يتم العثور على gifts.json، سيتم إنشاء الهدايا لاحقاً عبر API"}
{"level":"info","message":"✅ السيرفر يعمل على http://localhost:3000"}
{"level":"info","message":"🎵 الصوت عبر Cloudinary"}
{"level":"info","message":"🎬 الفيديو عبر Cloudinary"}
{"level":"info","message":"🖥️ دعم العميل المحلي لتنفيذ الكيبورد الحقيقي عبر /agent"}
{"level":"info","message":"✅ متصل بـ MongoDB"}
{"level":"info","message":"ℹ️ تم إزالة حقل username من المستندات"}
{"level":"info","message":"✅ تم حذف الفهرس القديم screenToken_1"}
{"level":"info","message":"✅ تم التأكد من وجود فهرس فريد على email"}
{"level":"info","message":"✅ تم إنشاء فهرس فريد لـ screenToken"}
{"level":"info","message":"ℹ️ لم يتم العثور على gifts.json، سيتم إنشاء الهدايا لاحقاً عبر API"}
{"level":"info","message":"♻️ تم تحديث الكاش للمستخدم 69c8442dff8e24bfd57a8772"}
{"level":"info","message":"♻️ تم تحديث الكاش للمستخدم 69c8442dff8e24bfd57a8772"}
{"level":"info","message":"♻️ تم تحديث الكاش للمستخدم 69c8442dff8e24bfd57a8772"}
{"level":"info","message":"♻️ تم تحديث الكاش للمستخدم 69c8442dff8e24bfd57a8772"}
{"level":"info","message":"⏳ انتظار 2000 مللي ثانية قبل التنفيذ..."}
{"level":"info","message":"⌨️ تم تنفيذ كيستروك: F"}
{"level":"info","message":"✅ متصل بحساب @thedragongamer88 للمستخدم 69c8442dff8e24bfd57a8772"}
{"level":"info","message":"✅ السيرفر يعمل على http://localhost:3000"}
{"level":"info","message":"🎵 الصوت عبر Cloudinary"}
{"level":"info","message":"🎬 الفيديو عبر Cloudinary"}
{"level":"info","message":"🖥️ دعم العميل المحلي لتنفيذ الكيبورد الحقيقي عبر /agent"}
{"level":"info","message":"✅ متصل بـ MongoDB"}
{"level":"info","message":"ℹ️ تم إزالة حقل username من المستندات"}
{"level":"info","message":"✅ تم حذف الفهرس القديم screenToken_1"}
{"level":"info","message":"✅ تم التأكد من وجود فهرس فريد على email"}
{"level":"info","message":"✅ تم إنشاء فهرس فريد لـ screenToken"}
{"level":"info","message":"ℹ️ لم يتم العثور على gifts.json، سيتم إنشاء الهدايا لاحقاً عبر API"}
{"level":"info","message":"✅ السيرفر يعمل على http://localhost:3000"}
{"level":"info","message":"🎵 الصوت عبر Cloudinary"}
{"level":"info","message":"🎬 الفيديو عبر Cloudinary"}
{"level":"info","message":"🖥️ دعم العميل المحلي لتنفيذ الكيبورد الحقيقي عبر /agent"}
{"level":"info","message":"✅ متصل بـ MongoDB"}
{"level":"info","message":"ℹ️ تم إزالة حقل username من المستندات"}
{"level":"info","message":"✅ تم حذف الفهرس القديم screenToken_1"}
{"level":"info","message":"✅ تم التأكد من وجود فهرس فريد على email"}
{"level":"info","message":"✅ تم إنشاء فهرس فريد لـ screenToken"}
{"level":"info","message":"ℹ️ لم يتم العثور على gifts.json، سيتم إنشاء الهدايا لاحقاً عبر API"}
{"level":"info","message":"✅ السيرفر يعمل على http://localhost:3000"}
{"level":"info","message":"🎵 الصوت عبر Cloudinary"}
{"level":"info","message":"🎬 الفيديو عبر Cloudinary"}
{"level":"info","message":"🖥️ دعم العميل المحلي لتنفيذ الكيبورد الحقيقي عبر /agent"}
{"level":"info","message":"✅ متصل بـ MongoDB"}
{"level":"info","message":"ℹ️ تم إزالة حقل username من المستندات"}
{"level":"info","message":"✅ تم حذف الفهرس القديم screenToken_1"}
{"level":"info","message":"✅ تم التأكد من وجود فهرس فريد على email"}
{"level":"info","message":"✅ تم إنشاء فهرس فريد لـ screenToken"}
{"level":"info","message":"ℹ️ لم يتم العثور على gifts.json، سيتم إنشاء الهدايا لاحقاً عبر API"}
{"level":"error","message":"❌ CHAT handler error:"}
{"level":"error","message":"❌ CHAT handler error:"}
{"level":"error","message":"❌ CHAT handler error:"}
{"level":"error","message":"❌ CHAT handler error:"}
{"level":"error","message":"❌ CHAT handler error:"}
{"level":"error","message":"❌ CHAT handler error:"}
{"level":"info","message":"✅ متصل بحساب @thedragongamer88 للمستخدم 69c8442dff8e24bfd57a8772"}
{"level":"error","message":"❌ CHAT handler error:"}
{"level":"error","message":"❌ CHAT handler error:"}
{"level":"error","message":"❌ CHAT handler error:"}
{"level":"error","message":"❌ CHAT handler error:"}
{"level":"error","message":"❌ CHAT handler error:"}
{"level":"error","message":"❌ CHAT handler error:"}
{"level":"info","message":"📌 تم قطع اتصال TikTok للمستخدم 69c8442dff8e24bfd57a8772"}
{"level":"error","message":"❌ CHAT handler error:"}
{"level":"error","message":"❌ CHAT handler error:"}
{"level":"error","message":"❌ CHAT handler error:"}
{"level":"error","message":"❌ CHAT handler error:"}
{"level":"error","message":"❌ CHAT handler error:"}
{"level":"error","message":"❌ CHAT handler error:"}
{"level":"info","message":"✅ متصل بحساب @thedragongamer88 للمستخدم 69c8442dff8e24bfd57a8772"}
{"level":"error","message":"❌ CHAT handler error:"}
{"level":"error","message":"❌ CHAT handler error:"}
{"level":"error","message":"❌ CHAT handler error:"}
{"level":"error","message":"❌ CHAT handler error:"}
{"level":"error","message":"❌ CHAT handler error:"}
{"level":"error","message":"❌ CHAT handler error:"}
{"level":"info","message":"♻️ تم تحديث الكاش للمستخدم 69c8442dff8e24bfd57a8772"}
{"level":"info","message":"⏳ انتظار 2000 مللي ثانية قبل التنفيذ..."}
{"level":"info","message":"⌨️ تم تنفيذ كيستروك: F"}
{"level":"info","message":"✅ السيرفر يعمل على http://localhost:3000"}
{"level":"info","message":"🎵 الصوت عبر Cloudinary"}
{"level":"info","message":"🎬 الفيديو عبر Cloudinary"}
{"level":"info","message":"🖥️ دعم العميل المحلي لتنفيذ الكيبورد الحقيقي عبر /agent"}
{"level":"info","message":"✅ متصل بـ MongoDB"}
{"level":"info","message":"ℹ️ تم إزالة حقل username من المستندات"}
{"level":"info","message":"✅ تم حذف الفهرس القديم screenToken_1"}
{"level":"info","message":"✅ تم التأكد من وجود فهرس فريد على email"}
{"level":"info","message":"✅ تم إنشاء فهرس فريد لـ screenToken"}
{"level":"info","message":"ℹ️ لم يتم العثور على gifts.json، سيتم إنشاء الهدايا لاحقاً عبر API"}
{"level":"info","message":"⚠️ الحساب @thedragongamer88 ليس لايف حالياً للمستخدم 69c8442dff8e24bfd57a8772"}
{"level":"info","message":"✅ متصل بحساب @thedragongamer88 للمستخدم 69c8442dff8e24bfd57a8772"}
{"level":"info","message":"♻️ تم تحديث الكاش للمستخدم 69c8442dff8e24bfd57a8772"}
{"level":"info","message":"✅ السيرفر يعمل على http://localhost:3000"}
{"level":"info","message":"🎵 الصوت عبر Cloudinary"}
{"level":"info","message":"🎬 الفيديو عبر Cloudinary"}
{"level":"info","message":"🖥️ دعم العميل المحلي لتنفيذ الكيبورد الحقيقي عبر /agent"}
{"level":"info","message":"✅ متصل بـ MongoDB"}
{"level":"info","message":"ℹ️ تم إزالة حقل username من المستندات"}
{"level":"info","message":"✅ تم حذف الفهرس القديم screenToken_1"}
{"level":"info","message":"✅ تم التأكد من وجود فهرس فريد على email"}
{"level":"info","message":"✅ تم إنشاء فهرس فريد لـ screenToken"}
{"level":"info","message":"ℹ️ لم يتم العثور على gifts.json، سيتم إنشاء الهدايا لاحقاً عبر API"}
{"level":"info","message":"✅ السيرفر يعمل على http://localhost:3000"}
{"level":"info","message":"🎵 الصوت عبر Cloudinary"}
{"level":"info","message":"🎬 الفيديو عبر Cloudinary"}
{"level":"info","message":"🖥️ دعم العميل المحلي لتنفيذ الكيبورد الحقيقي عبر /agent"}
{"level":"info","message":"✅ متصل بـ MongoDB"}
{"level":"info","message":"ℹ️ تم إزالة حقل username من المستندات"}
{"level":"info","message":"✅ تم حذف الفهرس القديم screenToken_1"}
{"level":"info","message":"✅ تم التأكد من وجود فهرس فريد على email"}
{"level":"info","message":"✅ تم إنشاء فهرس فريد لـ screenToken"}
{"level":"info","message":"ℹ️ لم يتم العثور على gifts.json، سيتم إنشاء الهدايا لاحقاً عبر API"}
{"level":"info","message":"⚠️ الحساب @thedragongamer88 ليس لايف حالياً للمستخدم 69c8442dff8e24bfd57a8772"}
{"level":"info","message":"✅ متصل بحساب @thedragongamer88 للمستخدم 69c8442dff8e24bfd57a8772"}
{"level":"info","message":"♻️ تم تحديث الكاش للمستخدم 69c8442dff8e24bfd57a8772"}
{"level":"info","message":"✅ السيرفر يعمل على http://localhost:3000"}
{"level":"info","message":"🎵 الصوت عبر Cloudinary"}
{"level":"info","message":"🎬 الفيديو عبر Cloudinary"}
{"level":"info","message":"🖥️ دعم العميل المحلي لتنفيذ الكيبورد الحقيقي عبر /agent"}
{"level":"info","message":"✅ متصل بـ MongoDB"}
{"level":"info","message":"ℹ️ تم إزالة حقل username من المستندات"}
{"level":"info","message":"✅ تم حذف الفهرس القديم screenToken_1"}
{"level":"info","message":"✅ تم التأكد من وجود فهرس فريد على email"}
{"level":"info","message":"✅ تم إنشاء فهرس فريد لـ screenToken"}
{"level":"info","message":"ℹ️ لم يتم العثور على gifts.json، سيتم إنشاء الهدايا لاحقاً عبر API"}
{"level":"info","message":"♻️ تم تحديث الكاش للمستخدم 69c8442dff8e24bfd57a8772"}
{"level":"info","message":"⏳ انتظار 2000 مللي ثانية قبل التنفيذ..."}
{"level":"info","message":"⚠️ الحساب @thedragongamer88 ليس لايف حالياً للمستخدم 69c8442dff8e24bfd57a8772"}
{"level":"info","message":"⌨️ تم تنفيذ كيستروك: F"}
{"level":"info","message":"✅ متصل بحساب @thedragongamer88 للمستخدم 69c8442dff8e24bfd57a8772"}
{"level":"info","message":"⏳ انتظار 2000 مللي ثانية قبل التنفيذ..."}
{"level":"info","message":"⌨️ تم تنفيذ كيستروك: F"}
{"level":"info","message":"⏳ انتظار 2000 مللي ثانية قبل التنفيذ..."}
{"level":"info","message":"⏳ انتظار 2000 مللي ثانية قبل التنفيذ..."}
{"level":"info","message":"⏳ انتظار 2000 مللي ثانية قبل التنفيذ..."}
{"level":"info","message":"⌨️ تم تنفيذ كيستروك: F"}
{"level":"info","message":"⌨️ تم تنفيذ كيستروك: F"}
{"level":"info","message":"⌨️ تم تنفيذ كيستروك: F"}
{"level":"info","message":"📌 تم قطع اتصال TikTok للمستخدم 69c8442dff8e24bfd57a8772"}
{"level":"info","message":"✅ متصل بحساب @thedragongamer88 للمستخدم 69c8442dff8e24bfd57a8772"}
{"level":"info","message":"📌 تم قطع اتصال TikTok للمستخدم 69c8442dff8e24bfd57a8772"}
{"level":"info","message":"⚠️ الحساب @thedragongamer88 ليس لايف حالياً للمستخدم 69c8442dff8e24bfd57a8772"}
{"level":"info","message":"✅ متصل بحساب @.8_1111 للمستخدم 69c8442dff8e24bfd57a8772"}
{"level":"info","message":"⏳ انتظار 2000 مللي ثانية قبل التنفيذ..."}
{"level":"info","message":"⌨️ تم تنفيذ كيستروك: F"}
{"level":"info","message":"⏳ انتظار 2000 مللي ثانية قبل التنفيذ..."}
{"level":"info","message":"⌨️ تم تنفيذ كيستروك: F"}
{"level":"info","message":"⏳ انتظار 2000 مللي ثانية قبل التنفيذ..."}
{"level":"info","message":"⌨️ تم تنفيذ كيستروك: F"}
{"level":"info","message":"⏳ انتظار 2000 مللي ثانية قبل التنفيذ..."}
{"level":"info","message":"⌨️ تم تنفيذ كيستروك: F"}
{"level":"info","message":"⏳ انتظار 2000 مللي ثانية قبل التنفيذ..."}
{"level":"info","message":"⏳ انتظار 2000 مللي ثانية قبل التنفيذ..."}
{"level":"info","message":"⌨️ تم تنفيذ كيستروك: F"}
{"level":"info","message":"⌨️ تم تنفيذ كيستروك: F"}
{"level":"info","message":"⏳ انتظار 2000 مللي ثانية قبل التنفيذ..."}
{"level":"info","message":"⌨️ تم تنفيذ كيستروك: F"}
{"level":"info","message":"♻️ تم تحديث الكاش للمستخدم 69c8442dff8e24bfd57a8772"}
{"level":"info","message":"⏳ انتظار 2000 مللي ثانية قبل التنفيذ..."}
{"level":"info","message":"♻️ تم تحديث الكاش للمستخدم 69c8442dff8e24bfd57a8772"}
{"level":"info","message":"⏳ انتظار 2000 مللي ثانية قبل التنفيذ..."}
{"level":"info","message":"⌨️ تم تنفيذ كيستروك: F"}
{"level":"info","message":"⌨️ تم تنفيذ كيستروك: F"}
{"level":"info","message":"📌 تم قطع اتصال TikTok للمستخدم 69c8442dff8e24bfd57a8772"}
{"level":"info","message":"✅ السيرفر يعمل على http://localhost:3000"}
{"level":"info","message":"🎵 الصوت عبر Cloudinary"}
{"level":"info","message":"🎬 الفيديو عبر Cloudinary"}
{"level":"info","message":"🖥️ دعم العميل المحلي لتنفيذ الكيبورد الحقيقي عبر /agent"}
{"level":"info","message":"✅ متصل بـ MongoDB"}
{"level":"info","message":"ℹ️ تم إزالة حقل username من المستندات"}
{"level":"info","message":"✅ تم حذف الفهرس القديم screenToken_1"}
{"level":"info","message":"✅ تم التأكد من وجود فهرس فريد على email"}
{"level":"info","message":"✅ تم إنشاء فهرس فريد لـ screenToken"}
{"level":"info","message":"ℹ️ لم يتم العثور على gifts.json، سيتم إنشاء الهدايا لاحقاً عبر API"}
{"level":"info","message":"✅ السيرفر يعمل على http://localhost:3000"}
{"level":"info","message":"🎵 الصوت عبر Cloudinary"}
{"level":"info","message":"🎬 الفيديو عبر Cloudinary"}
{"level":"info","message":"🖥️ دعم العميل المحلي لتنفيذ الكيبورد الحقيقي عبر /agent"}
{"level":"info","message":"✅ متصل بـ MongoDB"}
{"level":"info","message":"ℹ️ تم إزالة حقل username من المستندات"}
{"level":"info","message":"✅ تم حذف الفهرس القديم screenToken_1"}
{"level":"info","message":"✅ تم التأكد من وجود فهرس فريد على email"}
{"level":"info","message":"✅ تم إنشاء فهرس فريد لـ screenToken"}
{"level":"info","message":"ℹ️ لم يتم العثور على gifts.json، سيتم إنشاء الهدايا لاحقاً عبر API"}
{"level":"info","message":"✅ تم رفع الصوت إلى Cloudinary: https://res.cloudinary.com/dm9ixdpzz/raw/upload/v1780979478/blackmoon_audio/ssstik-io-1771529638623-1780979408609"}
{"level":"info","message":"♻️ تم تحديث الكاش للمستخدم 69c8442dff8e24bfd57a8772"}
{"level":"info","message":"♻️ تم تحديث الكاش للمستخدم 69c8442dff8e24bfd57a8772"}
{"level":"info","message":"🔊 تم إرسال أمر تشغيل الصوت https://res.cloudinary.com/dm9ixdpzz/raw/upload/v1780979478/blackmoon_audio/ssstik-io-1771529638623-1780979408609 إلى غرفة user-69c8442dff8e24bfd57a8772"}
{"level":"info","message":"♻️ تم تحديث الكاش للمستخدم 69c8442dff8e24bfd57a8772"}
{"level":"info","message":"♻️ تم تحديث الكاش للمستخدم 69c8442dff8e24bfd57a8772"}
{"level":"info","message":"♻️ تم تحديث الكاش للمستخدم 69c8442dff8e24bfd57a8772"}
{"level":"info","message":"🔊 تم إرسال أمر تشغيل الصوت https://res.cloudinary.com/dm9ixdpzz/raw/upload/v1780979478/blackmoon_audio/ssstik-io-1771529638623-1780979408609 إلى غرفة user-69c8442dff8e24bfd57a8772"}
{"level":"info","message":"✅ السيرفر يعمل على http://localhost:3000"}
{"level":"info","message":"🎵 الصوت عبر Cloudinary"}
{"level":"info","message":"🎬 الفيديو عبر Cloudinary"}
{"level":"info","message":"🖥️ دعم العميل المحلي لتنفيذ الكيبورد الحقيقي عبر /agent"}
{"level":"info","message":"✅ متصل بـ MongoDB"}
{"level":"info","message":"ℹ️ تم إزالة حقل username من المستندات"}
{"level":"info","message":"✅ تم حذف الفهرس القديم screenToken_1"}
{"level":"info","message":"✅ تم التأكد من وجود فهرس فريد على email"}
{"level":"info","message":"✅ تم إنشاء فهرس فريد لـ screenToken"}
{"level":"info","message":"ℹ️ لم يتم العثور على gifts.json، سيتم إنشاء الهدايا لاحقاً عبر API"}
{"level":"info","message":"✅ السيرفر يعمل على http://localhost:3000"}
{"level":"info","message":"🎵 الصوت عبر Cloudinary"}
{"level":"info","message":"🎬 الفيديو عبر Cloudinary"}
{"level":"info","message":"🖥️ دعم العميل المحلي لتنفيذ الكيبورد الحقيقي عبر /agent"}
{"level":"info","message":"✅ متصل بـ MongoDB"}
{"level":"info","message":"ℹ️ تم إزالة حقل username من المستندات"}
{"level":"info","message":"✅ تم حذف الفهرس القديم screenToken_1"}
{"level":"info","message":"✅ تم التأكد من وجود فهرس فريد على email"}
{"level":"info","message":"✅ تم إنشاء فهرس فريد لـ screenToken"}
{"level":"info","message":"ℹ️ لم يتم العثور على gifts.json، سيتم إنشاء الهدايا لاحقاً عبر API"}
{"level":"info","message":"✅ السيرفر يعمل على http://localhost:3000"}
{"level":"info","message":"🎵 الصوت عبر Cloudinary"}
{"level":"info","message":"🎬 الفيديو عبر Cloudinary"}
{"level":"info","message":"🖥️ دعم العميل المحلي لتنفيذ الكيبورد الحقيقي عبر /agent"}
{"level":"info","message":"✅ متصل بـ MongoDB"}
{"level":"info","message":"ℹ️ تم إزالة حقل username من المستندات"}
{"level":"info","message":"✅ تم حذف الفهرس القديم screenToken_1"}
{"level":"info","message":"✅ تم التأكد من وجود فهرس فريد على email"}
{"level":"info","message":"✅ تم إنشاء فهرس فريد لـ screenToken"}
{"level":"info","message":"ℹ️ لم يتم العثور على gifts.json، سيتم إنشاء الهدايا لاحقاً عبر API"}
{"level":"info","message":"✅ السيرفر يعمل على http://localhost:3000"}
{"level":"info","message":"🎵 الصوت عبر Cloudinary"}
{"level":"info","message":"🎬 الفيديو عبر Cloudinary"}
{"level":"info","message":"🖥️ دعم العميل المحلي لتنفيذ الكيبورد الحقيقي عبر /agent"}
{"level":"info","message":"✅ متصل بـ MongoDB"}
{"level":"info","message":"ℹ️ تم إزالة حقل username من المستندات"}
{"level":"info","message":"✅ تم حذف الفهرس القديم screenToken_1"}
{"level":"info","message":"✅ تم التأكد من وجود فهرس فريد على email"}
{"level":"info","message":"✅ تم إنشاء فهرس فريد لـ screenToken"}
{"level":"info","message":"ℹ️ لم يتم العثور على gifts.json، سيتم إنشاء الهدايا لاحقاً عبر API"}
{"level":"info","message":"✅ السيرفر يعمل على http://localhost:3000"}
{"level":"info","message":"🎵 الصوت عبر Cloudinary"}
{"level":"info","message":"🎬 الفيديو عبر Cloudinary"}
{"level":"info","message":"🖥️ دعم العميل المحلي لتنفيذ الكيبورد الحقيقي عبر /agent"}
{"level":"info","message":"✅ متصل بـ MongoDB"}
{"level":"info","message":"ℹ️ تم إزالة حقل username من المستندات"}
{"level":"info","message":"✅ تم حذف الفهرس القديم screenToken_1"}
{"level":"info","message":"✅ تم التأكد من وجود فهرس فريد على email"}
{"level":"info","message":"✅ تم إنشاء فهرس فريد لـ screenToken"}
{"level":"info","message":"ℹ️ لم يتم العثور على gifts.json، سيتم إنشاء الهدايا لاحقاً عبر API"}
{"level":"info","message":"✅ السيرفر يعمل على http://localhost:3000"}
{"level":"info","message":"🎵 الصوت عبر Cloudinary"}
{"level":"info","message":"🎬 الفيديو عبر Cloudinary"}
{"level":"info","message":"🖥️ دعم العميل المحلي لتنفيذ الكيبورد الحقيقي عبر /agent"}
{"level":"info","message":"✅ متصل بـ MongoDB"}
{"level":"info","message":"ℹ️ تم إزالة حقل username من المستندات"}
{"level":"info","message":"✅ تم حذف الفهرس القديم screenToken_1"}
{"level":"info","message":"✅ تم التأكد من وجود فهرس فريد على email"}
{"level":"info","message":"✅ تم إنشاء فهرس فريد لـ screenToken"}
{"level":"info","message":"ℹ️ لم يتم العثور على gifts.json، سيتم إنشاء الهدايا لاحقاً عبر API"}
{"level":"info","message":"✅ السيرفر يعمل على http://localhost:3000"}
{"level":"info","message":"🎵 الصوت عبر Cloudinary"}
{"level":"info","message":"🎬 الفيديو عبر Cloudinary"}
{"level":"info","message":"🖥️ دعم العميل المحلي لتنفيذ الكيبورد الحقيقي عبر /agent"}
{"level":"info","message":"✅ متصل بـ MongoDB"}
{"level":"info","message":"ℹ️ تم إزالة حقل username من المستندات"}
{"level":"info","message":"✅ تم حذف الفهرس القديم screenToken_1"}
{"level":"info","message":"✅ تم التأكد من وجود فهرس فريد على email"}
{"level":"info","message":"✅ تم إنشاء فهرس فريد لـ screenToken"}
{"level":"info","message":"ℹ️ لم يتم العثور على gifts.json، سيتم إنشاء الهدايا لاحقاً عبر API"}
{"level":"info","message":"✅ السيرفر يعمل على http://localhost:3000"}
{"level":"info","message":"🎵 الصوت عبر Cloudinary"}
{"level":"info","message":"🎬 الفيديو عبر Cloudinary"}
{"level":"info","message":"🖥️ دعم العميل المحلي لتنفيذ الكيبورد الحقيقي عبر /agent"}
{"level":"info","message":"✅ متصل بـ MongoDB"}
{"level":"info","message":"ℹ️ تم إزالة حقل username من المستندات"}
{"level":"info","message":"✅ تم حذف الفهرس القديم screenToken_1"}
{"level":"info","message":"✅ تم التأكد من وجود فهرس فريد على email"}
{"level":"info","message":"✅ تم إنشاء فهرس فريد لـ screenToken"}
{"level":"info","message":"ℹ️ لم يتم العثور على gifts.json، سيتم إنشاء الهدايا لاحقاً عبر API"}
{"level":"info","message":"✅ السيرفر يعمل على http://localhost:3000"}
{"level":"info","message":"🎵 الصوت عبر Cloudinary"}
{"level":"info","message":"🎬 الفيديو عبر Cloudinary"}
{"level":"info","message":"🖥️ دعم العميل المحلي لتنفيذ الكيبورد الحقيقي عبر /agent"}
{"level":"info","message":"✅ متصل بـ MongoDB"}
{"level":"info","message":"ℹ️ تم إزالة حقل username من المستندات"}
{"level":"info","message":"✅ تم حذف الفهرس القديم screenToken_1"}
{"level":"info","message":"✅ تم التأكد من وجود فهرس فريد على email"}
{"level":"info","message":"✅ تم إنشاء فهرس فريد لـ screenToken"}
{"level":"info","message":"ℹ️ لم يتم العثور على gifts.json، سيتم إنشاء الهدايا لاحقاً عبر API"}
{"level":"info","message":"✅ السيرفر يعمل على http://localhost:3000"}
{"level":"info","message":"🎵 الصوت عبر Cloudinary"}
{"level":"info","message":"🎬 الفيديو عبر Cloudinary"}
{"level":"info","message":"🖥️ دعم العميل المحلي لتنفيذ الكيبورد الحقيقي عبر /agent"}
{"level":"info","message":"✅ متصل بـ MongoDB"}
{"level":"info","message":"ℹ️ تم إزالة حقل username من المستندات"}
{"level":"info","message":"✅ تم حذف الفهرس القديم screenToken_1"}
{"level":"info","message":"✅ تم التأكد من وجود فهرس فريد على email"}
{"level":"info","message":"✅ تم إنشاء فهرس فريد لـ screenToken"}
{"level":"info","message":"ℹ️ لم يتم العثور على gifts.json، سيتم إنشاء الهدايا لاحقاً عبر API"}
{"level":"info","message":"✅ السيرفر يعمل على http://localhost:3000"}
{"level":"info","message":"🎵 الصوت عبر Cloudinary"}
{"level":"info","message":"🎬 الفيديو عبر Cloudinary"}
{"level":"info","message":"🖥️ دعم العميل المحلي لتنفيذ الكيبورد الحقيقي عبر /agent"}
{"level":"info","message":"✅ متصل بـ MongoDB"}
{"level":"info","message":"ℹ️ تم إزالة حقل username من المستندات"}
{"level":"info","message":"✅ تم حذف الفهرس القديم screenToken_1"}
{"level":"info","message":"✅ تم التأكد من وجود فهرس فريد على email"}
{"level":"info","message":"✅ تم إنشاء فهرس فريد لـ screenToken"}
{"level":"info","message":"ℹ️ لم يتم العثور على gifts.json، سيتم إنشاء الهدايا لاحقاً عبر API"}
{"level":"info","message":"✅ تم رفع الصوت إلى Cloudinary: https://res.cloudinary.com/dm9ixdpzz/raw/upload/v1780981217/blackmoon_audio/ssstik-io-1771529638623-1-1780981148526"}
{"level":"info","message":"♻️ تم تحديث الكاش للمستخدم 69c8442dff8e24bfd57a8772"}
{"level":"info","message":"♻️ تم تحديث الكاش للمستخدم 69c8442dff8e24bfd57a8772"}
{"level":"info","message":"🔊 تم إرسال أمر تشغيل الصوت https://res.cloudinary.com/dm9ixdpzz/raw/upload/v1780981217/blackmoon_audio/ssstik-io-1771529638623-1-1780981148526 إلى غرفة user-69c8442dff8e24bfd57a8772"}
{"level":"info","message":"♻️ تم تحديث الكاش للمستخدم 69c8442dff8e24bfd57a8772"}
{"level":"info","message":"♻️ تم تحديث الكاش للمستخدم 69c8442dff8e24bfd57a8772"}
{"level":"info","message":"♻️ تم تحديث الكاش للمستخدم 69c8442dff8e24bfd57a8772"}
{"level":"info","message":"Checking expired subscriptions..."}
{"level":"info","message":"✅ السيرفر يعمل على http://localhost:3000"}
{"level":"info","message":"🎵 الصوت عبر Cloudinary"}
{"level":"info","message":"🎬 الفيديو عبر Cloudinary"}
{"level":"info","message":"🖥️ دعم العميل المحلي لتنفيذ الكيبورد الحقيقي عبر /agent"}
{"level":"info","message":"✅ متصل بـ MongoDB"}
{"level":"info","message":"ℹ️ تم إزالة حقل username من المستندات"}
{"level":"info","message":"✅ تم حذف الفهرس القديم screenToken_1"}
{"level":"info","message":"✅ تم التأكد من وجود فهرس فريد على email"}
{"level":"info","message":"✅ تم إنشاء فهرس فريد لـ screenToken"}
{"level":"info","message":"ℹ️ لم يتم العثور على gifts.json، سيتم إنشاء الهدايا لاحقاً عبر API"}
{"level":"info","message":"✅ السيرفر يعمل على http://localhost:3000"}
{"level":"info","message":"🎵 الصوت عبر Cloudinary"}
{"level":"info","message":"🎬 الفيديو عبر Cloudinary"}
{"level":"info","message":"🖥️ دعم العميل المحلي لتنفيذ الكيبورد الحقيقي عبر /agent"}
{"level":"info","message":"✅ متصل بـ MongoDB"}
{"level":"info","message":"ℹ️ تم إزالة حقل username من المستندات"}
{"level":"info","message":"✅ تم حذف الفهرس القديم screenToken_1"}
{"level":"info","message":"✅ تم التأكد من وجود فهرس فريد على email"}
{"level":"info","message":"✅ تم إنشاء فهرس فريد لـ screenToken"}
{"level":"info","message":"ℹ️ لم يتم العثور على gifts.json، سيتم إنشاء الهدايا لاحقاً عبر API"}
{"level":"info","message":"✅ السيرفر يعمل على http://localhost:3000"}
{"level":"info","message":"🎵 الصوت عبر Cloudinary"}
{"level":"info","message":"🎬 الفيديو عبر Cloudinary"}
{"level":"info","message":"🖥️ دعم العميل المحلي لتنفيذ الكيبورد الحقيقي عبر /agent"}
{"level":"info","message":"✅ متصل بـ MongoDB"}
{"level":"info","message":"ℹ️ تم إزالة حقل username من المستندات"}
{"level":"info","message":"✅ تم حذف الفهرس القديم screenToken_1"}
{"level":"info","message":"✅ تم التأكد من وجود فهرس فريد على email"}
{"level":"info","message":"✅ تم إنشاء فهرس فريد لـ screenToken"}
{"level":"info","message":"ℹ️ لم يتم العثور على gifts.json، سيتم إنشاء الهدايا لاحقاً عبر API"}
{"level":"info","message":"✅ السيرفر يعمل على http://localhost:3000"}
{"level":"info","message":"🎵 الصوت عبر Cloudinary"}
{"level":"info","message":"🎬 الفيديو عبر Cloudinary"}
{"level":"info","message":"🖥️ دعم العميل المحلي لتنفيذ الكيبورد الحقيقي عبر /agent"}
{"level":"info","message":"✅ متصل بـ MongoDB"}
{"level":"info","message":"ℹ️ تم إزالة حقل username من المستندات"}
{"level":"info","message":"✅ تم حذف الفهرس القديم screenToken_1"}
{"level":"info","message":"✅ تم التأكد من وجود فهرس فريد على email"}
{"level":"info","message":"✅ تم إنشاء فهرس فريد لـ screenToken"}
{"level":"info","message":"ℹ️ لم يتم العثور على gifts.json، سيتم إنشاء الهدايا لاحقاً عبر API"}
{"level":"info","message":"✅ السيرفر يعمل على http://localhost:3000"}
{"level":"info","message":"🎵 الصوت عبر Cloudinary"}
{"level":"info","message":"🎬 الفيديو عبر Cloudinary"}
{"level":"info","message":"🖥️ دعم العميل المحلي لتنفيذ الكيبورد الحقيقي عبر /agent"}
{"level":"info","message":"✅ متصل بـ MongoDB"}
{"level":"info","message":"ℹ️ تم إزالة حقل username من المستندات"}
{"level":"info","message":"✅ تم حذف الفهرس القديم screenToken_1"}
{"level":"info","message":"✅ تم التأكد من وجود فهرس فريد على email"}
{"level":"info","message":"✅ تم إنشاء فهرس فريد لـ screenToken"}
{"level":"info","message":"ℹ️ لم يتم العثور على gifts.json، سيتم إنشاء الهدايا لاحقاً عبر API"}
{"level":"info","message":"✅ السيرفر يعمل على http://localhost:3000"}
{"level":"info","message":"🎵 الصوت عبر Cloudinary"}
{"level":"info","message":"🎬 الفيديو عبر Cloudinary"}
{"level":"info","message":"🖥️ دعم العميل المحلي لتنفيذ الكيبورد الحقيقي عبر /agent"}
{"level":"info","message":"✅ متصل بـ MongoDB"}
{"level":"info","message":"ℹ️ تم إزالة حقل username من المستندات"}
{"level":"info","message":"✅ تم حذف الفهرس القديم screenToken_1"}
{"level":"info","message":"✅ تم التأكد من وجود فهرس فريد على email"}
{"level":"info","message":"✅ تم إنشاء فهرس فريد لـ screenToken"}
{"level":"info","message":"ℹ️ لم يتم العثور على gifts.json، سيتم إنشاء الهدايا لاحقاً عبر API"}
{"level":"info","message":"✅ السيرفر يعمل على http://localhost:3000"}
{"level":"info","message":"🎵 الصوت عبر Cloudinary"}
{"level":"info","message":"🎬 الفيديو عبر Cloudinary"}
{"level":"info","message":"🖥️ دعم العميل المحلي لتنفيذ الكيبورد الحقيقي عبر /agent"}
{"level":"info","message":"✅ متصل بـ MongoDB"}
{"level":"info","message":"ℹ️ تم إزالة حقل username من المستندات"}
{"level":"info","message":"✅ تم حذف الفهرس القديم screenToken_1"}
{"level":"info","message":"✅ تم التأكد من وجود فهرس فريد على email"}
{"level":"info","message":"✅ تم إنشاء فهرس فريد لـ screenToken"}
{"level":"info","message":"ℹ️ لم يتم العثور على gifts.json، سيتم إنشاء الهدايا لاحقاً عبر API"}
{"level":"info","message":"✅ تم رفع الصوت إلى Cloudinary: https://res.cloudinary.com/dm9ixdpzz/raw/upload/v1780982391/blackmoon_audio/ssstik-io-1771529638623-1780982321861"}
{"level":"info","message":"♻️ تم تحديث الكاش للمستخدم 69c8442dff8e24bfd57a8772"}
{"level":"info","message":"♻️ تم تحديث الكاش للمستخدم 69c8442dff8e24bfd57a8772"}
{"level":"info","message":"🔊 تم إرسال أمر تشغيل الصوت https://res.cloudinary.com/dm9ixdpzz/raw/upload/v1780982391/blackmoon_audio/ssstik-io-1771529638623-1780982321861 إلى غرفة user-69c8442dff8e24bfd57a8772"}
{"level":"info","message":"♻️ تم تحديث الكاش للمستخدم 69c8442dff8e24bfd57a8772"}
{"level":"info","message":"♻️ تم تحديث الكاش للمستخدم 69c8442dff8e24bfd57a8772"}
{"level":"info","message":"🔊 تم إرسال أمر تشغيل الصوت https://res.cloudinary.com/dm9ixdpzz/raw/upload/01-oh-yeah.mp3 إلى غرفة user-69c8442dff8e24bfd57a8772"}
{"level":"info","message":"♻️ تم تحديث الكاش للمستخدم 69c8442dff8e24bfd57a8772"}
{"level":"info","message":"✅ السيرفر يعمل على http://localhost:3000"}
{"level":"info","message":"🎵 الصوت عبر Cloudinary"}
{"level":"info","message":"🎬 الفيديو عبر Cloudinary"}
{"level":"info","message":"🖥️ دعم العميل المحلي لتنفيذ الكيبورد الحقيقي عبر /agent"}
{"level":"info","message":"✅ متصل بـ MongoDB"}
{"level":"info","message":"ℹ️ تم إزالة حقل username من المستندات"}
{"level":"info","message":"✅ تم حذف الفهرس القديم screenToken_1"}
{"level":"info","message":"✅ تم التأكد من وجود فهرس فريد على email"}
{"level":"info","message":"✅ تم إنشاء فهرس فريد لـ screenToken"}
{"level":"info","message":"ℹ️ لم يتم العثور على gifts.json، سيتم إنشاء الهدايا لاحقاً عبر API"}
{"level":"info","message":"✅ السيرفر يعمل على http://localhost:3000"}
{"level":"info","message":"🎵 الصوت عبر Cloudinary"}
{"level":"info","message":"🎬 الفيديو عبر Cloudinary"}
{"level":"info","message":"🖥️ دعم العميل المحلي لتنفيذ الكيبورد الحقيقي عبر /agent"}
{"level":"info","message":"✅ متصل بـ MongoDB"}
{"level":"info","message":"ℹ️ تم إزالة حقل username من المستندات"}
{"level":"info","message":"✅ تم حذف الفهرس القديم screenToken_1"}
{"level":"info","message":"✅ تم التأكد من وجود فهرس فريد على email"}
{"level":"info","message":"✅ تم إنشاء فهرس فريد لـ screenToken"}
{"level":"info","message":"ℹ️ لم يتم العثور على gifts.json، سيتم إنشاء الهدايا لاحقاً عبر API"}
{"level":"info","message":"✅ السيرفر يعمل على http://localhost:3000"}
{"level":"info","message":"🎵 الصوت عبر Cloudinary"}
{"level":"info","message":"🎬 الفيديو عبر Cloudinary"}
{"level":"info","message":"🖥️ دعم العميل المحلي لتنفيذ الكيبورد الحقيقي عبر /agent"}
{"level":"info","message":"✅ متصل بـ MongoDB"}
{"level":"info","message":"ℹ️ تم إزالة حقل username من المستندات"}
{"level":"info","message":"✅ تم حذف الفهرس القديم screenToken_1"}
{"level":"info","message":"✅ تم التأكد من وجود فهرس فريد على email"}
{"level":"info","message":"✅ تم إنشاء فهرس فريد لـ screenToken"}
{"level":"info","message":"ℹ️ لم يتم العثور على gifts.json، سيتم إنشاء الهدايا لاحقاً عبر API"}
{"level":"info","message":"✅ السيرفر يعمل على http://localhost:3000"}
{"level":"info","message":"🎵 الصوت عبر Cloudinary"}
{"level":"info","message":"🎬 الفيديو عبر Cloudinary"}
{"level":"info","message":"🖥️ دعم العميل المحلي لتنفيذ الكيبورد الحقيقي عبر /agent"}
{"level":"info","message":"✅ متصل بـ MongoDB"}
{"level":"info","message":"ℹ️ تم إزالة حقل username من المستندات"}
{"level":"info","message":"✅ تم حذف الفهرس القديم screenToken_1"}
{"level":"info","message":"✅ تم التأكد من وجود فهرس فريد على email"}
{"level":"info","message":"✅ تم إنشاء فهرس فريد لـ screenToken"}
{"level":"info","message":"ℹ️ لم يتم العثور على gifts.json، سيتم إنشاء الهدايا لاحقاً عبر API"}
{"level":"info","message":"✅ السيرفر يعمل على http://localhost:3000"}
{"level":"info","message":"🎵 الصوت عبر Cloudinary"}
{"level":"info","message":"🎬 الفيديو عبر Cloudinary"}
{"level":"info","message":"🖥️ دعم العميل المحلي لتنفيذ الكيبورد الحقيقي عبر /agent"}
{"level":"info","message":"✅ متصل بـ MongoDB"}
{"level":"info","message":"ℹ️ تم إزالة حقل username من المستندات"}
{"level":"info","message":"✅ تم حذف الفهرس القديم screenToken_1"}
{"level":"info","message":"✅ تم التأكد من وجود فهرس فريد على email"}
{"level":"info","message":"✅ تم إنشاء فهرس فريد لـ screenToken"}
{"level":"info","message":"ℹ️ لم يتم العثور على gifts.json، سيتم إنشاء الهدايا لاحقاً عبر API"}
{"level":"info","message":"✅ السيرفر يعمل على http://localhost:3000"}
{"level":"info","message":"🎵 الصوت عبر Cloudinary"}
{"level":"info","message":"🎬 الفيديو عبر Cloudinary"}
{"level":"info","message":"🖥️ دعم العميل المحلي لتنفيذ الكيبورد الحقيقي عبر /agent"}
{"level":"info","message":"✅ متصل بـ MongoDB"}
{"level":"info","message":"ℹ️ تم إزالة حقل username من المستندات"}
{"level":"info","message":"✅ تم حذف الفهرس القديم screenToken_1"}
{"level":"info","message":"✅ تم التأكد من وجود فهرس فريد على email"}
{"level":"info","message":"✅ تم إنشاء فهرس فريد لـ screenToken"}
{"level":"info","message":"ℹ️ لم يتم العثور على gifts.json، سيتم إنشاء الهدايا لاحقاً عبر API"}
{"level":"info","message":"⚠️ الحساب @ashura_1q ليس لايف حالياً للمستخدم 69c8442dff8e24bfd57a8772"}
{"level":"info","message":"✅ السيرفر يعمل على http://localhost:3000"}
{"level":"info","message":"🎵 الصوت عبر Cloudinary"}
{"level":"info","message":"🎬 الفيديو عبر Cloudinary"}
{"level":"info","message":"🖥️ دعم العميل المحلي لتنفيذ الكيبورد الحقيقي عبر /agent"}
{"level":"info","message":"✅ متصل بـ MongoDB"}
{"level":"info","message":"ℹ️ تم إزالة حقل username من المستندات"}
{"level":"info","message":"✅ تم حذف الفهرس القديم screenToken_1"}
{"level":"info","message":"✅ تم التأكد من وجود فهرس فريد على email"}
{"level":"info","message":"✅ تم إنشاء فهرس فريد لـ screenToken"}
{"level":"info","message":"ℹ️ لم يتم العثور على gifts.json، سيتم إنشاء الهدايا لاحقاً عبر API"}
{"level":"info","message":"✅ السيرفر يعمل على http://localhost:3000"}
{"level":"info","message":"🎵 الصوت عبر Cloudinary"}
{"level":"info","message":"🎬 الفيديو عبر Cloudinary"}
{"level":"info","message":"🖥️ دعم العميل المحلي لتنفيذ الكيبورد الحقيقي عبر /agent"}
{"level":"info","message":"✅ متصل بـ MongoDB"}
{"level":"info","message":"ℹ️ تم إزالة حقل username من المستندات"}
{"level":"info","message":"✅ تم حذف الفهرس القديم screenToken_1"}
{"level":"info","message":"✅ تم التأكد من وجود فهرس فريد على email"}
{"level":"info","message":"✅ تم إنشاء فهرس فريد لـ screenToken"}
{"level":"info","message":"ℹ️ لم يتم العثور على gifts.json، سيتم إنشاء الهدايا لاحقاً عبر API"}
{"level":"info","message":"✅ السيرفر يعمل على http://localhost:3000"}
{"level":"info","message":"🎵 الصوت عبر Cloudinary"}
{"level":"info","message":"🎬 الفيديو عبر Cloudinary"}
{"level":"info","message":"🖥️ دعم العميل المحلي لتنفيذ الكيبورد الحقيقي عبر /agent"}
{"level":"info","message":"✅ متصل بـ MongoDB"}
{"level":"info","message":"ℹ️ تم إزالة حقل username من المستندات"}
{"level":"info","message":"✅ تم حذف الفهرس القديم screenToken_1"}
{"level":"info","message":"✅ تم التأكد من وجود فهرس فريد على email"}
{"level":"info","message":"✅ تم إنشاء فهرس فريد لـ screenToken"}
{"level":"info","message":"ℹ️ لم يتم العثور على gifts.json، سيتم إنشاء الهدايا لاحقاً عبر API"}
{"level":"info","message":"✅ السيرفر يعمل على http://localhost:3000"}
{"level":"info","message":"🎵 الصوت عبر Cloudinary"}
{"level":"info","message":"🎬 الفيديو عبر Cloudinary"}
{"level":"info","message":"🖥️ دعم العميل المحلي لتنفيذ الكيبورد الحقيقي عبر /agent"}
{"level":"info","message":"✅ متصل بـ MongoDB"}
{"level":"info","message":"ℹ️ تم إزالة حقل username من المستندات"}
{"level":"info","message":"✅ تم حذف الفهرس القديم screenToken_1"}
{"level":"info","message":"✅ تم التأكد من وجود فهرس فريد على email"}
{"level":"info","message":"✅ تم إنشاء فهرس فريد لـ screenToken"}
{"level":"info","message":"ℹ️ لم يتم العثور على gifts.json، سيتم إنشاء الهدايا لاحقاً عبر API"}
{"level":"info","message":"✅ السيرفر يعمل على http://localhost:3000"}
{"level":"info","message":"🎵 الصوت عبر Cloudinary"}
{"level":"info","message":"🎬 الفيديو عبر Cloudinary"}
{"level":"info","message":"🖥️ دعم العميل المحلي لتنفيذ الكيبورد الحقيقي عبر /agent"}
{"level":"info","message":"✅ متصل بـ MongoDB"}
{"level":"info","message":"ℹ️ تم إزالة حقل username من المستندات"}
{"level":"info","message":"✅ تم حذف الفهرس القديم screenToken_1"}
{"level":"info","message":"✅ تم التأكد من وجود فهرس فريد على email"}
{"level":"info","message":"✅ تم إنشاء فهرس فريد لـ screenToken"}
{"level":"info","message":"ℹ️ لم يتم العثور على gifts.json، سيتم إنشاء الهدايا لاحقاً عبر API"}
{"level":"info","message":"✅ السيرفر يعمل على http://localhost:3000"}
{"level":"info","message":"🎵 الصوت عبر Cloudinary"}
{"level":"info","message":"🎬 الفيديو عبر Cloudinary"}
{"level":"info","message":"🖥️ دعم العميل المحلي لتنفيذ الكيبورد الحقيقي عبر /agent"}
{"level":"info","message":"✅ متصل بـ MongoDB"}
{"level":"info","message":"ℹ️ تم إزالة حقل username من المستندات"}
{"level":"info","message":"✅ تم حذف الفهرس القديم screenToken_1"}
{"level":"info","message":"✅ تم التأكد من وجود فهرس فريد على email"}
{"level":"info","message":"✅ تم إنشاء فهرس فريد لـ screenToken"}
{"level":"info","message":"ℹ️ لم يتم العثور على gifts.json، سيتم إنشاء الهدايا لاحقاً عبر API"}
{"level":"info","message":"✅ السيرفر يعمل على http://localhost:3000"}
{"level":"info","message":"🎵 الصوت عبر Cloudinary"}
{"level":"info","message":"🎬 الفيديو عبر Cloudinary"}
{"level":"info","message":"🖥️ دعم العميل المحلي لتنفيذ الكيبورد الحقيقي عبر /agent"}
{"level":"info","message":"✅ متصل بـ MongoDB"}
{"level":"info","message":"ℹ️ تم إزالة حقل username من المستندات"}
{"level":"info","message":"✅ تم حذف الفهرس القديم screenToken_1"}
{"level":"info","message":"✅ تم التأكد من وجود فهرس فريد على email"}
{"level":"info","message":"✅ تم إنشاء فهرس فريد لـ screenToken"}
{"level":"info","message":"ℹ️ لم يتم العثور على gifts.json، سيتم إنشاء الهدايا لاحقاً عبر API"}
{"level":"info","message":"✅ السيرفر يعمل على http://localhost:3000"}
{"level":"info","message":"🎵 الصوت عبر Cloudinary"}
{"level":"info","message":"🎬 الفيديو عبر Cloudinary"}
{"level":"info","message":"🖥️ دعم العميل المحلي لتنفيذ الكيبورد الحقيقي عبر /agent"}
{"level":"info","message":"✅ متصل بـ MongoDB"}
{"level":"info","message":"ℹ️ تم إزالة حقل username من المستندات"}
{"level":"info","message":"✅ تم حذف الفهرس القديم screenToken_1"}
{"level":"info","message":"✅ تم التأكد من وجود فهرس فريد على email"}
{"level":"info","message":"✅ تم إنشاء فهرس فريد لـ screenToken"}
{"level":"info","message":"ℹ️ لم يتم العثور على gifts.json، سيتم إنشاء الهدايا لاحقاً عبر API"}
{"level":"error","message":"❌ خطأ في جلب الأصوات:"}
{"level":"error","message":"❌ خطأ في جلب الأصوات:"}
{"level":"error","message":"❌ خطأ في جلب الأصوات:"}
{"level":"info","message":"✅ السيرفر يعمل على http://localhost:3000"}
{"level":"info","message":"🎵 الصوت عبر Cloudinary"}
{"level":"info","message":"🎬 الفيديو عبر Cloudinary"}
{"level":"info","message":"🖥️ دعم العميل المحلي لتنفيذ الكيبورد الحقيقي عبر /agent"}
{"level":"info","message":"✅ متصل بـ MongoDB"}
{"level":"info","message":"ℹ️ تم إزالة حقل username من المستندات"}
{"level":"info","message":"✅ تم حذف الفهرس القديم screenToken_1"}
{"level":"info","message":"✅ تم التأكد من وجود فهرس فريد على email"}
{"level":"info","message":"✅ تم إنشاء فهرس فريد لـ screenToken"}
{"level":"info","message":"ℹ️ لم يتم العثور على gifts.json، سيتم إنشاء الهدايا لاحقاً عبر API"}
{"level":"info","message":"✅ السيرفر يعمل على http://localhost:3000"}
{"level":"info","message":"🎵 الصوت عبر Cloudinary"}
{"level":"info","message":"🎬 الفيديو عبر Cloudinary"}
{"level":"info","message":"🖥️ دعم العميل المحلي لتنفيذ الكيبورد الحقيقي عبر /agent"}
{"level":"info","message":"✅ متصل بـ MongoDB"}
{"level":"info","message":"ℹ️ تم إزالة حقل username من المستندات"}
{"level":"info","message":"✅ تم حذف الفهرس القديم screenToken_1"}
{"level":"info","message":"✅ تم التأكد من وجود فهرس فريد على email"}
{"level":"info","message":"✅ تم إنشاء فهرس فريد لـ screenToken"}
{"level":"info","message":"ℹ️ لم يتم العثور على gifts.json، سيتم إنشاء الهدايا لاحقاً عبر API"}
{"level":"info","message":"✅ السيرفر يعمل على http://localhost:3000"}
{"level":"info","message":"🎵 الصوت عبر Cloudinary"}
{"level":"info","message":"🎬 الفيديو عبر Cloudinary"}
{"level":"info","message":"🖥️ دعم العميل المحلي لتنفيذ الكيبورد الحقيقي عبر /agent"}
{"level":"info","message":"✅ متصل بـ MongoDB"}
{"level":"info","message":"ℹ️ تم إزالة حقل username من المستندات"}
{"level":"info","message":"✅ تم حذف الفهرس القديم screenToken_1"}
{"level":"info","message":"✅ تم التأكد من وجود فهرس فريد على email"}
{"level":"info","message":"✅ تم إنشاء فهرس فريد لـ screenToken"}
{"level":"info","message":"ℹ️ لم يتم العثور على gifts.json، سيتم إنشاء الهدايا لاحقاً عبر API"}
{"level":"error","message":"❌ خطأ في جلب الأصوات:"}
{"level":"info","message":"✅ السيرفر يعمل على http://localhost:3000"}
{"level":"info","message":"🎵 الصوت عبر Cloudinary"}
{"level":"info","message":"🎬 الفيديو عبر Cloudinary"}
{"level":"info","message":"🖥️ دعم العميل المحلي لتنفيذ الكيبورد الحقيقي عبر /agent"}
{"level":"info","message":"✅ متصل بـ MongoDB"}
{"level":"info","message":"ℹ️ تم إزالة حقل username من المستندات"}
{"level":"info","message":"✅ تم حذف الفهرس القديم screenToken_1"}
{"level":"info","message":"✅ تم التأكد من وجود فهرس فريد على email"}
{"level":"info","message":"✅ تم إنشاء فهرس فريد لـ screenToken"}
{"level":"info","message":"ℹ️ لم يتم العثور على gifts.json، سيتم إنشاء الهدايا لاحقاً عبر API"}
{"level":"info","message":"✅ السيرفر يعمل على http://localhost:3000"}
{"level":"info","message":"🎵 الصوت عبر Cloudinary"}
{"level":"info","message":"🎬 الفيديو عبر Cloudinary"}
{"level":"info","message":"🖥️ دعم العميل المحلي لتنفيذ الكيبورد الحقيقي عبر /agent"}
{"level":"info","message":"✅ متصل بـ MongoDB"}
{"level":"info","message":"ℹ️ تم إزالة حقل username من المستندات"}
{"level":"info","message":"✅ تم حذف الفهرس القديم screenToken_1"}
{"level":"info","message":"✅ تم التأكد من وجود فهرس فريد على email"}
{"level":"info","message":"✅ تم إنشاء فهرس فريد لـ screenToken"}
{"level":"info","message":"ℹ️ لم يتم العثور على gifts.json، سيتم إنشاء الهدايا لاحقاً عبر API"}
{"level":"info","message":"✅ السيرفر يعمل على http://localhost:3000"}
{"level":"info","message":"🎵 الصوت عبر Cloudinary"}
{"level":"info","message":"🎬 الفيديو عبر Cloudinary"}
{"level":"info","message":"🖥️ دعم العميل المحلي لتنفيذ الكيبورد الحقيقي عبر /agent"}
{"level":"info","message":"✅ متصل بـ MongoDB"}
{"level":"info","message":"ℹ️ تم إزالة حقل username من المستندات"}
{"level":"info","message":"✅ تم حذف الفهرس القديم screenToken_1"}
{"level":"info","message":"✅ تم التأكد من وجود فهرس فريد على email"}
{"level":"info","message":"✅ تم إنشاء فهرس فريد لـ screenToken"}
{"level":"info","message":"ℹ️ لم يتم العثور على gifts.json، سيتم إنشاء الهدايا لاحقاً عبر API"}
{"level":"info","message":"✅ تم رفع الصوت إلى Cloudinary: https://res.cloudinary.com/dm9ixdpzz/raw/upload/v1780983959/blackmoon_audio/ssstik-io-1771529638623-1780983889957"}
{"level":"info","message":"♻️ تم تحديث الكاش للمستخدم 69c8442dff8e24bfd57a8772"}
{"level":"info","message":"♻️ تم تحديث الكاش للمستخدم 69c8442dff8e24bfd57a8772"}
{"level":"info","message":"🔊 تم إرسال أمر تشغيل الصوت https://res.cloudinary.com/dm9ixdpzz/raw/upload/v1780983959/blackmoon_audio/ssstik-io-1771529638623-1780983889957 إلى غرفة user-69c8442dff8e24bfd57a8772"}
{"level":"info","message":"♻️ تم تحديث الكاش للمستخدم 69c8442dff8e24bfd57a8772"}
{"level":"info","message":"✅ السيرفر يعمل على http://localhost:3000"}
{"level":"info","message":"🎵 الصوت عبر Cloudinary"}
{"level":"info","message":"🎬 الفيديو عبر Cloudinary"}
{"level":"info","message":"🖥️ دعم العميل المحلي لتنفيذ الكيبورد الحقيقي عبر /agent"}
{"level":"info","message":"✅ متصل بـ MongoDB"}
{"level":"info","message":"ℹ️ تم إزالة حقل username من المستندات"}
{"level":"info","message":"✅ تم حذف الفهرس القديم screenToken_1"}
{"level":"info","message":"✅ تم التأكد من وجود فهرس فريد على email"}
{"level":"info","message":"✅ تم إنشاء فهرس فريد لـ screenToken"}
{"level":"info","message":"ℹ️ لم يتم العثور على gifts.json، سيتم إنشاء الهدايا لاحقاً عبر API"}
{"level":"info","message":"✅ السيرفر يعمل على http://localhost:3000"}
{"level":"info","message":"🎵 الصوت عبر Cloudinary"}
{"level":"info","message":"🎬 الفيديو عبر Cloudinary"}
{"level":"info","message":"🖥️ دعم العميل المحلي لتنفيذ الكيبورد الحقيقي عبر /agent"}
{"level":"info","message":"✅ متصل بـ MongoDB"}
{"level":"info","message":"ℹ️ تم إزالة حقل username من المستندات"}
{"level":"info","message":"✅ تم حذف الفهرس القديم screenToken_1"}
{"level":"info","message":"✅ تم التأكد من وجود فهرس فريد على email"}
{"level":"info","message":"✅ تم إنشاء فهرس فريد لـ screenToken"}
{"level":"info","message":"ℹ️ لم يتم العثور على gifts.json، سيتم إنشاء الهدايا لاحقاً عبر API"}
{"level":"info","message":"✅ السيرفر يعمل على http://localhost:3000"}
{"level":"info","message":"🎵 الصوت عبر Cloudinary"}
{"level":"info","message":"🎬 الفيديو عبر Cloudinary"}
{"level":"info","message":"🖥️ دعم العميل المحلي لتنفيذ الكيبورد الحقيقي عبر /agent"}
{"level":"info","message":"✅ متصل بـ MongoDB"}
{"level":"info","message":"ℹ️ تم إزالة حقل username من المستندات"}
{"level":"info","message":"✅ تم حذف الفهرس القديم screenToken_1"}
{"level":"info","message":"✅ تم التأكد من وجود فهرس فريد على email"}
{"level":"info","message":"✅ تم إنشاء فهرس فريد لـ screenToken"}
{"level":"info","message":"ℹ️ لم يتم العثور على gifts.json، سيتم إنشاء الهدايا لاحقاً عبر API"}
{"level":"info","message":"✅ السيرفر يعمل على http://localhost:3000"}
{"level":"info","message":"🎵 الصوت عبر Cloudinary"}
{"level":"info","message":"🎬 الفيديو عبر Cloudinary"}
{"level":"info","message":"🖥️ دعم العميل المحلي لتنفيذ الكيبورد الحقيقي عبر /agent"}
{"level":"info","message":"✅ متصل بـ MongoDB"}
{"level":"info","message":"ℹ️ تم إزالة حقل username من المستندات"}
{"level":"info","message":"✅ تم حذف الفهرس القديم screenToken_1"}
{"level":"info","message":"✅ تم التأكد من وجود فهرس فريد على email"}
{"level":"info","message":"✅ تم إنشاء فهرس فريد لـ screenToken"}
{"level":"info","message":"ℹ️ لم يتم العثور على gifts.json، سيتم إنشاء الهدايا لاحقاً عبر API"}
{"level":"info","message":"✅ تم رفع الصوت إلى Cloudinary: https://res.cloudinary.com/dm9ixdpzz/raw/upload/v1780984318/blackmoon_audio/ssstik-io-1771529638623-1780984248981"}
{"level":"info","message":"♻️ تم تحديث الكاش للمستخدم 69c8442dff8e24bfd57a8772"}
{"level":"info","message":"♻️ تم تحديث الكاش للمستخدم 69c8442dff8e24bfd57a8772"}
{"level":"info","message":"✅ تم رفع الصوت إلى Cloudinary: https://res.cloudinary.com/dm9ixdpzz/raw/upload/v1780984412/blackmoon_audio/ssstik-io-1771529638623-1-1780984343439"}
{"level":"info","message":"♻️ تم تحديث الكاش للمستخدم 69c8442dff8e24bfd57a8772"}
{"level":"info","message":"♻️ تم تحديث الكاش للمستخدم 69c8442dff8e24bfd57a8772"}
{"level":"info","message":"✅ السيرفر يعمل على http://localhost:3000"}
{"level":"info","message":"🎵 الصوت عبر Cloudinary"}
{"level":"info","message":"🎬 الفيديو عبر Cloudinary"}
{"level":"info","message":"🖥️ دعم العميل المحلي لتنفيذ الكيبورد الحقيقي عبر /agent"}
{"level":"info","message":"✅ متصل بـ MongoDB"}
{"level":"info","message":"ℹ️ تم إزالة حقل username من المستندات"}
{"level":"info","message":"✅ تم حذف الفهرس القديم screenToken_1"}
{"level":"info","message":"✅ تم التأكد من وجود فهرس فريد على email"}
{"level":"info","message":"✅ تم إنشاء فهرس فريد لـ screenToken"}
{"level":"info","message":"ℹ️ لم يتم العثور على gifts.json، سيتم إنشاء الهدايا لاحقاً عبر API"}
{"level":"info","message":"✅ السيرفر يعمل على http://localhost:3000"}
{"level":"info","message":"🎵 الصوت عبر Cloudinary"}
{"level":"info","message":"🎬 الفيديو عبر Cloudinary"}
{"level":"info","message":"🖥️ دعم العميل المحلي لتنفيذ الكيبورد الحقيقي عبر /agent"}
{"level":"info","message":"✅ متصل بـ MongoDB"}
{"level":"info","message":"ℹ️ تم إزالة حقل username من المستندات"}
{"level":"info","message":"✅ تم حذف الفهرس القديم screenToken_1"}
{"level":"info","message":"✅ تم التأكد من وجود فهرس فريد على email"}
{"level":"info","message":"✅ تم إنشاء فهرس فريد لـ screenToken"}
{"level":"info","message":"ℹ️ لم يتم العثور على gifts.json، سيتم إنشاء الهدايا لاحقاً عبر API"}
{"level":"info","message":"✅ السيرفر يعمل على http://localhost:3000"}
{"level":"info","message":"🎵 الصوت عبر Cloudinary"}
{"level":"info","message":"🎬 الفيديو عبر Cloudinary"}
{"level":"info","message":"🖥️ دعم العميل المحلي لتنفيذ الكيبورد الحقيقي عبر /agent"}
{"level":"info","message":"✅ متصل بـ MongoDB"}
{"level":"info","message":"ℹ️ تم إزالة حقل username من المستندات"}
{"level":"info","message":"✅ تم حذف الفهرس القديم screenToken_1"}
{"level":"info","message":"✅ تم التأكد من وجود فهرس فريد على email"}
{"level":"info","message":"✅ تم إنشاء فهرس فريد لـ screenToken"}
{"level":"info","message":"ℹ️ لم يتم العثور على gifts.json، سيتم إنشاء الهدايا لاحقاً عبر API"}
{"level":"info","message":"✅ السيرفر يعمل على http://localhost:3000"}
{"level":"info","message":"🎵 الصوت عبر Cloudinary"}
{"level":"info","message":"🎬 الفيديو عبر Cloudinary"}
{"level":"info","message":"🖥️ دعم العميل المحلي لتنفيذ الكيبورد الحقيقي عبر /agent"}
{"level":"info","message":"✅ متصل بـ MongoDB"}
{"level":"info","message":"ℹ️ تم إزالة حقل username من المستندات"}
{"level":"info","message":"✅ تم حذف الفهرس القديم screenToken_1"}
{"level":"info","message":"✅ تم التأكد من وجود فهرس فريد على email"}
{"level":"info","message":"✅ تم إنشاء فهرس فريد لـ screenToken"}
{"level":"info","message":"ℹ️ لم يتم العثور على gifts.json، سيتم إنشاء الهدايا لاحقاً عبر API"}
{"level":"info","message":"✅ السيرفر يعمل على http://localhost:3000"}
{"level":"info","message":"🎵 الصوت عبر Cloudinary"}
{"level":"info","message":"🎬 الفيديو عبر Cloudinary"}
{"level":"info","message":"🖥️ دعم العميل المحلي لتنفيذ الكيبورد الحقيقي عبر /agent"}
{"level":"info","message":"✅ متصل بـ MongoDB"}
{"level":"info","message":"ℹ️ تم إزالة حقل username من المستندات"}
{"level":"info","message":"✅ تم حذف الفهرس القديم screenToken_1"}
{"level":"info","message":"✅ تم التأكد من وجود فهرس فريد على email"}
{"level":"info","message":"✅ تم إنشاء فهرس فريد لـ screenToken"}
{"level":"info","message":"ℹ️ لم يتم العثور على gifts.json، سيتم إنشاء الهدايا لاحقاً عبر API"}
{"level":"info","message":"Checking expired subscriptions..."}
{"level":"info","message":"✅ السيرفر يعمل على http://localhost:3000"}
{"level":"info","message":"🎵 الصوت عبر Cloudinary"}
{"level":"info","message":"🎬 الفيديو عبر Cloudinary"}
{"level":"info","message":"🖥️ دعم العميل المحلي لتنفيذ الكيبورد الحقيقي عبر /agent"}
{"level":"info","message":"✅ متصل بـ MongoDB"}
{"level":"info","message":"ℹ️ تم إزالة حقل username من المستندات"}
{"level":"info","message":"✅ تم حذف الفهرس القديم screenToken_1"}
{"level":"info","message":"✅ تم التأكد من وجود فهرس فريد على email"}
{"level":"info","message":"✅ تم إنشاء فهرس فريد لـ screenToken"}
{"level":"info","message":"ℹ️ لم يتم العثور على gifts.json، سيتم إنشاء الهدايا لاحقاً عبر API"}
{"level":"info","message":"✅ السيرفر يعمل على http://localhost:3000"}
{"level":"info","message":"🎵 الصوت عبر Cloudinary"}
{"level":"info","message":"🎬 الفيديو عبر Cloudinary"}
{"level":"info","message":"🖥️ دعم العميل المحلي لتنفيذ الكيبورد الحقيقي عبر /agent"}
{"level":"info","message":"✅ متصل بـ MongoDB"}
{"level":"info","message":"ℹ️ تم إزالة حقل username من المستندات"}
{"level":"info","message":"✅ تم حذف الفهرس القديم screenToken_1"}
{"level":"info","message":"✅ تم التأكد من وجود فهرس فريد على email"}
{"level":"info","message":"✅ تم إنشاء فهرس فريد لـ screenToken"}
{"level":"info","message":"ℹ️ لم يتم العثور على gifts.json، سيتم إنشاء الهدايا لاحقاً عبر API"}
{"level":"info","message":"Checking expired subscriptions..."}
{"level":"info","message":"✅ السيرفر يعمل على http://localhost:3000"}
{"level":"info","message":"🎵 الصوت عبر Cloudinary"}
{"level":"info","message":"🎬 الفيديو عبر Cloudinary"}
{"level":"info","message":"🖥️ دعم العميل المحلي لتنفيذ الكيبورد الحقيقي عبر /agent"}
{"level":"info","message":"✅ متصل بـ MongoDB"}
{"level":"info","message":"ℹ️ تم إزالة حقل username من المستندات"}
{"level":"info","message":"✅ تم حذف الفهرس القديم screenToken_1"}
{"level":"info","message":"✅ تم التأكد من وجود فهرس فريد على email"}
{"level":"info","message":"✅ تم إنشاء فهرس فريد لـ screenToken"}
{"level":"info","message":"ℹ️ لم يتم العثور على gifts.json، سيتم إنشاء الهدايا لاحقاً عبر API"}
{"level":"info","message":"✅ السيرفر يعمل على http://localhost:3000"}
{"level":"info","message":"🎵 الصوت عبر Cloudinary"}
{"level":"info","message":"🎬 الفيديو عبر Cloudinary"}
{"level":"info","message":"🖥️ دعم العميل المحلي لتنفيذ الكيبورد الحقيقي عبر /agent"}
{"level":"info","message":"✅ متصل بـ MongoDB"}
{"level":"info","message":"ℹ️ تم إزالة حقل username من المستندات"}
{"level":"info","message":"✅ تم حذف الفهرس القديم screenToken_1"}
{"level":"info","message":"✅ تم التأكد من وجود فهرس فريد على email"}
{"level":"info","message":"✅ تم إنشاء فهرس فريد لـ screenToken"}
{"level":"info","message":"ℹ️ لم يتم العثور على gifts.json، سيتم إنشاء الهدايا لاحقاً عبر API"}
{"level":"info","message":"✅ السيرفر يعمل على http://localhost:3000"}
{"level":"info","message":"🎵 الصوت عبر Cloudinary"}
{"level":"info","message":"🎬 الفيديو عبر Cloudinary"}
{"level":"info","message":"🖥️ دعم العميل المحلي لتنفيذ الكيبورد الحقيقي عبر /agent"}
{"level":"info","message":"✅ متصل بـ MongoDB"}
{"level":"info","message":"ℹ️ تم إزالة حقل username من المستندات"}
{"level":"info","message":"✅ تم حذف الفهرس القديم screenToken_1"}
{"level":"info","message":"✅ تم التأكد من وجود فهرس فريد على email"}
{"level":"info","message":"✅ تم إنشاء فهرس فريد لـ screenToken"}
{"level":"info","message":"ℹ️ لم يتم العثور على gifts.json، سيتم إنشاء الهدايا لاحقاً عبر API"}
{"level":"info","message":"✅ السيرفر يعمل على http://localhost:3000"}
{"level":"info","message":"🎵 الصوت عبر Cloudinary"}
{"level":"info","message":"🎬 الفيديو عبر Cloudinary"}
{"level":"info","message":"🖥️ دعم العميل المحلي لتنفيذ الكيبورد الحقيقي عبر /agent"}
{"level":"info","message":"✅ متصل بـ MongoDB"}
{"level":"info","message":"ℹ️ تم إزالة حقل username من المستندات"}
{"level":"info","message":"✅ تم حذف الفهرس القديم screenToken_1"}
{"level":"info","message":"✅ تم التأكد من وجود فهرس فريد على email"}
{"level":"info","message":"✅ تم إنشاء فهرس فريد لـ screenToken"}
{"level":"info","message":"ℹ️ لم يتم العثور على gifts.json، سيتم إنشاء الهدايا لاحقاً عبر API"}
{"level":"info","message":"✅ السيرفر يعمل على http://localhost:3000"}
{"level":"info","message":"🎵 الصوت عبر Cloudinary"}
{"level":"info","message":"🎬 الفيديو عبر Cloudinary"}
{"level":"info","message":"🖥️ دعم العميل المحلي لتنفيذ الكيبورد الحقيقي عبر /agent"}
{"level":"info","message":"✅ متصل بـ MongoDB"}
{"level":"info","message":"ℹ️ تم إزالة حقل username من المستندات"}
{"level":"info","message":"✅ تم حذف الفهرس القديم screenToken_1"}
{"level":"info","message":"✅ تم التأكد من وجود فهرس فريد على email"}
{"level":"info","message":"✅ تم إنشاء فهرس فريد لـ screenToken"}
{"level":"info","message":"ℹ️ لم يتم العثور على gifts.json، سيتم إنشاء الهدايا لاحقاً عبر API"}
{"level":"info","message":"✅ السيرفر يعمل على http://localhost:3000"}
{"level":"info","message":"🎵 الصوت عبر Cloudinary"}
{"level":"info","message":"🎬 الفيديو عبر Cloudinary"}
{"level":"info","message":"🖥️ دعم العميل المحلي لتنفيذ الكيبورد الحقيقي عبر /agent"}
{"level":"info","message":"✅ متصل بـ MongoDB"}
{"level":"info","message":"ℹ️ تم إزالة حقل username من المستندات"}
{"level":"info","message":"✅ تم حذف الفهرس القديم screenToken_1"}
{"level":"info","message":"✅ تم التأكد من وجود فهرس فريد على email"}
{"level":"info","message":"✅ تم إنشاء فهرس فريد لـ screenToken"}
{"level":"info","message":"ℹ️ لم يتم العثور على gifts.json، سيتم إنشاء الهدايا لاحقاً عبر API"}
{"level":"info","message":"✅ السيرفر يعمل على http://localhost:3000"}
{"level":"info","message":"🎵 الصوت عبر Cloudinary"}
{"level":"info","message":"🎬 الفيديو عبر Cloudinary"}
{"level":"info","message":"🖥️ دعم العميل المحلي لتنفيذ الكيبورد الحقيقي عبر /agent"}
{"level":"info","message":"✅ متصل بـ MongoDB"}
{"level":"info","message":"ℹ️ تم إزالة حقل username من المستندات"}
{"level":"info","message":"✅ تم حذف الفهرس القديم screenToken_1"}
{"level":"info","message":"✅ تم التأكد من وجود فهرس فريد على email"}
{"level":"info","message":"✅ تم إنشاء فهرس فريد لـ screenToken"}
{"level":"info","message":"ℹ️ لم يتم العثور على gifts.json، سيتم إنشاء الهدايا لاحقاً عبر API"}
{"level":"info","message":"✅ السيرفر يعمل على http://localhost:3000"}
{"level":"info","message":"🎵 الصوت عبر Cloudinary"}
{"level":"info","message":"🎬 الفيديو عبر Cloudinary"}
{"level":"info","message":"🖥️ دعم العميل المحلي لتنفيذ الكيبورد الحقيقي عبر /agent"}
{"level":"info","message":"✅ متصل بـ MongoDB"}
{"level":"info","message":"ℹ️ تم إزالة حقل username من المستندات"}
{"level":"info","message":"✅ تم حذف الفهرس القديم screenToken_1"}
{"level":"info","message":"✅ تم التأكد من وجود فهرس فريد على email"}
{"level":"info","message":"✅ تم إنشاء فهرس فريد لـ screenToken"}
{"level":"info","message":"ℹ️ لم يتم العثور على gifts.json، سيتم إنشاء الهدايا لاحقاً عبر API"}
{"level":"info","message":"✅ السيرفر يعمل على http://localhost:3000"}
{"level":"info","message":"🎵 الصوت عبر Cloudinary"}
{"level":"info","message":"🎬 الفيديو عبر Cloudinary"}
{"level":"info","message":"🖥️ دعم العميل المحلي لتنفيذ الكيبورد الحقيقي عبر /agent"}
{"level":"info","message":"✅ متصل بـ MongoDB"}
{"level":"info","message":"ℹ️ تم إزالة حقل username من المستندات"}
{"level":"info","message":"✅ تم حذف الفهرس القديم screenToken_1"}
{"level":"info","message":"✅ تم التأكد من وجود فهرس فريد على email"}
{"level":"info","message":"✅ تم إنشاء فهرس فريد لـ screenToken"}
{"level":"info","message":"ℹ️ لم يتم العثور على gifts.json، سيتم إنشاء الهدايا لاحقاً عبر API"}
{"level":"info","message":"✅ السيرفر يعمل على http://localhost:3000"}
{"level":"info","message":"🎵 الصوت عبر Cloudinary"}
{"level":"info","message":"🎬 الفيديو عبر Cloudinary"}
{"level":"info","message":"🖥️ دعم العميل المحلي لتنفيذ الكيبورد الحقيقي عبر /agent"}
{"level":"info","message":"✅ متصل بـ MongoDB"}
{"level":"info","message":"ℹ️ تم إزالة حقل username من المستندات"}
{"level":"info","message":"✅ تم حذف الفهرس القديم screenToken_1"}
{"level":"info","message":"✅ تم التأكد من وجود فهرس فريد على email"}
{"level":"info","message":"✅ تم إنشاء فهرس فريد لـ screenToken"}
{"level":"info","message":"ℹ️ لم يتم العثور على gifts.json، سيتم إنشاء الهدايا لاحقاً عبر API"}
{"level":"info","message":"✅ تم رفع الصوت إلى Cloudinary: https://res.cloudinary.com/dm9ixdpzz/raw/upload/v1781011443/blackmoon_audio/ssstik-io-1771529638623-1781011373920"}
{"level":"info","message":"✅ تم رفع الصوت إلى Cloudinary: https://res.cloudinary.com/dm9ixdpzz/raw/upload/v1781011659/blackmoon_audio/ssstik-io-1771529638623-1-1781011590576"}
{"level":"info","message":"✅ تم رفع الصوت إلى Cloudinary: https://res.cloudinary.com/dm9ixdpzz/raw/upload/v1781011669/blackmoon_audio/ssstik-io-1771529638623-1-1781011600180"}
{"level":"info","message":"✅ تم رفع الصوت إلى Cloudinary: https://res.cloudinary.com/dm9ixdpzz/raw/upload/v1781011923/blackmoon_audio/ssstik-io-1771529638623-1-1781011854659"}
{"level":"info","message":"♻️ تم تحديث الكاش للمستخدم 69c8442dff8e24bfd57a8772"}
{"level":"info","message":"Checking expired subscriptions..."}
{"level":"info","message":"✅ السيرفر يعمل على http://localhost:3000"}
{"level":"info","message":"🎵 الصوت عبر Cloudinary"}
{"level":"info","message":"🎬 الفيديو عبر Cloudinary"}
{"level":"info","message":"🖥️ دعم العميل المحلي لتنفيذ الكيبورد الحقيقي عبر /agent"}
{"level":"info","message":"✅ متصل بـ MongoDB"}
{"level":"info","message":"ℹ️ تم إزالة حقل username من المستندات"}
{"level":"info","message":"✅ تم حذف الفهرس القديم screenToken_1"}
{"level":"info","message":"✅ تم التأكد من وجود فهرس فريد على email"}
{"level":"info","message":"✅ تم إنشاء فهرس فريد لـ screenToken"}
{"level":"info","message":"ℹ️ لم يتم العثور على gifts.json، سيتم إنشاء الهدايا لاحقاً عبر API"}
{"level":"info","message":"✅ السيرفر يعمل على http://localhost:3000"}
{"level":"info","message":"🎵 الصوت عبر Cloudinary"}
{"level":"info","message":"🎬 الفيديو عبر Cloudinary"}
{"level":"info","message":"🖥️ دعم العميل المحلي لتنفيذ الكيبورد الحقيقي عبر /agent"}
{"level":"info","message":"✅ متصل بـ MongoDB"}
{"level":"info","message":"ℹ️ تم إزالة حقل username من المستندات"}
{"level":"info","message":"✅ تم حذف الفهرس القديم screenToken_1"}
{"level":"info","message":"✅ تم التأكد من وجود فهرس فريد على email"}
{"level":"info","message":"✅ تم إنشاء فهرس فريد لـ screenToken"}
{"level":"info","message":"ℹ️ لم يتم العثور على gifts.json، سيتم إنشاء الهدايا لاحقاً عبر API"}
{"level":"info","message":"✅ السيرفر يعمل على http://localhost:3000"}
{"level":"info","message":"🎵 الصوت عبر Cloudinary"}
{"level":"info","message":"🎬 الفيديو عبر Cloudinary"}
{"level":"info","message":"🖥️ دعم العميل المحلي لتنفيذ الكيبورد الحقيقي عبر /agent"}
{"level":"info","message":"✅ متصل بـ MongoDB"}
{"level":"info","message":"ℹ️ تم إزالة حقل username من المستندات"}
{"level":"info","message":"✅ تم حذف الفهرس القديم screenToken_1"}
{"level":"info","message":"✅ تم التأكد من وجود فهرس فريد على email"}
{"level":"info","message":"✅ تم إنشاء فهرس فريد لـ screenToken"}
{"level":"info","message":"ℹ️ لم يتم العثور على gifts.json، سيتم إنشاء الهدايا لاحقاً عبر API"}
{"level":"info","message":"✅ السيرفر يعمل على http://localhost:3000"}
{"level":"info","message":"🎵 الصوت عبر Cloudinary"}
{"level":"info","message":"🎬 الفيديو عبر Cloudinary"}
{"level":"info","message":"🖥️ دعم العميل المحلي لتنفيذ الكيبورد الحقيقي عبر /agent"}
{"level":"info","message":"✅ متصل بـ MongoDB"}
{"level":"info","message":"ℹ️ تم إزالة حقل username من المستندات"}
{"level":"info","message":"✅ تم حذف الفهرس القديم screenToken_1"}
{"level":"info","message":"✅ تم التأكد من وجود فهرس فريد على email"}
{"level":"info","message":"✅ تم إنشاء فهرس فريد لـ screenToken"}
{"level":"info","message":"ℹ️ لم يتم العثور على gifts.json، سيتم إنشاء الهدايا لاحقاً عبر API"}
{"level":"info","message":"✅ السيرفر يعمل على http://localhost:3000"}
{"level":"info","message":"🎵 الصوت عبر Cloudinary"}
{"level":"info","message":"🎬 الفيديو عبر Cloudinary"}
{"level":"info","message":"🖥️ دعم العميل المحلي لتنفيذ الكيبورد الحقيقي عبر /agent"}
{"level":"info","message":"✅ متصل بـ MongoDB"}
{"level":"info","message":"ℹ️ تم إزالة حقل username من المستندات"}
{"level":"info","message":"✅ تم حذف الفهرس القديم screenToken_1"}
{"level":"info","message":"✅ تم التأكد من وجود فهرس فريد على email"}
{"level":"info","message":"✅ تم إنشاء فهرس فريد لـ screenToken"}
{"level":"info","message":"ℹ️ لم يتم العثور على gifts.json، سيتم إنشاء الهدايا لاحقاً عبر API"}
{"level":"info","message":"🖥️ العميل المحلي للمستخدم 69c8442dff8e24bfd57a8772 متصل"}
{"level":"info","message":"🖥️ العميل المحلي للمستخدم 69c8442dff8e24bfd57a8772 قطع الاتصال"}
{"level":"info","message":"🖥️ العميل المحلي للمستخدم 69c8442dff8e24bfd57a8772 متصل"}
{"level":"info","message":"🖥️ العميل المحلي للمستخدم 69c8442dff8e24bfd57a8772 قطع الاتصال"}
{"level":"info","message":"🖥️ العميل المحلي للمستخدم 69c8442dff8e24bfd57a8772 متصل"}
{"level":"info","message":"🖥️ العميل المحلي للمستخدم 69c8442dff8e24bfd57a8772 قطع الاتصال"}
{"level":"info","message":"🖥️ العميل المحلي للمستخدم 69c8442dff8e24bfd57a8772 متصل"}
{"level":"info","message":"🖥️ العميل المحلي للمستخدم 69c8442dff8e24bfd57a8772 قطع الاتصال"}
{"level":"info","message":"Checking expired subscriptions..."}
{"level":"info","message":"🖥️ العميل المحلي للمستخدم 69c8442dff8e24bfd57a8772 متصل"}
{"level":"info","message":"🖥️ العميل المحلي للمستخدم 69c8442dff8e24bfd57a8772 قطع الاتصال"}
{"level":"info","message":"✅ السيرفر يعمل على http://localhost:3000"}
{"level":"info","message":"🎵 الصوت عبر Cloudinary"}
{"level":"info","message":"🎬 الفيديو عبر Cloudinary"}
{"level":"info","message":"🖥️ دعم العميل المحلي لتنفيذ الكيبورد الحقيقي عبر /agent"}
{"level":"info","message":"✅ متصل بـ MongoDB"}
{"level":"info","message":"ℹ️ تم إزالة حقل username من المستندات"}
{"level":"info","message":"✅ تم حذف الفهرس القديم screenToken_1"}
{"level":"info","message":"✅ تم التأكد من وجود فهرس فريد على email"}
{"level":"info","message":"✅ تم إنشاء فهرس فريد لـ screenToken"}
{"level":"info","message":"ℹ️ لم يتم العثور على gifts.json، سيتم إنشاء الهدايا لاحقاً عبر API"}
{"level":"info","message":"✅ السيرفر يعمل على http://localhost:3000"}
{"level":"info","message":"🎵 الصوت عبر Cloudinary"}
{"level":"info","message":"🎬 الفيديو عبر Cloudinary"}
{"level":"info","message":"🖥️ دعم العميل المحلي لتنفيذ الكيبورد الحقيقي عبر /agent"}
{"level":"info","message":"✅ متصل بـ MongoDB"}
{"level":"info","message":"ℹ️ تم إزالة حقل username من المستندات"}
{"level":"info","message":"✅ تم حذف الفهرس القديم screenToken_1"}
{"level":"info","message":"✅ تم التأكد من وجود فهرس فريد على email"}
{"level":"info","message":"✅ تم إنشاء فهرس فريد لـ screenToken"}
{"level":"info","message":"ℹ️ لم يتم العثور على gifts.json، سيتم إنشاء الهدايا لاحقاً عبر API"}
{"level":"info","message":"🖥️ العميل المحلي للمستخدم 69c8442dff8e24bfd57a8772 متصل"}
{"level":"info","message":"🖥️ العميل المحلي للمستخدم 69c8442dff8e24bfd57a8772 قطع الاتصال"}
{"level":"info","message":"🖥️ العميل المحلي للمستخدم 69c8442dff8e24bfd57a8772 متصل"}
{"level":"info","message":"🖥️ العميل المحلي للمستخدم 69c8442dff8e24bfd57a8772 متصل"}
{"level":"info","message":"🖥️ العميل المحلي للمستخدم 69c8442dff8e24bfd57a8772 قطع الاتصال"}
{"level":"info","message":"🖥️ العميل المحلي للمستخدم 69c8442dff8e24bfd57a8772 متصل"}
{"level":"info","message":"🖥️ العميل المحلي للمستخدم 69c8442dff8e24bfd57a8772 قطع الاتصال"}
{"level":"info","message":"🖥️ العميل المحلي للمستخدم 69c8442dff8e24bfd57a8772 متصل"}
{"level":"info","message":"🖥️ العميل المحلي للمستخدم 69c8442dff8e24bfd57a8772 قطع الاتصال"}
